1.3685041153068714e+07 -3.7537944554557651e+05 8.2427682910546660e+04 3.1220174170494080e+04
1.3685042153068714e+07 -3.7539729542330652e+05 8.2376511586070061e+04 3.1192060024663806e+04
1.3685043153068714e+07 -3.7541513576462120e+05 8.2325338238984346e+04 3.1163945117160678e+04
1.3685044153068714e+07 -3.7543296656241268e+05 8.2274162872850895e+04 3.1135829449638724e+04
1.3685045153068714e+07 -3.7545078782001138e+05 8.2222985487878323e+04 3.1107713022395968e+04
1.3685046153068714e+07 -3.7546859954074025e+05 8.2171806084379554e+04 3.1079595835663378e+04
1.3685047153068714e+07 -3.7548640171750635e+05 8.2120624665826559e+04 3.1051477891147137e+04
1.3685048153068714e+07 -3.7550419435362518e+05 8.2069441232547164e+04 3.1023359189085662e+04
1.3685049153068714e+07 -3.7552197745241970e+05 8.2018255784794688e+04 3.0995239729739726e+04
1.3685050153068714e+07 -3.7553975100678951e+05 8.1967068326041102e+04 3.0967119514808059e+04
1.3685051153068714e+07 -3.7555751502355188e+05 8.1915878855556250e+04 3.0938998544059694e+04
1.3685052153068714e+07 -3.7557526949557662e+05 8.1864687376797199e+04 3.0910876819193363e+04
1.3685053153068714e+07 -3.7559301442621648e+05 8.1813493890032172e+04 3.0882754340469837e+04
1.3685054153068714e+07 -3.7561074981879443e+05 8.1762298395544291e+04 3.0854631108112633e+04
1.3685055153068714e+07 -3.7562847566619515e+05 8.1711100896894932e+04 3.0826507123850286e+04
1.3685056153068714e+07 -3.7564619197176397e+05 8.1659901394292712e+04 3.0798382387913764e+04
1.3685057153068714e+07 -3.7566389873882383e+05 8.1608699888035655e+04 3.0770256900578737e+04
1.3685058153068714e+07 -3.7568159596027434e+05 8.1557496381625533e+04 3.0742130663499236e+04
1.3685059153068714e+07 -3.7569928364291042e+05 8.1506290874287486e+04 3.0714003676496446e+04
1.3685060153068714e+07 -3.7571696177964658e+05 8.1455083369478583e+04 3.0685875941231847e+04
1.3685061153068714e+07 -3.7573463037379831e+05 8.1403873867511749e+04 3.0657747457966208e+04
1.3685062153068714e+07 -3.7575228942871094e+05 8.1352662368655205e+04 3.0629618226967752e+04
1.3685063153068714e+07 -3.7576993893728405e+05 8.1301448876425624e+04 3.0601488249912858e+04
1.3685064153068714e+07 -3.7578757890631258e+05 8.1250233389988542e+04 3.0573357526563108e+04
1.3685065153068714e+07 -3.7580520932869613e+05 8.1199015912890434e+04 3.0545226058654487e+04
1.3685066153068714e+07 -3.7582283020776510e+05 8.1147796445369720e+04 3.0517093846395612e+04
1.3685067153068714e+07 -3.7584044154687226e+05 8.1096574987724423e+04 3.0488960890069604e+04
1.3685068153068714e+07 -3.7585804333889484e+05 8.1045351543441415e+04 3.0460827191352844e+04
1.3685069153068714e+07 -3.7587563559065759e+05 8.0994126111760736e+04 3.0432692750029266e+04
1.3685070153068714e+07 -3.7589321829504520e+05 8.0942898696169257e+04 3.0404557567797601e+04
1.3685071153068714e+07 -3.7591079145888239e+05 8.0891669295832515e+04 3.0376421644404531e+04
1.3685072153068714e+07 -3.7592835507506132e+05 8.0840437914282084e+04 3.0348284981563687e+04
1.3685073153068714e+07 -3.7594590915040672e+05 8.0789204550728202e+04 3.0320147579044104e+04
1.3685074153068714e+07 -3.7596345367779583e+05 8.0737969208657742e+04 3.0292009438551962e+04
1.3685075153068714e+07 -3.7598098866056651e+05 8.0686731888324022e+04 3.0263870560310781e+04
1.3685076153068714e+07 -3.7599851410207897e+05 8.0635492590069771e+04 3.0235730944596231e+04
1.3685077153068714e+07 -3.7601602999521047e+05 8.0584251317337155e+04 3.0207590593092144e+04
1.3685078153068714e+07 -3.7603353634677827e+05 8.0533008069351315e+04 3.0179449505582452e+04
1.3685079153068714e+07 -3.7605103314969689e+05 8.0481762849643826e+04 3.0151307683750987e+04
1.3685080153068714e+07 -3.7606852041076869e+05 8.0430515657350421e+04 3.0123165127374232e+04
1.3685081153068714e+07 -3.7608599812289327e+05 8.0379266496017575e+04 3.0095021838136017e+04
1.3685082153068714e+07 -3.7610346629288793e+05 8.0328015364825726e+04 3.0066877815827727e+04
1.3685083153068714e+07 -3.7612092491365224e+05 8.0276762267291546e+04 3.0038733062118292e+04
1.3685084153068714e+07 -3.7613837399201095e+05 8.0225507202610373e+04 3.0010587576791644e+04
1.3685085153068714e+07 -3.7615581352085620e+05 8.0174250174298882e+04 2.9982441361553967e+04
1.3685086153068714e+07 -3.7617324350700527e+05 8.0122991181537509e+04 2.9954294416166842e+04
1.3685087153068714e+07 -3.7619066394335032e+05 8.0071730227842927e+04 2.9926146742321551e+04
1.3685088153068714e+07 -3.7620807483673841e+05 8.0020467312395573e+04 2.9897998339787126e+04
1.3685089153068714e+07 -3.7622547618004680e+05 7.9969202438741922e+04 2.9869849210247397e+04
1.3685090153068714e+07 -3.7624286798009276e+05 7.9917935606017709e+04 2.9841699353516102e+04
1.3685091153068714e+07 -3.7626025023327768e+05 7.9866666816681623e+04 2.9813548770762980e+04
1.3685092153068714e+07 -3.7627762293595821e+05 7.9815396073162556e+04 2.9785397463217378e+04
1.3685093153068714e+07 -3.7629498609497398e+05 7.9764123374670744e+04 2.9757245430655777e+04
1.3685094153068714e+07 -3.7631233970320970e+05 7.9712848724707961e+04 2.9729092674754560e+04
1.3685095153068714e+07 -3.7632968376750499e+05 7.9661572122469544e+04 2.9700939195305109e+04
1.3685096153068714e+07 -3.7634701828075200e+05 7.9610293571442366e+04 2.9672784993998706e+04
1.3685097153068714e+07 -3.7636434324976802e+05 7.9559013070821762e+04 2.9644630070582032e+04
1.3685098153068714e+07 -3.7638165866745263e+05 7.9507730624154210e+04 2.9616474426776171e+04
1.3685099153068714e+07 -3.7639896454064548e+05 7.9456446230575442e+04 2.9588318062342703e+04
1.3685100153068714e+07 -3.7641626086571068e+05 7.9405159892559052e+04 2.9560160978496075e+04
1.3685101153068714e+07 -3.7643354763904214e+05 7.9353871612519026e+04 2.9532003176458180e+04
1.3685102153068714e+07 -3.7645082486746460e+05 7.9302581389680505e+04 2.9503844655960798e+04
1.3685103153068714e+07 -3.7646809254386276e+05 7.9251289227515459e+04 2.9475685418754816e+04
1.3685104153068714e+07 -3.7648535067508370e+05 7.9199995125204325e+04 2.9447525464564562e+04
1.3685105153068714e+07 -3.7650259925749898e+05 7.9148699085190892e+04 2.9419364794634283e+04
1.3685106153068714e+07 -3.7651983828749508e+05 7.9097401109933853e+04 2.9391203410163522e+04
1.3685107153068714e+07 -3.7653706777188927e+05 7.9046101198598742e+04 2.9363041310913861e+04
1.3685108153068714e+07 -3.7655428770359606e+05 7.8994799354702234e+04 2.9334878498606384e+04
1.3685109153068714e+07 -3.7657149808943272e+05 7.8943495577409863e+04 2.9306714972972870e+04
1.3685110153068714e+07 -3.7658869892578572e+05 7.8892189869180322e+04 2.9278550735250115e+04
1.3685111153068714e+07 -3.7660589020905644e+05 7.8840882232457399e+04 2.9250385786660016e+04
1.3685112153068714e+07 -3.7662307194603980e+05 7.8789572666406631e+04 2.9222220126956701e+04
1.3685113153068714e+07 -3.7664024413315207e+05 7.8738261173442006e+04 2.9194053757354617e+04
1.3685114153068714e+07 -3.7665740676675737e+05 7.8686947756052017e+04 2.9165886679068208e+04
1.3685115153068714e+07 -3.7667455985368788e+05 7.8635632413372397e+04 2.9137718891859055e+04
1.3685116153068714e+07 -3.7669170339033753e+05 7.8584315147846937e+04 2.9109550396963954e+04
1.3685117153068714e+07 -3.7670883737308532e+05 7.8532995961934328e+04 2.9081381195582449e+04
1.3685118153068714e+07 -3.7672596180876344e+05 7.8481674854785204e+04 2.9053211287468672e+04
1.3685119153068714e+07 -3.7674307669373602e+05 7.8430351828843355e+04 2.9025040673859417e+04
1.3685120153068714e+07 -3.7676018202443421e+05 7.8379026886552572e+04 2.8996869355954230e+04
1.3685121153068714e+07 -3.7677727780764550e+05 7.8327700027078390e+04 2.8968697333522141e+04
1.3685122153068714e+07 -3.7679436403978616e+05 7.8276371252879500e+04 2.8940524607777596e+04
1.3685123153068714e+07 -3.7681144071722031e+05 7.8225040566340089e+04 2.8912351179942489e+04
1.3685124153068714e+07 -3.7682850784679502e+05 7.8173707966715097e+04 2.8884177049793303e+04
1.3685125153068714e+07 -3.7684556542488188e+05 7.8122373456388712e+04 2.8856002218499780e+04
1.3685126153068714e+07 -3.7686261344788969e+05 7.8071037037804723e+04 2.8827826687321067e+04
1.3685127153068714e+07 -3.7687965192264318e+05 7.8019698710143566e+04 2.8799650456011295e+04
1.3685128153068714e+07 -3.7689668084551394e+05 7.7968358475834131e+04 2.8771473525770009e+04
1.3685129153068714e+07 -3.7691370021639019e+05 7.7917016336262226e+04 2.8743295897334814e+04
1.3685130153068714e+07 -3.7693071003164351e+05 7.7865672293797135e+04 2.8715117571935058e+04
1.3685131153068714e+07 -3.7694771029812843e+05 7.7814326347678900e+04 2.8686938549332321e+04
1.3685132153068714e+07 -3.7696470101221651e+05 7.7762978500321507e+04 2.8658758830726147e+04
1.3685133153068714e+07 -3.7698168217378110e+05 7.7711628753066063e+04 2.8630578416854143e+04
1.3685134153068714e+07 -3.7699865377922356e+05 7.7660277108356357e+04 2.8602397308923304e+04
1.3685135153068714e+07 -3.7701561583536863e+05 7.7608923565343022e+04 2.8574215506717563e+04
1.3685136153068714e+07 -3.7703256833860278e+05 7.7557568126529455e+04 2.8546033011451364e+04
1.3685137153068714e+07 -3.7704951128879935e+05 7.7506210793197155e+04 2.8517849823839962e+04
1.3685138153068714e+07 -3.7706644468235224e+05 7.7454851567804813e+04 2.8489665945090353e+04
1.3685139153068714e+07 -3.7708336852609366e+05 7.7403490449532866e+04 2.8461481375001371e+04
1.3685140153068714e+07 -3.7710028281641006e+05 7.7352127440810204e+04 2.8433296114765108e+04
1.3685141153068714e+07 -3.7711718755318969e+05 7.7300762542992830e+04 2.8405110165104270e+04
1.3685142153068714e+07 -3.7713408273281157e+05 7.7249395758524537e+04 2.8376923527248204e+04
1.3685143153068714e+07 -3.7715096836210787e+05 7.7198027086555958e+04 2.8348736200958490e+04
1.3685144153068714e+07 -3.7716784443747997e+05 7.7146656529545784e+04 2.8320548187442124e+04
1.3685145153068714e+07 -3.7718471095879376e+05 7.7095284088835120e+04 2.8292359487436712e+04
1.3685146153068714e+07 -3.7720156792593002e+05 7.7043909765765071e+04 2.8264170101672411e+04
1.3685147153068714e+07 -3.7721841533528268e+05 7.6992533562794328e+04 2.8235980031363666e+04
1.3685148153068714e+07 -3.7723525319367647e+05 7.6941155479073524e+04 2.8207789276279509e+04
1.3685149153068714e+07 -3.7725208149751276e+05 7.6889775517046452e+04 2.8179597837619483e+04
1.3685150153068714e+07 -3.7726890024666488e+05 7.6838393678054214e+04 2.8151405716136098e+04
1.3685151153068714e+07 -3.7728570944100618e+05 7.6787009963452816e+04 2.8123212912537158e+04
1.3685152153068714e+07 -3.7730250908041000e+05 7.6735624374613166e+04 2.8095019427567720e+04
1.3685153153068714e+07 -3.7731929916128516e+05 7.6684236913949251e+04 2.8066825262427330e+04
1.3685154153068714e+07 -3.7733607969045639e+05 7.6632847580626607e+04 2.8038630416899920e+04
1.3685155153068714e+07 -3.7735285066431761e+05 7.6581456377103925e+04 2.8010434892185032e+04
1.3685156153068714e+07 -3.7736961208274961e+05 7.6530063304677606e+04 2.7982238689035177e+04
1.3685157153068714e+07 -3.7738636394563317e+05 7.6478668364793062e+04 2.7954041808150709e+04
1.3685158153068714e+07 -3.7740310625282675e+05 7.6427271558701992e+04 2.7925844250276685e+04
1.3685159153068714e+07 -3.7741983900422603e+05 7.6375872887790203e+04 2.7897646016150713e+04
1.3685160153068714e+07 -3.7743656219622493e+05 7.6324472354516387e+04 2.7869447106972337e+04
1.3685161153068714e+07 -3.7745327583565563e+05 7.6273069958031178e+04 2.7841247522503138e+04
1.3685162153068714e+07 -3.7746997991892695e+05 7.6221665700763464e+04 2.7813047263979912e+04
1.3685163153068714e+07 -3.7748667444588989e+05 7.6170259584069252e+04 2.7784846332110465e+04
1.3685164153068714e+07 -3.7750335941644758e+05 7.6118851609319448e+04 2.7756644727632403e+04
1.3685165153068714e+07 -3.7752003483047336e+05 7.6067441777825356e+04 2.7728442451275885e+04
1.3685166153068714e+07 -3.7753670068784058e+05 7.6016030090942979e+04 2.7700239503785968e+04
1.3685167153068714e+07 -3.7755335698843002e+05 7.5964616550043225e+04 2.7672035885863006e+04
1.3685168153068714e+07 -3.7757000373212248e+05 7.5913201156437397e+04 2.7643831598259509e+04
1.3685169153068714e+07 -3.7758664091531187e+05 7.5861783912613988e+04 2.7615626642182469e+04
1.3685170153068714e+07 -3.7760326854485273e+05 7.5810364817693830e+04 2.7587421017400920e+04
1.3685171153068714e+07 -3.7761988661713153e+05 7.5758943874135613e+04 2.7559214725121856e+04
1.3685172153068714e+07 -3.7763649513202906e+05 7.5707521083265543e+04 2.7531007766075432e+04
1.3685173153068714e+07 -3.7765309408941865e+05 7.5656096446484327e+04 2.7502800140984356e+04
1.3685174153068714e+07 -3.7766968348920345e+05 7.5604669965088367e+04 2.7474591850601137e+04
1.3685175153068714e+07 -3.7768626333124936e+05 7.5553241640448570e+04 2.7446382895641029e+04
1.3685176153068714e+07 -3.7770283361542970e+05 7.5501811473920941e+04 2.7418173276826739e+04
1.3685177153068714e+07 -3.7771939434164762e+05 7.5450379466816783e+04 2.7389962994895875e+04
1.3685178153068714e+07 -3.7773594550975412e+05 7.5398945620507002e+04 2.7361752050586045e+04
1.3685179153068714e+07 -3.7775248711965978e+05 7.5347509936347604e+04 2.7333540444619954e+04
1.3685180153068714e+07 -3.7776901917123049e+05 7.5296072415679693e+04 2.7305328177720308e+04
1.3685181153068714e+07 -3.7778554166435450e+05 7.5244633059844375e+04 2.7277115250624716e+04
1.3685182153068714e+07 -3.7780205459891260e+05 7.5193191870197654e+04 2.7248901664078236e+04
1.3685183153068714e+07 -3.7781855797479302e+05 7.5141748848080635e+04 2.7220687418781221e+04
1.3685184153068714e+07 -3.7783505179186165e+05 7.5090303994819522e+04 2.7192472515486181e+04
1.3685185153068714e+07 -3.7785153605003655e+05 7.5038857311800122e+04 2.7164256954908371e+04
1.3685186153068714e+07 -3.7786801074915379e+05 7.4987408800378442e+04 2.7136040737785399e+04
1.3685187153068714e+07 -3.7788447588913143e+05 7.4935958461835980e+04 2.7107823864839971e+04
1.3685188153068714e+07 -3.7790093146983534e+05 7.4884506297603250e+04 2.7079606336809695e+04
1.3685189153068714e+07 -3.7791737749116868e+05 7.4833052308961749e+04 2.7051388154417276e+04
1.3685190153068714e+07 -3.7793381395299733e+05 7.4781596497282386e+04 2.7023169318392873e+04
1.3685191153068714e+07 -3.7795024085520953e+05 7.4730138863891363e+04 2.6994949829481542e+04
1.3685192153068714e+07 -3.7796665819770843e+05 7.4678679410189390e+04 2.6966729688391089e+04
1.3685193153068714e+07 -3.7798306598034501e+05 7.4627218137472868e+04 2.6938508895866573e+04
1.3685194153068714e+07 -3.7799946420304477e+05 7.4575755047127604e+04 2.6910287452615798e+04
1.3685195153068714e+07 -3.7801585286565870e+05 7.4524290140464902e+04 2.6882065359398723e+04
1.3685196153068714e+07 -3.7803223196808249e+05 7.4472823418855667e+04 2.6853842616923153e+04
1.3685197153068714e+07 -3.7804860151022673e+05 7.4421354883611202e+04 2.6825619225919247e+04
1.3685198153068714e+07 -3.7806496149193496e+05 7.4369884536117315e+04 2.6797395187139511e+04
1.3685199153068714e+07 -3.7808131191312522e+05 7.4318412377700210e+04 2.6769170501276851e+04
1.3685200153068714e+07 -3.7809765277367830e+05 7.4266938409745693e+04 2.6740945169091225e+04
1.3685201153068714e+07 -3.7811398407693952e+05 7.4215462632462382e+04 2.6712719190806150e+04
1.3685202153068714e+07 -3.7813030581587553e+05 7.4163985049352050e+04 2.6684492568127811e+04
1.3685203153068714e+07 -3.7814661799382418e+05 7.4112505660772324e+04 2.6656265301309526e+04
1.3685204153068714e+07 -3.7816292061068118e+05 7.4061024467989802e+04 2.6628037391066551e+04
1.3685205153068714e+07 -3.7817921366634965e+05 7.4009541472345591e+04 2.6599808838136494e+04
1.3685206153068714e+07 -3.7819549716068804e+05 7.3958056675240397e+04 2.6571579643249512e+04
1.3685207153068714e+07 -3.7821177109359950e+05 7.3906570077985525e+04 2.6543349807120860e+04
1.3685208153068714e+07 -3.7822803546497971e+05 7.3855081681922078e+04 2.6515119330495596e+04
1.3685209153068714e+07 -3.7824429027471691e+05 7.3803591488420963e+04 2.6486888214096427e+04
1.3685210153068714e+07 -3.7826053552268445e+05 7.3752099498793483e+04 2.6458656458660960e+04
1.3685211153068714e+07 -3.7827677121226490e+05 7.3700605713307858e+04 2.6430424064420164e+04
1.3685212153068714e+07 -3.7829299733638018e+05 7.3649110135540366e+04 2.6402191033072770e+04
1.3685213153068714e+07 -3.7830921389842033e+05 7.3597612765669823e+04 2.6373957364864647e+04
1.3685214153068714e+07 -3.7832542089825124e+05 7.3546113605111837e+04 2.6345723060533404e+04
1.3685215153068714e+07 -3.7834161833576113e+05 7.3494612655162811e+04 2.6317488120801747e+04
1.3685216153068714e+07 -3.7835780621086806e+05 7.3443109917178750e+04 2.6289252546399832e+04
1.3685217153068714e+07 -3.7837398452692479e+05 7.3391605391412973e+04 2.6261016337566078e+04
1.3685218153068714e+07 -3.7839015327686071e+05 7.3340099081426859e+04 2.6232779496006668e+04
1.3685219153068714e+07 -3.7840631246405095e+05 7.3288590987443924e+04 2.6204542021952569e+04
1.3685220153068714e+07 -3.7842246208838373e+05 7.3237081110790372e+04 2.6176303916141391e+04
1.3685221153068714e+07 -3.7843860214975476e+05 7.3185569452852011e+04 2.6148065179303288e+04
1.3685222153068714e+07 -3.7845473264806718e+05 7.3134056014984846e+04 2.6119825812168419e+04
1.3685223153068714e+07 -3.7847085358666629e+05 7.3082540797397494e+04 2.6091585814982653e+04
1.3685224153068714e+07 -3.7848696495851874e+05 7.3031023803621531e+04 2.6063345189429820e+04
1.3685225153068714e+07 -3.7850306676696241e+05 7.2979505033954978e+04 2.6035103935763240e+04
1.3685226153068714e+07 -3.7851915901190788e+05 7.2927984489694238e+04 2.6006862054713070e+04
1.3685227153068714e+07 -3.7853524169325829e+05 7.2876462172210217e+04 2.5978619547002017e+04
1.3685228153068714e+07 -3.7855131481435895e+05 7.2824938081771135e+04 2.5950376412875950e+04
1.3685229153068714e+07 -3.7856737836816907e+05 7.2773412221878767e+04 2.5922132654041052e+04
1.3685230153068714e+07 -3.7858343235806376e+05 7.2721884592801332e+04 2.5893888270713389e+04
1.3685231153068714e+07 -3.7859947678392380e+05 7.2670355195865035e+04 2.5865643263660371e+04
1.3685232153068714e+07 -3.7861551164910942e+05 7.2618824031352997e+04 2.5837397633105516e+04
1.3685233153068714e+07 -3.7863153694658726e+05 7.2567291102752090e+04 2.5809151380740106e+04
1.3685234153068714e+07 -3.7864755267973244e+05 7.2515756410360336e+04 2.5780904506810009e+04
1.3685235153068714e+07 -3.7866355884841084e+05 7.2464219955503941e+04 2.5752657012060285e+04
1.3685236153068714e+07 -3.7867955545600504e+05 7.2412681738451123e+04 2.5724408896706998e+04
1.3685237153068714e+07 -3.7869554249547422e+05 7.2361141762688756e+04 2.5696160162478685e+04
1.3685238153068714e+07 -3.7871151997018605e+05 7.2309600028514862e+04 2.5667910809591413e+04
1.3685239153068714e+07 -3.7872748788001388e+05 7.2258056537255645e+04 2.5639660838782787e+04
1.3685240153068714e+07 -3.7874344622834772e+05 7.2206511289164424e+04 2.5611410250298679e+04
1.3685241153068714e+07 -3.7875939500815421e+05 7.2154964287772775e+04 2.5583159045837820e+04
1.3685242153068714e+07 -3.7877533422274888e+05 7.2103415533304214e+04 2.5554907225638628e+04
1.3685243153068714e+07 -3.7879126387555897e+05 7.2051865026056767e+04 2.5526654789954424e+04
1.3685244153068714e+07 -3.7880718395950645e+05 7.2000312769562006e+04 2.5498401740461588e+04
1.3685245153068714e+07 -3.7882309447796643e+05 7.1948758764013648e+04 2.5470148077420890e+04
1.3685246153068714e+07 -3.7883899543430656e+05 7.1897203009739518e+04 2.5441893801078200e+04
1.3685247153068714e+07 -3.7885488682150096e+05 7.1845645510196686e+04 2.5413638913109899e+04
1.3685248153068714e+07 -3.7887076864288002e+05 7.1794086265698075e+04 2.5385383413776755e+04
1.3685249153068714e+07 -3.7888664089838415e+05 7.1742525277554989e+04 2.5357127303801477e+04
1.3685250153068714e+07 -3.7890250359135866e+05 7.1690962546005845e+04 2.5328870583422482e+04
1.3685251153068714e+07 -3.7891835671477020e+05 7.1639398074626923e+04 2.5300613254360855e+04
1.3685252153068714e+07 -3.7893420027198642e+05 7.1587831863626838e+04 2.5272355316817760e+04
1.3685253153068714e+07 -3.7895003426636755e+05 7.1536263913273811e+04 2.5244096771068871e+04
1.3685254153068714e+07 -3.7896585869089514e+05 7.1484694227114320e+04 2.5215837618798018e+04
1.3685255153068714e+07 -3.7898167355239391e+05 7.1433122804269195e+04 2.5187577859759331e+04
1.3685256153068714e+07 -3.7899747884381562e+05 7.1381549648284912e+04 2.5159317495658994e+04
1.3685257153068714e+07 -3.7901327456854284e+05 7.1329974759444594e+04 2.5131056526750326e+04
1.3685258153068714e+07 -3.7902906072995812e+05 7.1278398137956858e+04 2.5102794953249395e+04
1.3685259153068714e+07 -3.7904483732100576e+05 7.1226819787368178e+04 2.5074532776862383e+04
1.3685260153068714e+07 -3.7906060434505343e+05 7.1175239707916975e+04 2.5046269997842610e+04
1.3685261153068714e+07 -3.7907636180548370e+05 7.1123657899856567e+04 2.5018006616421044e+04
1.3685262153068714e+07 -3.7909210969524831e+05 7.1072074366763234e+04 2.4989742634303868e+04
1.3685263153068714e+07 -3.7910784802120924e+05 7.1020489107728004e+04 2.4961478051237762e+04
1.3685264153068714e+07 -3.7912357677629590e+05 7.0968902126327157e+04 2.4933212868928909e+04
1.3685265153068714e+07 -3.7913929596391320e+05 7.0917313422784209e+04 2.4904947087608278e+04
1.3685266153068714e+07 -3.7915500558741391e+05 7.0865722997367382e+04 2.4876680707536638e+04
1.3685267153068714e+07 -3.7917070563976467e+05 7.0814130853578448e+04 2.4848413730397820e+04
1.3685268153068714e+07 -3.7918639612782001e+05 7.0762536990597844e+04 2.4820146155953407e+04
1.3685269153068714e+07 -3.7920207704453170e+05 7.0710941411957145e+04 2.4791877985894680e+04
1.3685270153068714e+07 -3.7921774839673936e+05 7.0659344116806984e+04 2.4763609219983220e+04
1.3685271153068714e+07 -3.7923341017740965e+05 7.0607745108693838e+04 2.4735339859910309e+04
1.3685272153068714e+07 -3.7924906239339709e+05 7.0556144386753440e+04 2.4707069905444980e+04
1.3685273153068714e+07 -3.7926470503766090e+05 7.0504541954517365e+04 2.4678799358271062e+04
1.3685274153068714e+07 -3.7928033811356127e+05 7.0452937812238932e+04 2.4650528218626976e+04
1.3685275153068714e+07 -3.7929596162449569e+05 7.0401331960186362e+04 2.4622256486773491e+04
1.3685276153068714e+07 -3.7931157556342334e+05 7.0349724401846528e+04 2.4593984164394438e+04
1.3685277153068714e+07 -3.7932717993716896e+05 7.0298115136399865e+04 2.4565711251251400e+04
1.3685278153068714e+07 -3.7934277473872900e+05 7.0246504167392850e+04 2.4537437749050558e+04
1.3685279153068714e+07 -3.7935835997492820e+05 7.0194891493946314e+04 2.4509163657523692e+04
1.3685280153068714e+07 -3.7937393563875556e+05 7.0143277119636536e+04 2.4480888978369534e+04
1.3685281153068714e+07 -3.7938950173702091e+05 7.0091661043599248e+04 2.4452613711379468e+04
1.3685282153068714e+07 -3.7940505826271325e+05 7.0040043269351125e+04 2.4424337858214974e+04
1.3685283153068714e+07 -3.7942060522267967e+05 6.9988423796042800e+04 2.4396061418645084e+04
1.3685284153068714e+07 -3.7943614260987937e+05 6.9936802627220750e+04 2.4367784394361079e+04
1.3685285153068714e+07 -3.7945167043116689e+05 6.9885179762050509e+04 2.4339506785131991e+04
1.3685286153068714e+07 -3.7946718867950886e+05 6.9833555204033852e+04 2.4311228592649102e+04
1.3685287153068714e+07 -3.7948269736175239e+05 6.9781928952351213e+04 2.4282949816659093e+04
1.3685288153068714e+07 -3.7949819647432864e+05 6.9730301009416580e+04 2.4254670458376408e+04
1.3685289153068714e+07 -3.7951368601368368e+05 6.9678671377688646e+04 2.4226390519015491e+04
1.3685290153068714e+07 -3.7952916598664969e+05 6.9627040056303144e+04 2.4198109998337924e+04
1.3685291153068714e+07 -3.7954463638621569e+05 6.9575407048821449e+04 2.4169828898034990e+04
1.3685292153068714e+07 -3.7956009721923620e+05 6.9523772354349494e+04 2.4141547217868268e+04
1.3685293153068714e+07 -3.7957554847865552e+05 6.9472135976448655e+04 2.4113264959521592e+04
1.3685294153068714e+07 -3.7959099017133564e+05 6.9420497914269567e+04 2.4084982122756541e+04
1.3685295153068714e+07 -3.7960642229025066e+05 6.9368858171373606e+04 2.4056698709286749e+04
1.3685296153068714e+07 -3.7962184484224021e+05 6.9317216746836901e+04 2.4028414718829095e+04
1.3685297153068714e+07 -3.7963725782376528e+05 6.9265573643177748e+04 2.4000130152635276e+04
1.3685298153068714e+07 -3.7965266123122722e+05 6.9213928862795234e+04 2.3971845011897385e+04
1.3685299153068714e+07 -3.7966805507150292e+05 6.9162282404825091e+04 2.3943559296362102e+04
1.3685300153068714e+07 -3.7968343933757395e+05 6.9110634272828698e+04 2.3915273007743061e+04
1.3685301153068714e+07 -3.7969881403626502e+05 6.9058984465941787e+04 2.3886986145794392e+04
1.3685302153068714e+07 -3.7971417916403711e+05 6.9007332986623049e+04 2.3858698711723089e+04
1.3685303153068714e+07 -3.7972953471730649e+05 6.8955679837256670e+04 2.3830410706736147e+04
1.3685304153068714e+07 -3.7974488070295006e+05 6.8904025017067790e+04 2.3802122130595148e+04
1.3685305153068714e+07 -3.7976021711742133e+05 6.8852368528440595e+04 2.3773832984499633e+04
1.3685306153068714e+07 -3.7977554395711422e+05 6.8800710373833776e+04 2.3745543269671500e+04
1.3685307153068714e+07 -3.7979086122892797e+05 6.8749050552397966e+04 2.3717252985872328e+04
1.3685308153068714e+07 -3.7980616892928630e+05 6.8697389066562057e+04 2.3688962134294212e+04
1.3685309153068714e+07 -3.7982146705462784e+05 6.8645725918754935e+04 2.3660670716166496e+04
1.3685310153068714e+07 -3.7983675561181456e+05 6.8594061108157039e+04 2.3632378731235862e+04
1.3685311153068714e+07 -3.7985203459729254e+05 6.8542394637197256e+04 2.3604086180701852e+04
1.3685312153068714e+07 -3.7986730400748551e+05 6.8490726508274674e+04 2.3575793065801263e+04
1.3685313153068714e+07 -3.7988256384927034e+05 6.8439056720554829e+04 2.3547499386273324e+04
1.3685314153068714e+07 -3.7989781411907077e+05 6.8387385276526213e+04 2.3519205143325031e+04
1.3685315153068714e+07 -3.7991305481334776e+05 6.8335712178573012e+04 2.3490910338170826e+04
1.3685316153068714e+07 -3.7992828593895584e+05 6.8284037425860763e+04 2.3462614970572293e+04
1.3685317153068714e+07 -3.7994350749233365e+05 6.8232361020833254e+04 2.3434319041736424e+04
1.3685318153068714e+07 -3.7995871946991980e+05 6.8180682965904474e+04 2.3406022552870214e+04
1.3685319153068714e+07 -3.7997392187857628e+05 6.8129003260239959e+04 2.3377725503727794e+04
1.3685320153068714e+07 -3.7998911471474916e+05 6.8077321906283498e+04 2.3349427895531058e+04
1.3685321153068714e+07 -3.8000429797487706e+05 6.8025638906463981e+04 2.3321129729472101e+04
1.3685322153068714e+07 -3.8001947166583687e+05 6.7973954259932041e+04 2.3292831005319953e+04
1.3685323153068714e+07 -3.8003463578405231e+05 6.7922267969131470e+04 2.3264531724289060e+04
1.3685324153068714e+07 -3.8004979032944888e+05 6.7870580035373569e+04 2.3236231887079775e+04
1.3685325153068714e+07 -3.8006493529848009e+05 6.7818890461131930e+04 2.3207931494921446e+04
1.3685326153068714e+07 -3.8008007069798559e+05 6.7767199245542288e+04 2.3179630547575653e+04
1.3685327153068714e+07 -3.8009519652443379e+05 6.7715506391018629e+04 2.3151329046241939e+04
1.3685328153068714e+07 -3.8011031277770549e+05 6.7663811898946762e+04 2.3123026991635561e+04
1.3685329153068714e+07 -3.8012541945429146e+05 6.7612115771740675e+04 2.3094724384993315e+04
1.3685330153068714e+07 -3.8014051656103134e+05 6.7560418008521199e+04 2.3066421226046979e+04
1.3685331153068714e+07 -3.8015560409437865e+05 6.7508718611776829e+04 2.3038117516018450e+04
1.3685332153068714e+07 -3.8017068205424398e+05 6.7457017582818866e+04 2.3009813255622983e+04
1.3685333153068714e+07 -3.8018575044053048e+05 6.7405314922988415e+04 2.2981508445590734e+04
1.3685334153068714e+07 -3.8020080924972147e+05 6.7353610634744167e+04 2.2953203087143600e+04
1.3685335153068714e+07 -3.8021585848864913e+05 6.7301904717192054e+04 2.2924897180013359e+04
1.3685336153068714e+07 -3.8023089815378934e+05 6.7250197172790766e+04 2.2896590725414455e+04
1.3685337153068714e+07 -3.8024592824502289e+05 6.7198488002896309e+04 2.2868283724084496e+04
1.3685338153068714e+07 -3.8026094876231253e+05 6.7146777208805084e+04 2.2839976176738739e+04
1.3685339153068714e+07 -3.8027595970207453e+05 6.7095064793020487e+04 2.2811668084606528e+04
1.3685340153068714e+07 -3.8029096107119322e+05 6.7043350754633546e+04 2.2783359447412193e+04
1.3685341153068714e+07 -3.8030595286609977e+05 6.6991635096117854e+04 2.2755050266370177e+04
1.3685342153068714e+07 -3.8032093508672714e+05 6.6939917818784714e+04 2.2726740542232990e+04
1.3685343153068714e+07 -3.8033590773299336e+05 6.6888198923960328e+04 2.2698430275700986e+04
1.3685344153068714e+07 -3.8035087080480903e+05 6.6836478413045406e+04 2.2670119467489421e+04
1.3685345153068714e+07 -3.8036582430210710e+05 6.6784756287336349e+04 2.2641808118343353e+04
1.3685346153068714e+07 -3.8038076822134107e+05 6.6733032549276948e+04 2.2613496229469776e+04
1.3685347153068714e+07 -3.8039570256938040e+05 6.6681307198002934e+04 2.2585183800622821e+04
1.3685348153068714e+07 -3.8041062734264880e+05 6.6629580235958099e+04 2.2556870833002031e+04
1.3685349153068714e+07 -3.8042554254109412e+05 6.6577851664498448e+04 2.2528557327337563e+04
1.3685350153068714e+07 -3.8044044816461951e+05 6.6526121484935284e+04 2.2500243284352124e+04
1.3685351153068714e+07 -3.8045534421318024e+05 6.6474389698669314e+04 2.2471928704775870e+04
1.3685352153068714e+07 -3.8047023068665713e+05 6.6422656306952238e+04 2.2443613589324057e+04
1.3685353153068714e+07 -3.8048510758500546e+05 6.6370921311169863e+04 2.2415297938726842e+04
1.3685354153068714e+07 -3.8049997490812838e+05 6.6319184712678194e+04 2.2386981753714383e+04
1.3685355153068714e+07 -3.8051483265250176e+05 6.6267446513891220e+04 2.2358665035486221e+04
1.3685356153068714e+07 -3.8052968082496524e+05 6.6215706713944674e+04 2.2330347783803940e+04
1.3685357153068714e+07 -3.8054451942199469e+05 6.6163965315282345e+04 2.2302029999859631e+04
1.3685358153068714e+07 -3.8055934844350070e+05 6.6112222319260240e+04 2.2273711684398353e+04
1.3685359153068714e+07 -3.8057416788940877e+05 6.6060477727219462e+04 2.2245392838127911e+04
1.3685360153068714e+07 -3.8058897775965184e+05 6.6008731540456414e+04 2.2217073461778462e+04
1.3685361153068714e+07 -3.8060377805414796e+05 6.5956983760342002e+04 2.2188753556080163e+04
1.3685362153068714e+07 -3.8061856877281517e+05 6.5905234388247132e+04 2.2160433121755719e+04
1.3685363153068714e+07 -3.8063334991560131e+05 6.5853483425453305e+04 2.2132112159520388e+04
1.3685364153068714e+07 -3.8064812148240954e+05 6.5801730873316526e+04 2.2103790670104325e+04
1.3685365153068714e+07 -3.8066288347319514e+05 6.5749976733177900e+04 2.2075468654222786e+04
1.3685366153068714e+07 -3.8067763588784635e+05 6.5698221006393433e+04 2.2047146112613380e+04
1.3685367153068714e+07 -3.8069237872632593e+05 6.5646463694289327e+04 2.2018823045991361e+04
1.3685368153068714e+07 -3.8070711198852211e+05 6.5594704798206687e+04 2.1990499455079436e+04
1.3685369153068714e+07 -3.8072183567440510e+05 6.5542944319486618e+04 2.1962175340600312e+04
1.3685370153068714e+07 -3.8073654978386313e+05 6.5491182259440422e+04 2.1933850703276694e+04
1.3685371153068714e+07 -3.8075125431685895e+05 6.5439418619439006e+04 2.1905525543846190e+04
1.3685372153068714e+07 -3.8076594927328825e+05 6.5387653400823474e+04 2.1877199863024056e+04
1.3685373153068714e+07 -3.8078063465310633e+05 6.5335886604905128e+04 2.1848873661525548e+04
1.3685374153068714e+07 -3.8079531045621634e+05 6.5284118233054876e+04 2.1820546940080822e+04
1.3685375153068714e+07 -3.8080997668256611e+05 6.5232348286584020e+04 2.1792219699420035e+04
1.3685376153068714e+07 -3.8082463333207369e+05 6.5180576766833663e+04 2.1763891940258443e+04
1.3685377153068714e+07 -3.8083928040467203e+05 6.5128803675144911e+04 2.1735563663318753e+04
1.3685378153068714e+07 -3.8085391790030152e+05 6.5077029012873769e+04 2.1707234869316220e+04
1.3685379153068714e+07 -3.8086854581887275e+05 6.5025252781361341e+04 2.1678905558995903e+04
1.3685380153068714e+07 -3.8088316416031122e+05 6.4973474981904030e+04 2.1650575733073056e+04
1.3685381153068714e+07 -3.8089777292457968e+05 6.4921695615887642e+04 2.1622245392262936e+04
1.3685382153068714e+07 -3.8091237211157382e+05 6.4869914684593678e+04 2.1593914537280798e+04
1.3685383153068714e+07 -3.8092696172124147e+05 6.4818132189437747e+04 2.1565583168879151e+04
1.3685384153068714e+07 -3.8094154175698012e+05 6.4766348130583763e+04 2.1537251287266612e+04
1.3685385153068714e+07 -3.8095611221177876e+05 6.4714562511622906e+04 2.1508918894156814e+04
1.3685386153068714e+07 -3.8097067308904231e+05 6.4662775332748890e+04 2.1480585989773273e+04
1.3685387153068714e+07 -3.8098522438868880e+05 6.4610986595347524e+04 2.1452252574846148e+04
1.3685388153068714e+07 -3.8099976611067355e+05 6.4559196300730109e+04 2.1423918650105596e+04
1.3685389153068714e+07 -3.8101429825491458e+05 6.4507404450207949e+04 2.1395584216266870e+04
1.3685390153068714e+07 -3.8102882082133740e+05 6.4455611045166850e+04 2.1367249274045229e+04
1.3685391153068714e+07 -3.8104333380988240e+05 6.4403816086918116e+04 2.1338913824170828e+04
1.3685392153068714e+07 -3.8105783722046763e+05 6.4352019576802850e+04 2.1310577867366374e+04
1.3685393153068714e+07 -3.8107233105652779e+05 6.4300221515074372e+04 2.1282241403870285e+04
1.3685394153068714e+07 -3.8108681531103700e+05 6.4248421905264258e+04 2.1253904435381293e+04
1.3685395153068714e+07 -3.8110128998739272e+05 6.4196620747581124e+04 2.1225566962130368e+04
1.3685396153068714e+07 -3.8111575508554280e+05 6.4144818043380976e+04 2.1197228984840214e+04
1.3685397153068714e+07 -3.8113021060540527e+05 6.4093013794019818e+04 2.1168890504233539e+04
1.3685398153068714e+07 -3.8114465654692054e+05 6.4041208000808954e+04 2.1140551521025598e+04
1.3685399153068714e+07 -3.8115909291002154e+05 6.3989400665089488e+04 2.1112212035953999e+04
1.3685400153068714e+07 -3.8117351969812065e+05 6.3937591787144542e+04 2.1083872049249709e+04
1.3685401153068714e+07 -3.8118793690419942e+05 6.3885781370431185e+04 2.1055531562596560e+04
1.3685402153068714e+07 -3.8120234453167766e+05 6.3833969415247440e+04 2.1027190576255322e+04
1.3685403153068714e+07 -3.8121674258048087e+05 6.3782155922919512e+04 2.0998849090918899e+04
1.3685404153068714e+07 -3.8123113105053455e+05 6.3730340894758701e+04 2.0970507107339799e+04
1.3685405153068714e+07 -3.8124550994525850e+05 6.3678524331033230e+04 2.0942164625719190e+04
1.3685406153068714e+07 -3.8125987925767154e+05 6.3626706235244870e+04 2.0913821647793055e+04
1.3685407153068714e+07 -3.8127423899112642e+05 6.3574886607646942e+04 2.0885478173762560e+04
1.3685408153068714e+07 -3.8128858914559335e+05 6.3523065449595451e+04 2.0857134204372764e+04
1.3685409153068714e+07 -3.8130292972447723e+05 6.3471242761328816e+04 2.0828789739847183e+04
1.3685410153068714e+07 -3.8131726072076708e+05 6.3419418546333909e+04 2.0800444781877100e+04
1.3685411153068714e+07 -3.8133158213788271e+05 6.3367592804908752e+04 2.0772099330708385e+04
1.3685412153068714e+07 -3.8134589397573471e+05 6.3315765538364649e+04 2.0743753387056291e+04
1.3685413153068714e+07 -3.8136019623774290e+05 6.3263936746910214e+04 2.0715406951159239e+04
1.3685414153068714e+07 -3.8137448891693354e+05 6.3212106434121728e+04 2.0687060024723411e+04
1.3685415153068714e+07 -3.8138877201666683e+05 6.3160274600222707e+04 2.0658712607964873e+04
1.3685416153068714e+07 -3.8140304553691298e+05 6.3108441246554255e+04 2.0630364701613784e+04
1.3685417153068714e+07 -3.8141730948107690e+05 6.3056606373339891e+04 2.0602016305908561e+04
1.3685418153068714e+07 -3.8143156384215504e+05 6.3004769984111190e+04 2.0573667422555387e+04
1.3685419153068714e+07 -3.8144580862354487e+05 6.2952932079136372e+04 2.0545318051762879e+04
1.3685420153068714e+07 -3.8146004382518679e+05 6.2901092659711838e+04 2.0516968194261193e+04
1.3685421153068714e+07 -3.8147426945050806e+05 6.2849251726120710e+04 2.0488617850303650e+04
1.3685422153068714e+07 -3.8148848549249768e+05 6.2797409281849861e+04 2.0460267021566629e+04
1.3685423153068714e+07 -3.8150269195456803e+05 6.2745565327152610e+04 2.0431915708296001e+04
1.3685424153068714e+07 -3.8151688884011656e+05 6.2693719862297177e+04 2.0403563910722733e+04
1.3685425153068714e+07 -3.8153107614216208e+05 6.2641872890785336e+04 2.0375211630530655e+04
1.3685426153068714e+07 -3.8154525386409461e+05 6.2590024412840605e+04 2.0346858867965639e+04
1.3685427153068714e+07 -3.8155942200934142e+05 6.2538174428716302e+04 2.0318505623281002e+04
1.3685428153068714e+07 -3.8157358057091385e+05 6.2486322941973805e+04 2.0290151898130774e+04
1.3685429153068714e+07 -3.8158772955217957e+05 6.2434469952821732e+04 2.0261797692775726e+04
1.3685430153068714e+07 -3.8160186895659566e+05 6.2382615461483598e+04 2.0233443007454276e+04
1.3685431153068714e+07 -3.8161599877714366e+05 6.2330759471520782e+04 2.0205087843857706e+04
1.3685432153068714e+07 -3.8163011901722848e+05 6.2278901983156800e+04 2.0176732202209532e+04
1.3685433153068714e+07 -3.8164422968028486e+05 6.2227042996644974e+04 2.0148376082755625e+04
1.3685434153068714e+07 -3.8165833075930178e+05 6.2175182515487075e+04 2.0120019487179816e+04
1.3685435153068714e+07 -3.8167242226114869e+05 6.2123320538833737e+04 2.0091662415251136e+04
1.3685436153068714e+07 -3.8168650417885184e+05 6.2071457070231438e+04 2.0063304868645966e+04
1.3685437153068714e+07 -3.8170057651581615e+05 6.2019592109918594e+04 2.0034946847595274e+04
1.3685438153068714e+07 -3.8171463927544653e+05 6.1967725658118725e+04 2.0006588352344930e+04
1.3685439153068714e+07 -3.8172869245076180e+05 6.1915857718348503e+04 1.9978229384593666e+04
1.3685440153068714e+07 -3.8174273604862392e+05 6.1863988289773464e+04 1.9949869944080710e+04
1.3685441153068714e+07 -3.8175677006205171e+05 6.1812117375910282e+04 1.9921510032489896e+04
1.3685442153068714e+07 -3.8177079449792206e+05 6.1760244975924492e+04 1.9893149649597704e+04
1.3685443153068714e+07 -3.8178480934926867e+05 6.1708371093317866e+04 1.9864788797073066e+04
1.3685444153068714e+07 -3.8179881461946666e+05 6.1656495728313923e+04 1.9836427475154400e+04
1.3685445153068714e+07 -3.8181281031195074e+05 6.1604618881180882e+04 1.9808065684095025e+04
1.3685446153068714e+07 -3.8182679641971737e+05 6.1552740555450320e+04 1.9779703425563872e+04
1.3685447153068714e+07 -3.8184077294965833e+05 6.1500860750243068e+04 1.9751340699322522e+04
1.3685448153068714e+07 -3.8185473989477754e+05 6.1448979469135404e+04 1.9722977507062256e+04
1.3685449153068714e+07 -3.8186869726194441e+05 6.1397096711188555e+04 1.9694613848529756e+04
1.3685450153068714e+07 -3.8188264504420012e+05 6.1345212479978800e+04 1.9666249725431204e+04
1.3685451153068714e+07 -3.8189658324841410e+05 6.1293326774656773e+04 1.9637885137483478e+04
1.3685452153068714e+07 -3.8191051186759025e+05 6.1241439598709345e+04 1.9609520086422563e+04
1.3685453153068714e+07 -3.8192443090861291e+05 6.1189550951302052e+04 1.9581154571950436e+04
1.3685454153068714e+07 -3.8193834036449343e+05 6.1137660835996270e+04 1.9552788595803082e+04
1.3685455153068714e+07 -3.8195224024210870e+05 6.1085769251883030e+04 1.9524422157704830e+04
1.3685456153068714e+07 -3.8196613053448498e+05 6.1033876202508807e+04 1.9496055259339511e+04
1.3685457153068714e+07 -3.8198001124849916e+05 6.0981981687009335e+04 1.9467687900483608e+04
1.3685458153068714e+07 -3.8199388237716258e+05 6.0930085708931088e+04 1.9439320082806051e+04
1.3685459153068714e+07 -3.8200774392735958e+05 6.0878188267394900e+04 1.9410951806075871e+04
1.3685460153068714e+07 -3.8202159589209408e+05 6.0826289365932345e+04 1.9382583071969450e+04
1.3685461153068714e+07 -3.8203543827827275e+05 6.0774389003664255e+04 1.9354213880240917e+04
1.3685462153068714e+07 -3.8204927107887715e+05 6.0722487184166908e+04 1.9325844232589006e+04
1.3685463153068714e+07 -3.8206309430082142e+05 6.0670583906531334e+04 1.9297474128738046e+04
1.3685464153068714e+07 -3.8207690794058144e+05 6.0618679173231125e+04 1.9269103569924831e+04
1.3685465153068714e+07 -3.8209071199461818e+05 6.0566772986665368e+04 1.9240732557334006e+04
1.3685466153068714e+07 -3.8210450646983832e+05 6.0514865345999599e+04 1.9212361090712249e+04
1.3685467153068714e+07 -3.8211829135925323e+05 6.0462956254750490e+04 1.9183989171780646e+04
1.3685468153068714e+07 -3.8213206666973978e+05 6.0411045712023973e+04 1.9155616800263524e+04
1.3685469153068714e+07 -3.8214583239432424e+05 6.0359133721411228e+04 1.9127243977852166e+04
1.3685470153068714e+07 -3.8215958853987604e+05 6.0307220282003284e+04 1.9098870704300702e+04
1.3685471153068714e+07 -3.8217333510290086e+05 6.0255305396243930e+04 1.9070496980816126e+04
1.3685472153068714e+07 -3.8218707207987458e+05 6.0203389066562057e+04 1.9042122808612883e+04
1.3685473153068714e+07 -3.8220079947766662e+05 6.0151471292108297e+04 1.9013748187415302e+04
1.3685474153068714e+07 -3.8221451728931814e+05 6.0099552076414227e+04 1.8985373118944466e+04
1.3685475153068714e+07 -3.8222822552169859e+05 6.0047631418585777e+04 1.8956997602909803e+04
1.3685476153068714e+07 -3.8224192417129874e+05 5.9995709321096539e+04 1.8928621640563011e+04
1.3685477153068714e+07 -3.8225561323460937e+05 5.9943785786360502e+04 1.8900245233088732e+04
1.3685478153068714e+07 -3.8226929271849990e+05 5.9891860813513398e+04 1.8871868380211294e+04
1.3685479153068714e+07 -3.8228296261947602e+05 5.9839934404969215e+04 1.8843491083174944e+04
1.3685480153068714e+07 -3.8229662293402106e+05 5.9788006563171744e+04 1.8815113343156874e+04
1.3685481153068714e+07 -3.8231027366901189e+05 5.9736077287271619e+04 1.8786735159926116e+04
1.3685482153068714e+07 -3.8232391482094675e+05 5.9684146579682827e+04 1.8758356534689665e+04
1.3685483153068714e+07 -3.8233754638629407e+05 5.9632214442849159e+04 1.8729977468632162e+04
1.3685484153068714e+07 -3.8235116837196052e+05 5.9580280875921249e+04 1.8701597961507738e+04
1.3685485153068714e+07 -3.8236478077443689e+05 5.9528345881268382e+04 1.8673218014530838e+04
1.3685486153068714e+07 -3.8237838359018415e+05 5.9476409461393952e+04 1.8644837628908455e+04
1.3685487153068714e+07 -3.8239197682611644e+05 5.9424471615418792e+04 1.8616456804372370e+04
1.3685488153068714e+07 -3.8240556047870219e+05 5.9372532345727086e+04 1.8588075542137027e+04
1.3685489153068714e+07 -3.8241913454792649e+05 5.9320591653704643e+04 1.8559693842932582e+04
1.3685490153068714e+07 -3.8243269903025031e+05 5.9268649541765451e+04 1.8531311707951128e+04
1.3685491153068714e+07 -3.8244625393256545e+05 5.9216706008985639e+04 1.8502929136931896e+04
1.3685492153068714e+07 -3.8245979925136268e+05 5.9164761057913303e+04 1.8474546131111681e+04
1.3685493153068714e+07 -3.8247333498660475e+05 5.9112814689785242e+04 1.8446162691175938e+04
1.3685494153068714e+07 -3.8248686113478243e+05 5.9060866907089949e+04 1.8417778818346560e+04
1.3685495153068714e+07 -3.8250037770278007e+05 5.9008917708933353e+04 1.8389394512362778e+04
1.3685496153068714e+07 -3.8251388468708843e+05 5.8956967097744346e+04 1.8361009774439037e+04
1.3685497153068714e+07 -3.8252738208767027e+05 5.8905015074878931e+04 1.8332624605290592e+04
1.3685498153068714e+07 -3.8254086990100145e+05 5.8853061642751098e+04 1.8304239006131887e+04
1.3685499153068714e+07 -3.8255434813398123e+05 5.8801106800481677e+04 1.8275852976687253e+04
1.3685500153068714e+07 -3.8256781678312272e+05 5.8749150550514460e+04 1.8247466518178582e+04
1.3685501153068714e+07 -3.8258127584833652e+05 5.8697192894205451e+04 1.8219079631336033e+04
1.3685502153068714e+07 -3.8259472532962263e+05 5.8645233832851052e+04 1.8190692316837609e+04
1.3685503153068714e+07 -3.8260816522344947e+05 5.8593273368909955e+04 1.8162304575935006e+04
1.3685504153068714e+07 -3.8262159553673863e+05 5.8541311501473188e+04 1.8133916408345103e+04
1.3685505153068714e+07 -3.8263501626592875e+05 5.8489348233029246e+04 1.8105527815289795e+04
1.3685506153068714e+07 -3.8264842741102725e+05 5.8437383564859629e+04 1.8077138797476888e+04
1.3685507153068714e+07 -3.8266182897198945e+05 5.8385417498350143e+04 1.8048749355629086e+04
1.3685508153068714e+07 -3.8267522094527632e+05 5.8333450035884976e+04 1.8020359490945935e+04
1.3685509153068714e+07 -3.8268860333780944e+05 5.8281481176614761e+04 1.7991969203181565e+04
1.3685510153068714e+07 -3.8270197614606470e+05 5.8229510922953486e+04 1.7963578493535519e+04
1.3685511153068714e+07 -3.8271533937001228e+05 5.8177539276257157e+04 1.7935187362730503e+04
1.3685512153068714e+07 -3.8272869300961494e+05 5.8125566237851977e+04 1.7906795811489224e+04
1.3685513153068714e+07 -3.8274203706483543e+05 5.8073591809049249e+04 1.7878403840512037e+04
1.3685514153068714e+07 -3.8275537153562903e+05 5.8021615991219878e+04 1.7850011450536549e+04
1.3685515153068714e+07 -3.8276869642195106e+05 5.7969638785630465e+04 1.7821618642285466e+04
1.3685516153068714e+07 -3.8278201172029972e+05 5.7917660194784403e+04 1.7793225416943431e+04
1.3685517153068714e+07 -3.8279531743757427e+05 5.7865680217787623e+04 1.7764831774257123e+04
1.3685518153068714e+07 -3.8280861357026547e+05 5.7813698857039213e+04 1.7736437715455890e+04
1.3685519153068714e+07 -3.8282190011835098e+05 5.7761716113924980e+04 1.7708043241240084e+04
1.3685520153068714e+07 -3.8283517708176374e+05 5.7709731989726424e+04 1.7679648352317512e+04
1.3685521153068714e+07 -3.8284844446049631e+05 5.7657746485814452e+04 1.7651253049425781e+04
1.3685522153068714e+07 -3.8286170225449651e+05 5.7605759603485465e+04 1.7622857333280146e+04
1.3685523153068714e+07 -3.8287495046371222e+05 5.7553771344095469e+04 1.7594461204595864e+04
1.3685524153068714e+07 -3.8288818908814341e+05 5.7501781708940864e+04 1.7566064664088190e+04
1.3685525153068714e+07 -3.8290141812772304e+05 5.7449790699392557e+04 1.7537667712464929e+04
1.3685526153068714e+07 -3.8291463758241385e+05 5.7397798316776752e+04 1.7509270350471139e+04
1.3685527153068714e+07 -3.8292784745222330e+05 5.7345804562404752e+04 1.7480872578807175e+04
1.3685528153068714e+07 -3.8294104773705453e+05 5.7293809437617660e+04 1.7452474398195744e+04
1.3685529153068714e+07 -3.8295423843690753e+05 5.7241812943741679e+04 1.7424075809352100e+04
1.3685530153068714e+07 -3.8296741955173761e+05 5.7189815082117915e+04 1.7395676812998950e+04
1.3685531153068714e+07 -3.8298059108151495e+05 5.7137815854072571e+04 1.7367277409844100e+04
1.3685532153068714e+07 -3.8299375302620977e+05 5.7085815260916948e+04 1.7338877600617707e+04
1.3685533153068714e+07 -3.8300690538576990e+05 5.7033813304021955e+04 1.7310477386027575e+04
1.3685534153068714e+07 -3.8302004816018045e+05 5.6981809984669089e+04 1.7282076766796410e+04
1.3685535153068714e+07 -3.8303318134938926e+05 5.6929805304199457e+04 1.7253675743639469e+04
1.3685536153068714e+07 -3.8304630495337397e+05 5.6877799263998866e+04 1.7225274317279458e+04
1.3685537153068714e+07 -3.8305941897209734e+05 5.6825791865319014e+04 1.7196872488431633e+04
1.3685538153068714e+07 -3.8307252340552211e+05 5.6773783109560609e+04 1.7168470257811248e+04
1.3685539153068714e+07 -3.8308561825362593e+05 5.6721772997975349e+04 1.7140067626148462e+04
1.3685540153068714e+07 -3.8309870351635665e+05 5.6669761531963944e+04 1.7111664594143629e+04
1.3685541153068714e+07 -3.8311177919369191e+05 5.6617748712837696e+04 1.7083261162519455e+04
1.3685542153068714e+07 -3.8312484528560936e+05 5.6565734541907907e+04 1.7054857331991196e+04
1.3685543153068714e+07 -3.8313790179207176e+05 5.6513719020515680e+04 1.7026453103281558e+04
1.3685544153068714e+07 -3.8315094871303439e+05 5.6461702150002122e+04 1.6998048477113247e+04
1.3685545153068714e+07 -3.8316398604847491e+05 5.6409683931663632e+04 1.6969643454194069e+04
1.3685546153068714e+07 -3.8317701379836351e+05 5.6357664366871119e+04 1.6941238035246730e+04
1.3685547153068714e+07 -3.8319003196266294e+05 5.6305643456920981e+04 1.6912832220971584e+04
1.3685548153068714e+07 -3.8320304054135084e+05 5.6253621203139424e+04 1.6884426012113690e+04
1.3685549153068714e+07 -3.8321603953438252e+05 5.6201597606912255e+04 1.6856019409365952e+04
1.3685550153068714e+07 -3.8322902894173563e+05 5.6149572669520974e+04 1.6827612413473427e+04
1.3685551153068714e+07 -3.8324200876685232e+05 5.6097546391174197e+04 1.6799205024644732e+04
1.3685552153068714e+07 -3.8325497900275886e+05 5.6045518775448203e+04 1.6770797244571149e+04
1.3685553153068714e+07 -3.8326793965288997e+05 5.5993489822566509e+04 1.6742389073483646e+04
1.3685554153068714e+07 -3.8328089071722329e+05 5.5941459533840418e+04 1.6713980512112379e+04
1.3685555153068714e+07 -3.8329383219572902e+05 5.5889427910596132e+04 1.6685571561157703e+04
1.3685556153068714e+07 -3.8330676408836991e+05 5.5837394954174757e+04 1.6657162221349776e+04
1.3685557153068714e+07 -3.8331968639513105e+05 5.5785360665917397e+04 1.6628752493403852e+04
1.3685558153068714e+07 -3.8333259911943972e+05 5.5733325046002865e+04 1.6600342377543449e+04
1.3685559153068714e+07 -3.8334550225433707e+05 5.5681288098052144e+04 1.6571931875452399e+04
1.3685560153068714e+07 -3.8335839580325782e+05 5.5629249822184443e+04 1.6543520987376571e+04
1.3685561153068714e+07 -3.8337127976617217e+05 5.5577210219800472e+04 1.6515109714023769e+04
1.3685562153068714e+07 -3.8338415414306521e+05 5.5525169292226434e+04 1.6486698056124151e+04
1.3685563153068714e+07 -3.8339701893389225e+05 5.5473127040743828e+04 1.6458286014378071e+04
1.3685564153068714e+07 -3.8340987414210290e+05 5.5421083465650678e+04 1.6429873589016497e+04
1.3685565153068714e+07 -3.8342271976073831e+05 5.5369038570404053e+04 1.6401460781745613e+04
1.3685566153068714e+07 -3.8343555579322577e+05 5.5316992355287075e+04 1.6373047592766583e+04
1.3685567153068714e+07 -3.8344838223955780e+05 5.5264944821596146e+04 1.6344634022831917e+04
1.3685568153068714e+07 -3.8346119910314679e+05 5.5212895969599485e+04 1.6316220072135329e+04
1.3685569153068714e+07 -3.8347400637706369e+05 5.5160845802754164e+04 1.6287805742405355e+04
1.3685570153068714e+07 -3.8348680406473577e+05 5.5108794321358204e+04 1.6259391033828259e+04
1.3685571153068714e+07 -3.8349959216611832e+05 5.5056741526708007e+04 1.6230975947156549e+04
1.3685572153068714e+07 -3.8351237068468332e+05 5.5004687419027090e+04 1.6202560482598841e+04
1.3685573153068714e+07 -3.8352513961345702e+05 5.4952632001861930e+04 1.6174144641868770e+04
1.3685574153068714e+07 -3.8353789895587415e+05 5.4900575275436044e+04 1.6145728425160050e+04
1.3685575153068714e+07 -3.8355064871191978e+05 5.4848517241075635e+04 1.6117311833225191e+04
1.3685576153068714e+07 -3.8356338888502866e+05 5.4796457899019122e+04 1.6088894866265357e+04
1.3685577153068714e+07 -3.8357611946825683e+05 5.4744397252768278e+04 1.6060477525986731e+04
1.3685578153068714e+07 -3.8358884046504647e+05 5.4692335302561522e+04 1.6032059812620282e+04
1.3685579153068714e+07 -3.8360155187535286e+05 5.4640272049754858e+04 1.6003641726866364e+04
1.3685580153068714e+07 -3.8361425370264053e+05 5.4588207494527102e+04 1.5975223268978298e+04
1.3685581153068714e+07 -3.8362694593993574e+05 5.4536141640424728e+04 1.5946804440610111e+04
1.3685582153068714e+07 -3.8363962859068066e+05 5.4484074487715960e+04 1.5918385242030025e+04
1.3685583153068714e+07 -3.8365230165833235e+05 5.4432006036549807e+04 1.5889965673446655e+04
1.3685584153068714e+07 -3.8366496513594687e+05 5.4379936290547252e+04 1.5861545736543834e+04
1.3685585153068714e+07 -3.8367761902692169e+05 5.4327865249857306e+04 1.5833125431567430e+04
1.3685586153068714e+07 -3.8369026333475113e+05 5.4275792914733291e+04 1.5804704758726060e+04
1.3685587153068714e+07 -3.8370289805244654e+05 5.4223719288721681e+04 1.5776283719748259e+04
1.3685588153068714e+07 -3.8371552318346500e+05 5.4171644372016191e+04 1.5747862314820290e+04
1.3685589153068714e+07 -3.8372813873126358e+05 5.4119568164885044e+04 1.5719440544188023e+04
1.3685590153068714e+07 -3.8374074468885362e+05 5.4067490670830011e+04 1.5691018409535289e+04
1.3685591153068714e+07 -3.8375334106317163e+05 5.4015411888986826e+04 1.5662595910623670e+04
1.3685592153068714e+07 -3.8376592784727365e+05 5.3963331822857261e+04 1.5634173049122095e+04
1.3685593153068714e+07 -3.8377850504458696e+05 5.3911250472709537e+04 1.5605749825261533e+04
1.3685594153068714e+07 -3.8379107265854627e+05 5.3859167838737369e+04 1.5577326239265501e+04
1.3685595153068714e+07 -3.8380363068222255e+05 5.3807083924472332e+04 1.5548902292847633e+04
1.3685596153068714e+07 -3.8381617912251502e+05 5.3754998729079962e+04 1.5520477985717356e+04
1.3685597153068714e+07 -3.8382871797247976e+05 5.3702912256047130e+04 1.5492053319610655e+04
1.3685598153068714e+07 -3.8384124723556638e+05 5.3650824505597353e+04 1.5463628294706345e+04
1.3685599153068714e+07 -3.8385376691520214e+05 5.3598735477969050e+04 1.5435202911250293e+04
1.3685600153068714e+07 -3.8386627700445801e+05 5.3546645176693797e+04 1.5406777170941234e+04
1.3685601153068714e+07 -3.8387877751022577e+05 5.3494553600907326e+04 1.5378351073510945e+04
1.3685602153068714e+07 -3.8389126842556894e+05 5.3442460754111409e+04 1.5349924620658159e+04
1.3685603153068714e+07 -3.8390374975739419e+05 5.3390366635471582e+04 1.5321497812107205e+04
1.3685604153068714e+07 -3.8391622149876505e+05 5.3338271248474717e+04 1.5293070649571717e+04
1.3685605153068714e+07 -3.8392868365656585e+05 5.3286174592241645e+04 1.5264643132761121e+04
1.3685606153068714e+07 -3.8394113622387499e+05 5.3234076670333743e+04 1.5236215263389051e+04
1.3685607153068714e+07 -3.8395357920759916e+05 5.3181977481871843e+04 1.5207787041194737e+04
1.3685608153068714e+07 -3.8396601260077953e+05 5.3129877030342817e+04 1.5179358467862010e+04
1.3685609153068714e+07 -3.8397843641034514e+05 5.3077775314927101e+04 1.5150929543137550e+04
1.3685610153068714e+07 -3.8399085062934458e+05 5.3025672339111567e+04 1.5122500268697739e+04
1.3685611153068714e+07 -3.8400325526467711e+05 5.2973568102046847e+04 1.5094070644289255e+04
1.3685612153068714e+07 -3.8401565030940622e+05 5.2921462607234716e+04 1.5065640671603382e+04
1.3685613153068714e+07 -3.8402803577044606e+05 5.2869355853840709e+04 1.5037210350386798e+04
1.3685614153068714e+07 -3.8404041164086759e+05 5.2817247845351696e+04 1.5008779682315886e+04
1.3685615153068714e+07 -3.8405277792754024e+05 5.2765138580903411e+04 1.4980348667144775e+04
1.3685616153068714e+07 -3.8406513462356478e+05 5.2713028064057231e+04 1.4951917306557298e+04
1.3685617153068714e+07 -3.8407748173582554e+05 5.2660916293859482e+04 1.4923485600277781e+04
1.3685618153068714e+07 -3.8408981925740093e+05 5.2608803273916245e+04 1.4895053550012410e+04
1.3685619153068714e+07 -3.8410214719518274e+05 5.2556689003288746e+04 1.4866621155500412e+04
1.3685620153068714e+07 -3.8411446554223448e+05 5.2504573485568166e+04 1.4838188418433070e+04
1.3685621153068714e+07 -3.8412677430548519e+05 5.2452456719845533e+04 1.4809755338542163e+04
1.3685622153068714e+07 -3.8413907348144054e+05 5.2400338708519936e+04 1.4781321917034686e+04
1.3685623153068714e+07 -3.8415136306662112e+05 5.2348219454079866e+04 1.4752888155117631e+04
1.3685624153068714e+07 -3.8416364306794852e+05 5.2296098955601454e+04 1.4724454052522779e+04
1.3685625153068714e+07 -3.8417591347847134e+05 5.2243977216631174e+04 1.4696019610933959e+04
1.3685626153068714e+07 -3.8418817430512607e+05 5.2191854236289859e+04 1.4667584830105305e+04
1.3685627153068714e+07 -3.8420042554441839e+05 5.2139730016976595e+04 1.4639149711221457e+04
1.3685628153068714e+07 -3.8421266719286889e+05 5.2087604561164975e+04 1.4610714255504310e+04
1.3685629153068714e+07 -3.8422489925740659e+05 5.2035477867946029e+04 1.4582278462685645e+04
1.3685630153068714e+07 -3.8423712173452973e+05 5.1983349939763546e+04 1.4553842333950102e+04
1.3685631153068714e+07 -3.8424933462079614e+05 5.1931220779031515e+04 1.4525405870534480e+04
1.3685632153068714e+07 -3.8426153792309761e+05 5.1879090384855866e+04 1.4496969072133303e+04
1.3685633153068714e+07 -3.8427373163450509e+05 5.1826958760812879e+04 1.4468531940482557e+04
1.3685634153068714e+07 -3.8428591576193273e+05 5.1774825905978680e+04 1.4440094475284219e+04
1.3685635153068714e+07 -3.8429809030190110e+05 5.1722691822797060e+04 1.4411656677760184e+04
1.3685636153068714e+07 -3.8431025525093079e+05 5.1670556513682008e+04 1.4383218549109995e+04
1.3685637153068714e+07 -3.8432241061596572e+05 5.1618419977813959e+04 1.4354780089050531e+04
1.3685638153068714e+07 -3.8433455639349669e+05 5.1566282217532396e+04 1.4326341298818588e+04
1.3685639153068714e+07 -3.8434669258351624e+05 5.1514143234193325e+04 1.4297902179107070e+04
1.3685640153068714e+07 -3.8435881918257475e+05 5.1462003030270338e+04 1.4269462731122971e+04
1.3685641153068714e+07 -3.8437093619758636e+05 5.1409861604824662e+04 1.4241022954598069e+04
1.3685642153068714e+07 -3.8438304362505674e+05 5.1357718960300088e+04 1.4212582850731909e+04
1.3685643153068714e+07 -3.8439514146153629e+05 5.1305575099140406e+04 1.4184142420753837e+04
1.3685644153068714e+07 -3.8440722971392423e+05 5.1253430020451546e+04 1.4155701664365828e+04
1.3685645153068714e+07 -3.8441930837875605e+05 5.1201283726647496e+04 1.4127260582797229e+04
1.3685646153068714e+07 -3.8443137745601684e+05 5.1149136219039559e+04 1.4098819176740944e+04
1.3685647153068714e+07 -3.8444343694224954e+05 5.1096987500131130e+04 1.4070377447403967e+04
1.3685648153068714e+07 -3.8445548684435338e+05 5.1044837568968534e+04 1.4041935394532979e+04
1.3685649153068714e+07 -3.8446752715887129e+05 5.0992686428010464e+04 1.4013493019320071e+04
1.3685650153068714e+07 -3.8447955788579583e+05 5.0940534078568220e+04 1.3985050322487950e+04
1.3685651153068714e+07 -3.8449157902509719e+05 5.0888380521953106e+04 1.3956607304736972e+04
1.3685652153068714e+07 -3.8450359057333320e+05 5.0836225760623813e+04 1.3928163967281580e+04
1.3685653153068714e+07 -3.8451559253741801e+05 5.0784069793671370e+04 1.3899720309853554e+04
1.3685654153068714e+07 -3.8452758491386473e+05 5.0731912623539567e+04 1.3871276333652437e+04
1.3685655153068714e+07 -3.8453956770266593e+05 5.0679754251524806e+04 1.3842832039386034e+04
1.3685656153068714e+07 -3.8455154090384394e+05 5.0627594678997993e+04 1.3814387427777052e+04
1.3685657153068714e+07 -3.8456350451389700e+05 5.0575433908373117e+04 1.3785942500032485e+04
1.3685658153068714e+07 -3.8457545853977650e+05 5.0523271938726306e+04 1.3757497255884111e+04
1.3685659153068714e+07 -3.8458740297797322e+05 5.0471108772501349e+04 1.3729051696524024e+04
1.3685660153068714e+07 -3.8459933782850951e+05 5.0418944411054254e+04 1.3700605822674930e+04
1.3685661153068714e+07 -3.8461126309139282e+05 5.0366778855666518e+04 1.3672159635044634e+04
1.3685662153068714e+07 -3.8462317876658589e+05 5.0314612107679248e+04 1.3643713134355843e+04
1.3685663153068714e+07 -3.8463508485063165e+05 5.0262444169536233e+04 1.3615266321793199e+04
1.3685664153068714e+07 -3.8464698135046661e+05 5.0210275040328503e+04 1.3586819197110832e+04
1.3685665153068714e+07 -3.8465886826260388e+05 5.0158104722514749e+04 1.3558371761485934e+04
1.3685666153068714e+07 -3.8467074558704346e+05 5.0105933217376471e+04 1.3529924015656114e+04
1.3685667153068714e+07 -3.8468261332378536e+05 5.0053760526269674e+04 1.3501475960336626e+04
1.3685668153068714e+07 -3.8469447147282958e+05 5.0001586650460958e+04 1.3473027596212924e+04
1.3685669153068714e+07 -3.8470632003415376e+05 4.9949411591380835e+04 1.3444578924022615e+04
1.3685670153068714e+07 -3.8471815900777280e+05 4.9897235350251198e+04 1.3416129944466054e+04
1.3685671153068714e+07 -3.8472998839369416e+05 4.9845057928413153e+04 1.3387680658258498e+04
1.3685672153068714e+07 -3.8474180819188803e+05 4.9792879327222705e+04 1.3359231066115201e+04
1.3685673153068714e+07 -3.8475361839890480e+05 4.9740699549093843e+04 1.3330781169243157e+04
1.3685674153068714e+07 -3.8476541902165860e+05 4.9688518593162298e+04 1.3302330967366695e+04
1.3685675153068714e+07 -3.8477721005668491e+05 4.9636336461812258e+04 1.3273880461692810e+04
1.3685676153068714e+07 -3.8478899150399864e+05 4.9584153156384826e+04 1.3245429652906954e+04
1.3685677153068714e+07 -3.8480076336357743e+05 4.9531968678206205e+04 1.3216978541783988e+04
1.3685678153068714e+07 -3.8481252563542873e+05 4.9479783028587699e+04 1.3188527128979564e+04
1.3685679153068714e+07 -3.8482427831954509e+05 4.9427596208840609e+04 1.3160075415223837e+04
1.3685680153068714e+07 -3.8483602141594142e+05 4.9375408220350742e+04 1.3131623401239514e+04
1.3685681153068714e+07 -3.8484775492460281e+05 4.9323219064354897e+04 1.3103171087719500e+04
1.3685682153068714e+07 -3.8485947884551436e+05 4.9271028742253780e+04 1.3074718475401402e+04
1.3685683153068714e+07 -3.8487119317871332e+05 4.9218837255284190e+04 1.3046265564978123e+04
1.3685684153068714e+07 -3.8488289792416990e+05 4.9166644604846835e+04 1.3017812357164919e+04
1.3685685153068714e+07 -3.8489459308189154e+05 4.9114450792223215e+04 1.2989358852662146e+04
1.3685686153068714e+07 -3.8490627865187824e+05 4.9062255818754435e+04 1.2960905052214861e+04
1.3685687153068714e+07 -3.8491795463414490e+05 4.9010059685736895e+04 1.2932450956508517e+04
1.3685688153068714e+07 -3.8492962102866918e+05 4.8957862394511700e+04 1.2903996566265821e+04
1.3685689153068714e+07 -3.8494127783545852e+05 4.8905663946419954e+04 1.2875541882194579e+04
1.3685690153068714e+07 -3.8495292505453527e+05 4.8853464342728257e+04 1.2847086905002594e+04
1.3685691153068714e+07 -3.8496456268932670e+05 4.8801263583704829e+04 1.2818631634928286e+04
1.3685692153068714e+07 -3.8497619073293358e+05 4.8749061672851443e+04 1.2790176073633134e+04
1.3685693153068714e+07 -3.8498780918882042e+05 4.8696858610376716e+04 1.2761720221370459e+04
1.3685694153068714e+07 -3.8499941805697232e+05 4.8644654397681355e+04 1.2733264078840613e+04
1.3685695153068714e+07 -3.8501101733741164e+05 4.8592449035987258e+04 1.2704807646751404e+04
1.3685696153068714e+07 -3.8502260703013837e+05 4.8540242526650429e+04 1.2676350925832987e+04
1.3685697153068714e+07 -3.8503418713514507e+05 4.8488034870997071e+04 1.2647893916763365e+04
1.3685698153068714e+07 -3.8504575765243173e+05 4.8435826070353389e+04 1.2619436620280147e+04
1.3685699153068714e+07 -3.8505731858201325e+05 4.8383616126030684e+04 1.2590979037083685e+04
1.3685700153068714e+07 -3.8506886992388964e+05 4.8331405039355159e+04 1.2562521167896688e+04
1.3685701153068714e+07 -3.8508041168151796e+05 4.8279192810550332e+04 1.2534063012920320e+04
1.3685702153068714e+07 -3.8509194384799153e+05 4.8226979443147779e+04 1.2505604573868215e+04
1.3685703153068714e+07 -3.8510346642676741e+05 4.8174764937326312e+04 1.2477145850956440e+04
1.3685704153068714e+07 -3.8511497941785306e+05 4.8122549294456840e+04 1.2448686844885349e+04
1.3685705153068714e+07 -3.8512648282126337e+05 4.8070332515820861e+04 1.2420227556385100e+04
1.3685706153068714e+07 -3.8513797663698345e+05 4.8018114602774382e+04 1.2391767986156046e+04
1.3685707153068714e+07 -3.8514946086502075e+05 4.7965895556628704e+04 1.2363308134898543e+04
1.3685708153068714e+07 -3.8516093550885469e+05 4.7913675377562642e+04 1.2334848002843559e+04
1.3685709153068714e+07 -3.8517240056155622e+05 4.7861454069137573e+04 1.2306387591689825e+04
1.3685710153068714e+07 -3.8518385602660477e+05 4.7809231631591916e+04 1.2277926901653409e+04
1.3685711153068714e+07 -3.8519530190400034e+05 4.7757008066222072e+04 1.2249465933442116e+04
1.3685712153068714e+07 -3.8520673819374293e+05 4.7704783374324441e+04 1.2221004687771201e+04
1.3685713153068714e+07 -3.8521816489930451e+05 4.7652557556137443e+04 1.2192543164849281e+04
1.3685714153068714e+07 -3.8522958201377094e+05 4.7600330615207553e+04 1.2164081366389990e+04
1.3685715153068714e+07 -3.8524098954060674e+05 4.7548102551728487e+04 1.2135619292601943e+04
1.3685716153068714e+07 -3.8525238747981191e+05 4.7495873367056251e+04 1.2107156944200397e+04
1.3685717153068714e+07 -3.8526377583488822e+05 4.7443643061339855e+04 1.2078694321386516e+04
1.3685718153068714e+07 -3.8527515459887683e+05 4.7391411638155580e+04 1.2050231425881386e+04
1.3685719153068714e+07 -3.8528652377527207e+05 4.7339179097712040e+04 1.2021768257893622e+04
1.3685720153068714e+07 -3.8529788336407393e+05 4.7286945441320539e+04 1.1993304818123579e+04
1.3685721153068714e+07 -3.8530923336875439e+05 4.7234710669204593e+04 1.1964841106794775e+04
1.3685722153068714e+07 -3.8532057378239185e+05 4.7182474784895778e+04 1.1936377125620842e+04
1.3685723153068714e+07 -3.8533190460847318e+05 4.7130237788602710e+04 1.1907912874802947e+04
1.3685724153068714e+07 -3.8534322585045546e+05 4.7077999680534005e+04 1.1879448354557157e+04
1.3685725153068714e+07 -3.8535453750141710e+05 4.7025760464221239e+04 1.1850983566574752e+04
1.3685726153068714e+07 -3.8536583956485242e+05 4.6973520139917731e+04 1.1822518511101604e+04
1.3685727153068714e+07 -3.8537713204075396e+05 4.6921278708890080e+04 1.1794053188823164e+04
1.3685728153068714e+07 -3.8538841493258625e+05 4.6869036171361804e+04 1.1765587599948049e+04
1.3685729153068714e+07 -3.8539968823346496e+05 4.6816792530879378e+04 1.1737121746204793e+04
1.3685730153068714e+07 -3.8541095194683224e+05 4.6764547787651420e+04 1.1708655627787113e+04
1.3685731153068714e+07 -3.8542220607616752e+05 4.6712301941901445e+04 1.1680189244925976e+04
1.3685732153068714e+07 -3.8543345061457157e+05 4.6660054997146130e+04 1.1651722599305212e+04
1.3685733153068714e+07 -3.8544468556550890e+05 4.6607806953623891e+04 1.1623255691155791e+04
1.3685734153068714e+07 -3.8545591093243659e+05 4.6555557811498642e+04 1.1594788520678878e+04
1.3685735153068714e+07 -3.8546712670845538e+05 4.6503307574316859e+04 1.1566321089588106e+04
1.3685736153068714e+07 -3.8547833290050924e+05 4.6451056241229177e+04 1.1537853397592902e+04
1.3685737153068714e+07 -3.8548952950167656e+05 4.6398803815737367e+04 1.1509385446399450e+04
1.3685738153068714e+07 -3.8550071651542932e+05 4.6346550298050046e+04 1.1480917236223817e+04
1.3685739153068714e+07 -3.8551189394524693e+05 4.6294295688375831e+04 1.1452448767267168e+04
1.3685740153068714e+07 -3.8552306178422272e+05 4.6242039990261197e+04 1.1423980041250587e+04
1.3685741153068714e+07 -3.8553422003927827e+05 4.6189783202812076e+04 1.1395511057883501e+04
1.3685742153068714e+07 -3.8554536870350689e+05 4.6137525329515338e+04 1.1367041818857193e+04
1.3685743153068714e+07 -3.8555650778039545e+05 4.6085266370669007e+04 1.1338572324410081e+04
1.3685744153068714e+07 -3.8556763727341592e+05 4.6033006326407194e+04 1.1310102574728429e+04
1.3685745153068714e+07 -3.8557875717563927e+05 4.5980745200306177e+04 1.1281632571533322e+04
1.3685746153068714e+07 -3.8558986749401689e+05 4.5928482991427183e+04 1.1253162314534187e+04
1.3685747153068714e+07 -3.8560096822164208e+05 4.5876219703376293e+04 1.1224691805444658e+04
1.3685748153068714e+07 -3.8561205936545134e+05 4.5823955335170031e+04 1.1196221043966711e+04
1.3685749153068714e+07 -3.8562314091853052e+05 4.5771689890414476e+04 1.1167750031813979e+04
1.3685750153068714e+07 -3.8563421288782358e+05 4.5719423368155956e+04 1.1139278768688440e+04
1.3685751153068714e+07 -3.8564527526642382e+05 4.5667155771985650e+04 1.1110807256303728e+04
1.3685752153068714e+07 -3.8565632806125283e+05 4.5614887100949883e+04 1.1082335494376719e+04
1.3685753153068714e+07 -3.8566737126541883e+05 4.5562617358624935e+04 1.1053863484621048e+04
1.3685754153068714e+07 -3.8567840488585830e+05 4.5510346544086933e+04 1.1025391226723790e+04
1.3685755153068714e+07 -3.8568942891565710e+05 4.5458074660867453e+04 1.0996918722420931e+04
1.3685756153068714e+07 -3.8570044336176664e+05 4.5405801708087325e+04 1.0968445971399546e+04
1.3685757153068714e+07 -3.8571144821725786e+05 4.5353527689293027e+04 1.0939972975380719e+04
1.3685758153068714e+07 -3.8572244348908961e+05 4.5301252603560686e+04 1.0911499734066427e+04
1.3685759153068714e+07 -3.8573342917036265e+05 4.5248976454421878e+04 1.0883026249177754e+04
1.3685760153068714e+07 -3.8574440526799113e+05 4.5196699240967631e+04 1.0854552520416677e+04
1.3685761153068714e+07 -3.8575537177509069e+05 4.5144420966789126e+04 1.0826078549489379e+04
1.3685762153068714e+07 -3.8576632869859040e+05 4.5092141630902886e+04 1.0797604336112738e+04
1.3685763153068714e+07 -3.8577727603504062e+05 4.5039861235812306e+04 1.0769129881501198e+04
1.3685764153068714e+07 -3.8578821378102154e+05 4.4987579783901572e+04 1.0740655186831951e+04
1.3685765153068714e+07 -3.8579914194344729e+05 4.4935297274276614e+04 1.0712180251851678e+04
1.3685766153068714e+07 -3.8581006051543355e+05 4.4883013710483909e+04 1.0683705078244209e+04
1.3685767153068714e+07 -3.8582096950389445e+05 4.4830729091599584e+04 1.0655229665748775e+04
1.3685768153068714e+07 -3.8583186890541017e+05 4.4778443420082331e+04 1.0626754015542567e+04
1.3685769153068714e+07 -3.8584275871655345e+05 4.4726156698331237e+04 1.0598278128847480e+04
1.3685770153068714e+07 -3.8585363894423097e+05 4.4673868925467134e+04 1.0569802005372941e+04
1.3685771153068714e+07 -3.8586450958155841e+05 4.4621580105006695e+04 1.0541325646810234e+04
1.3685772153068714e+07 -3.8587537063547969e+05 4.4569290236055851e+04 1.0512849052898586e+04
1.3685773153068714e+07 -3.8588622210253775e+05 4.4516999321028590e+04 1.0484372224830091e+04
1.3685774153068714e+07 -3.8589706397930533e+05 4.4464707362383604e+04 1.0455895163811743e+04
1.3685775153068714e+07 -3.8590789627271891e+05 4.4412414359197021e+04 1.0427417869567871e+04
1.3685776153068714e+07 -3.8591871897933632e+05 4.4360120313882828e+04 1.0398940343290567e+04
1.3685777153068714e+07 -3.8592953209573030e+05 4.4307825228884816e+04 1.0370462586186826e+04
1.3685778153068714e+07 -3.8594033562881500e+05 4.4255529103279114e+04 1.0341984597980976e+04
1.3685779153068714e+07 -3.8595112957517803e+05 4.4203231939539313e+04 1.0313506379872561e+04
1.3685780153068714e+07 -3.8596191393484175e+05 4.4150933738946915e+04 1.0285027932561934e+04
1.3685781153068714e+07 -3.8597268870434910e+05 4.4098634503930807e+04 1.0256549257263541e+04
1.3685782153068714e+07 -3.8598345389065146e+05 4.4046334233582020e+04 1.0228070353701711e+04
1.3685783153068714e+07 -3.8599420949030668e+05 4.3994032930344343e+04 1.0199591223053634e+04
1.3685784153068714e+07 -3.8600495549989492e+05 4.3941730596616864e+04 1.0171111866556108e+04
1.3685785153068714e+07 -3.8601569192633033e+05 4.3889427231520414e+04 1.0142632283903658e+04
1.3685786153068714e+07 -3.8602641876618564e+05 4.3837122837483883e+04 1.0114152476310730e+04
1.3685787153068714e+07 -3.8603713601949066e+05 4.3784817415803671e+04 1.0085672444477677e+04
1.3685788153068714e+07 -3.8604784368281811e+05 4.3732510968923569e+04 1.0057192189611495e+04
1.3685789153068714e+07 -3.8605854176308215e+05 4.3680203495919704e+04 1.0028711711429060e+04
1.3685790153068714e+07 -3.8606923025686294e+05 4.3627894999235868e+04 1.0000231011144817e+04
1.3685791153068714e+07 -3.8607990916419029e+05 4.3575585480168462e+04 9.9717500894442201e+03
1.3685792153068714e+07 -3.8609057848507166e+05 4.3523274940073490e+04 9.9432689470499754e+03
1.3685793153068714e+07 -3.8610123821609467e+05 4.3470963381335139e+04 9.9147875851690769e+03
1.3685794153068714e+07 -3.8611188836417347e+05 4.3418650803074241e+04 9.8863060035184026e+03
1.3685795153068714e+07 -3.8612252892590314e+05 4.3366337207689881e+04 9.8578242032900453e+03
1.3685796153068714e+07 -3.8613315990129113e+05 4.3314022596523166e+04 9.8293421851992607e+03
1.3685797153068714e+07 -3.8614378129036725e+05 4.3261706970885396e+04 9.8008599499538541e+03
1.3685798153068714e+07 -3.8615439308969676e+05 4.3209390333205462e+04 9.7723774987533689e+03
1.3685799153068714e+07 -3.8616499530622363e+05 4.3157072682544589e+04 9.7438948313146830e+03
1.3685800153068714e+07 -3.8617558793649822e+05 4.3104754021346569e+04 9.7154119488447905e+03
1.3685801153068714e+07 -3.8618617098057270e+05 4.3052434350967407e+04 9.6869288520589471e+03
1.3685802153068714e+07 -3.8619674443846196e+05 4.3000113672673702e+04 9.6584455416426063e+03
1.3685803153068714e+07 -3.8620730831020325e+05 4.2947791987791657e+04 9.6299620183259249e+03
1.3685804153068714e+07 -3.8621786259580404e+05 4.2895469297647476e+04 9.6014782828018069e+03
1.3685805153068714e+07 -3.8622840729184449e+05 4.2843145604655147e+04 9.5729943362921476e+03
1.3685806153068714e+07 -3.8623894240526855e+05 4.2790820907905698e+04 9.5445101784840226e+03
1.3685807153068714e+07 -3.8624946793262661e+05 4.2738495209842920e+04 9.5160258105993271e+03
1.3685808153068714e+07 -3.8625998387397081e+05 4.2686168511778116e+04 9.4875412333458662e+03
1.3685809153068714e+07 -3.8627049022933096e+05 4.2633840814992785e+04 9.4590564474239945e+03
1.3685810153068714e+07 -3.8628098699871451e+05 4.2581512120842934e+04 9.4305714535489678e+03
1.3685811153068714e+07 -3.8629147418215871e+05 4.2529182430639863e+04 9.4020862524211407e+03
1.3685812153068714e+07 -3.8630195177969337e+05 4.2476851745665073e+04 9.3736008447483182e+03
1.3685813153068714e+07 -3.8631241979134828e+05 4.2424520067259669e+04 9.3451152312457561e+03
1.3685814153068714e+07 -3.8632287821714580e+05 4.2372187396734953e+04 9.3166294126063585e+03
1.3685815153068714e+07 -3.8633332705712318e+05 4.2319853735402226e+04 9.2881433895453811e+03
1.3685816153068714e+07 -3.8634376631131023e+05 4.2267519084557891e+04 9.2596571627780795e+03
1.3685817153068714e+07 -3.8635419597972929e+05 4.2215183445572853e+04 9.2311707330048084e+03
1.3685818153068714e+07 -3.8636461606241018e+05 4.2162846819698811e+04 9.2026841009110212e+03
1.3685819153068714e+07 -3.8637502655939013e+05 4.2110509208276868e+04 9.1741972672492266e+03
1.3685820153068714e+07 -3.8638542747068405e+05 4.2058170612633228e+04 9.1457102326825261e+03
1.3685821153068714e+07 -3.8639581879634410e+05 4.2005831034049392e+04 9.1172229979485273e+03
1.3685822153068714e+07 -3.8640620053638518e+05 4.1953490473851562e+04 9.0887355637326837e+03
1.3685823153068714e+07 -3.8641657269083709e+05 4.1901148933365941e+04 9.0602479307502508e+03
1.3685824153068714e+07 -3.8642693525975198e+05 4.1848806413918734e+04 9.0317600997090340e+03
1.3685825153068714e+07 -3.8643728824313730e+05 4.1796462916806340e+04 9.0032720713317394e+03
1.3685826153068714e+07 -3.8644763164102286e+05 4.1744118443325162e+04 8.9747838462963700e+03
1.3685827153068714e+07 -3.8645796545346826e+05 4.1691772994786501e+04 8.9462954253107309e+03
1.3685828153068714e+07 -3.8646828968048841e+05 4.1639426572546363e+04 8.9178068091049790e+03
1.3685829153068714e+07 -3.8647860432209820e+05 4.1587079177886248e+04 8.8893179983794689e+03
1.3685830153068714e+07 -3.8648890937835723e+05 4.1534730812147260e+04 8.8608289938196540e+03
1.3685831153068714e+07 -3.8649920484928042e+05 4.1482381476610899e+04 8.8323397961482406e+03
1.3685832153068714e+07 -3.8650949073491991e+05 4.1430031172603369e+04 8.8038504060804844e+03
1.3685833153068714e+07 -3.8651976703528315e+05 4.1377679901435971e+04 8.7753608243018389e+03
1.3685834153068714e+07 -3.8653003375042230e+05 4.1325327664434910e+04 8.7468710515350103e+03
1.3685835153068714e+07 -3.8654029088382423e+05 4.1272974461764097e+04 8.7183810879886150e+03
1.3685836153068714e+07 -3.8655053842860460e+05 4.1220620296999812e+04 8.6898909353539348e+03
1.3685837153068714e+07 -3.8656077638825774e+05 4.1168265170335770e+04 8.6614005938395858e+03
1.3685838153068714e+07 -3.8657100476282090e+05 4.1115909083083272e+04 8.6329100641608238e+03
1.3685839153068714e+07 -3.8658122355231643e+05 4.1063552036538720e+04 8.6044193470180035e+03
1.3685840153068714e+07 -3.8659143275678903e+05 4.1011194032058120e+04 8.5759284431189299e+03
1.3685841153068714e+07 -3.8660163237627596e+05 4.0958835070893168e+04 8.5474373531639576e+03
1.3685842153068714e+07 -3.8661182241425663e+05 4.0906475153267384e+04 8.5189460773840547e+03
1.3685843153068714e+07 -3.8662200286385417e+05 4.0854114282742143e+04 8.4904546174481511e+03
1.3685844153068714e+07 -3.8663217372859269e+05 4.0801752459511161e+04 8.4619629735872149e+03
1.3685845153068714e+07 -3.8664233500846475e+05 4.0749389684870839e+04 8.4334711464866996e+03
1.3685846153068714e+07 -3.8665248670352250e+05 4.0697025960132480e+04 8.4049791368767619e+03
1.3685847153068714e+07 -3.8666262881381065e+05 4.0644661286622286e+04 8.3764869454577565e+03
1.3685848153068714e+07 -3.8667276134280860e+05 4.0592295664548874e+04 8.3479945724233985e+03
1.3685849153068714e+07 -3.8668288428364694e+05 4.0539929097414017e+04 8.3195020194798708e+03
1.3685850153068714e+07 -3.8669299763981998e+05 4.0487561585441232e+04 8.2910092868506908e+03
1.3685851153068714e+07 -3.8670310141135752e+05 4.0435193129926920e+04 8.2625163752138615e+03
1.3685852153068714e+07 -3.8671319560176879e+05 4.0382823731109500e+04 8.2340232848003507e+03
1.3685853153068714e+07 -3.8672328020415455e+05 4.0330453392490745e+04 8.2055300173163414e+03
1.3685854153068714e+07 -3.8673335522202402e+05 4.0278082114279270e+04 8.1770365729406476e+03
1.3685855153068714e+07 -3.8674342065542191e+05 4.0225709897816181e+04 8.1485429523959756e+03
1.3685856153068714e+07 -3.8675347650783509e+05 4.0173336743235588e+04 8.1200491559058428e+03
1.3685857153068714e+07 -3.8676352277238667e+05 4.0120962654128671e+04 8.0915551851391792e+03
1.3685858153068714e+07 -3.8677355945257097e+05 4.0068587630674243e+04 8.0630610403269529e+03
1.3685859153068714e+07 -3.8678358654844016e+05 4.0016211674183607e+04 8.0345667221695185e+03
1.3685860153068714e+07 -3.8679360406345129e+05 3.9963834784865379e+04 8.0060722308605909e+03
1.3685861153068714e+07 -3.8680361199077964e+05 3.9911456966251135e+04 7.9775775681212544e+03
1.3685862153068714e+07 -3.8681361033389717e+05 3.9859078218534589e+04 7.9490827341377735e+03
1.3685863153068714e+07 -3.8682359909629822e+05 3.9806698541909456e+04 7.9205877291485667e+03
1.3685864153068714e+07 -3.8683357827112079e+05 3.9754317939937115e+04 7.8920925548151135e+03
1.3685865153068714e+07 -3.8684354786183685e+05 3.9701936412796378e+04 7.8635972113832831e+03
1.3685866153068714e+07 -3.8685350787198544e+05 3.9649553960710764e+04 7.8351016990318894e+03
1.3685867153068714e+07 -3.8686345829465985e+05 3.9597170587182045e+04 7.8066060194820166e+03
1.3685868153068714e+07 -3.8687339913336188e+05 3.9544786292418838e+04 7.7781101729199290e+03
1.3685869153068714e+07 -3.8688333039159328e+05 3.9492401076629758e+04 7.7496141595840454e+03
1.3685870153068714e+07 -3.8689325206249207e+05 3.9440014943346381e+04 7.7211179811358452e+03
1.3685871153068714e+07 -3.8690316415299475e+05 3.9387627891659737e+04 7.6926216373071074e+03
1.3685872153068714e+07 -3.8691306665623933e+05 3.9335239925101399e+04 7.6641251297891140e+03
1.3685873153068714e+07 -3.8692295957572758e+05 3.9282851043865085e+04 7.6356284587979317e+03
1.3685874153068714e+07 -3.8693284291496128e+05 3.9230461248129606e+04 7.6071316245421767e+03
1.3685875153068714e+07 -3.8694271666704863e+05 3.9178070541501045e+04 7.5786346287056804e+03
1.3685876153068714e+07 -3.8695258083897829e+05 3.9125678922981024e+04 7.5501374710127711e+03
1.3685877153068714e+07 -3.8696243542384356e+05 3.9073286396160722e+04 7.5216401531621814e+03
1.3685878153068714e+07 -3.8697228042516857e+05 3.9020892961218953e+04 7.4931426753625274e+03
1.3685879153068714e+07 -3.8698211584645510e+05 3.8968498618349433e+04 7.4646450378149748e+03
1.3685880153068714e+07 -3.8699194168080389e+05 3.8916103371113539e+04 7.4361472422182560e+03
1.3685881153068714e+07 -3.8700175793519616e+05 3.8863707218557596e+04 7.4076492882817984e+03
1.3685882153068714e+07 -3.8701156460276991e+05 3.8811310164228082e+04 7.3791511777117848e+03
1.3685883153068714e+07 -3.8702136169046909e+05 3.8758912207230926e+04 7.3506529102101922e+03
1.3685884153068714e+07 -3.8703114919141680e+05 3.8706513351067901e+04 7.3221544874757528e+03
1.3685885153068714e+07 -3.8704092711258680e+05 3.8654113594859838e+04 7.2936559092178941e+03
1.3685886153068714e+07 -3.8705069544710219e+05 3.8601712942153215e+04 7.2651571771502495e+03
1.3685887153068714e+07 -3.8706045420192927e+05 3.8549311391979456e+04 7.2366582909673452e+03
1.3685888153068714e+07 -3.8707020337018371e+05 3.8496908947899938e+04 7.2081592523753643e+03
1.3685889153068714e+07 -3.8707994295884669e+05 3.8444505609005690e+04 7.1796600610837340e+03
1.3685890153068714e+07 -3.8708967296102643e+05 3.8392101378813386e+04 7.1511607187688351e+03
1.3685891153068714e+07 -3.8709939338369668e+05 3.8339696256428957e+04 7.1226612251698971e+03
1.3685892153068714e+07 -3.8710910422000289e+05 3.8287290245383978e+04 7.0941615819931030e+03
1.3685893153068714e+07 -3.8711880547685921e+05 3.8234883344754577e+04 7.0656617889031768e+03
1.3685894153068714e+07 -3.8712849715090543e+05 3.8182475556969643e+04 7.0371618471443653e+03
1.3685895153068714e+07 -3.8713817923869938e+05 3.8130066884443164e+04 7.0086617578864098e+03
1.3685896153068714e+07 -3.8714785174722970e+05 3.8077657326281071e+04 6.9801615208759904e+03
1.3685897153068714e+07 -3.8715751466961205e+05 3.8025246885985136e+04 6.9516611377596855e+03
1.3685898153068714e+07 -3.8716716801279783e+05 3.7972835562646389e+04 6.9231606083065271e+03
1.3685899153068714e+07 -3.8717681176993996e+05 3.7920423359826207e+04 6.8946599341556430e+03
1.3685900153068714e+07 -3.8718644594798982e+05 3.7868010276585817e+04 6.8661591150611639e+03
1.3685901153068714e+07 -3.8719607054353505e+05 3.7815596315339208e+04 6.8376581522002816e+03
1.3685902153068714e+07 -3.8720568555317819e+05 3.7763181478545070e+04 6.8091570467948914e+03
1.3685903153068714e+07 -3.8721529098387063e+05 3.7710765765264630e+04 6.7806557985320687e+03
1.3685904153068714e+07 -3.8722488683222234e+05 3.7658349177882075e+04 6.7521544086262584e+03
1.3685905153068714e+07 -3.8723447309479862e+05 3.7605931718885899e+04 6.7236528782621026e+03
1.3685906153068714e+07 -3.8724404977858067e+05 3.7553513387322426e+04 6.6951512071639299e+03
1.3685907153068714e+07 -3.8725361688015610e+05 3.7501094185635448e+04 6.6666493965387344e+03
1.3685908153068714e+07 -3.8726317439612746e+05 3.7448674116194248e+04 6.6381474475637078e+03
1.3685909153068714e+07 -3.8727272233343124e+05 3.7396253178149462e+04 6.6096453599631786e+03
1.3685910153068714e+07 -3.8728226068869233e+05 3.7343831373870373e+04 6.5811431349292397e+03
1.3685911153068714e+07 -3.8729178945849091e+05 3.7291408705815673e+04 6.5526407736763358e+03
1.3685912153068714e+07 -3.8730130864977837e+05 3.7238985173046589e+04 6.5241382759064436e+03
1.3685913153068714e+07 -3.8731081825915724e+05 3.7186560777992010e+04 6.4956356428191066e+03
1.3685914153068714e+07 -3.8732031828323752e+05 3.7134135523065925e+04 6.4671328756064177e+03
1.3685915153068714e+07 -3.8732980872896314e+05 3.7081709407344460e+04 6.4386299739852548e+03
1.3685916153068714e+07 -3.8733928959294409e+05 3.7029282433286309e+04 6.4101269391626120e+03
1.3685917153068714e+07 -3.8734876087521762e+05 3.6976854602143168e+04 6.3816237718313932e+03
1.3685918153068714e+07 -3.8735822257238626e+05 3.6924425916403532e+04 6.3531204731911421e+03
1.3685919153068714e+07 -3.8736767469141632e+05 3.6871996375069022e+04 6.3246170429587364e+03
1.3685920153068714e+07 -3.8737711722889543e+05 3.6819565980657935e+04 6.2961134823188186e+03
1.3685921153068714e+07 -3.8738655018487573e+05 3.6767134734392166e+04 6.2676097920015454e+03
1.3685922153068714e+07 -3.8739597355597466e+05 3.6714702638730407e+04 6.2391059731766582e+03
1.3685923153068714e+07 -3.8740538734913617e+05 3.6662269692733884e+04 6.2106020255684853e+03
1.3685924153068714e+07 -3.8741479156096280e+05 3.6609835898861289e+04 6.1820979503765702e+03
1.3685925153068714e+07 -3.8742418619150668e+05 3.6557401258379221e+04 6.1535937483012676e+03
1.3685926153068714e+07 -3.8743357124081999e+05 3.6504965772628784e+04 6.1250894200503826e+03
1.3685927153068714e+07 -3.8744294670896232e+05 3.6452529442906380e+04 6.0965849663168192e+03
1.3685928153068714e+07 -3.8745231259252876e+05 3.6400092271611094e+04 6.0680803883001208e+03
1.3685929153068714e+07 -3.8746166889848560e+05 3.6347654257848859e+04 6.0395756857246161e+03
1.3685930153068714e+07 -3.8747101562343538e+05 3.6295215404018760e+04 6.0110708597749472e+03
1.3685931153068714e+07 -3.8748035276741534e+05 3.6242775711476803e+04 5.9825659111589193e+03
1.3685932153068714e+07 -3.8748968033050001e+05 3.6190335181459785e+04 5.9540608405619860e+03
1.3685933153068714e+07 -3.8749899831274152e+05 3.6137893815323710e+04 5.9255556487217546e+03
1.3685934153068714e+07 -3.8750830671073496e+05 3.6085451615497470e+04 5.8970503368079662e+03
1.3685935153068714e+07 -3.8751760553144664e+05 3.6033008581027389e+04 5.8685449045374990e+03
1.3685936153068714e+07 -3.8752689477147162e+05 3.5980564714327455e+04 5.8400393531173468e+03
1.3685937153068714e+07 -3.8753617443086952e+05 3.5928120016753674e+04 5.8115336832404137e+03
1.3685938153068714e+07 -3.8754544450969994e+05 3.5875674489557743e+04 5.7830278956145048e+03
1.3685939153068714e+07 -3.8755470500801504e+05 3.5823228134080768e+04 5.7545219909325242e+03
1.3685940153068714e+07 -3.8756395592588186e+05 3.5770780951619148e+04 5.7260159699097276e+03
1.3685941153068714e+07 -3.8757319726334512e+05 3.5718332943484187e+04 5.6975098332390189e+03
1.3685942153068714e+07 -3.8758242902046442e+05 3.5665884110987186e+04 5.6690035816207528e+03
1.3685943153068714e+07 -3.8759165119729191e+05 3.5613434455409646e+04 5.6404972157701850e+03
1.3685944153068714e+07 -3.8760086379390210e+05 3.5560983978107572e+04 5.6119907363653183e+03
1.3685945153068714e+07 -3.8761006681033969e+05 3.5508532680332661e+04 5.5834841441363096e+03
1.3685946153068714e+07 -3.8761926024665684e+05 3.5456080563396215e+04 5.5549774397686124e+03
1.3685947153068714e+07 -3.8762844410292804e+05 3.5403627628654242e+04 5.5264706239625812e+03
1.3685948153068714e+07 -3.8763761837919801e+05 3.5351173877358437e+04 5.4979636974260211e+03
1.3685949153068714e+07 -3.8764678307553381e+05 3.5298719310849905e+04 5.4694566608518362e+03
1.3685950153068714e+07 -3.8765593819198757e+05 3.5246263930410147e+04 5.4409495149552822e+03
1.3685951153068714e+07 -3.8766508372861892e+05 3.5193807737380266e+04 5.4124422604292631e+03
1.3685952153068714e+07 -3.8767421968549490e+05 3.5141350733026862e+04 5.3839348979741335e+03
1.3685953153068714e+07 -3.8768334606266022e+05 3.5088892918676138e+04 5.3554274283051491e+03
1.3685954153068714e+07 -3.8769246286018938e+05 3.5036434295654297e+04 5.3269198521077633e+03
1.3685955153068714e+07 -3.8770157007812709e+05 3.4983974865183234e+04 5.2984121700823307e+03
1.3685956153068714e+07 -3.8771066771654785e+05 3.4931514628693461e+04 5.2699043829366565e+03
1.3685957153068714e+07 -3.8771975577551126e+05 3.4879053587391973e+04 5.2413964913785458e+03
1.3685958153068714e+07 -3.8772883425506949e+05 3.4826591742634773e+04 5.2128884961158037e+03
1.3685959153068714e+07 -3.8773790315527469e+05 3.4774129095703363e+04 5.1843803978189826e+03
1.3685960153068714e+07 -3.8774696247621626e+05 3.4721665647894144e+04 5.1558721972182393e+03
1.3685961153068714e+07 -3.8775601221793890e+05 3.4669201400563121e+04 5.1273638949990273e+03
1.3685962153068714e+07 -3.8776505238048732e+05 3.4616736354961991e+04 5.0988554918617010e+03
1.3685963153068714e+07 -3.8777408296394348e+05 3.4564270512416959e+04 5.0703469885140657e+03
1.3685964153068714e+07 -3.8778310396836698e+05 3.4511803874239326e+04 5.0418383856564760e+03
1.3685965153068714e+07 -3.8779211539728194e+05 3.4459336440593004e+04 5.0133296834975481e+03
1.3685966153068714e+07 -3.8780111724381149e+05 3.4406868215039372e+04 4.9848208837285638e+03
1.3685967153068714e+07 -3.8781010951150954e+05 3.4354399197787046e+04 4.9563119865581393e+03
1.3685968153068714e+07 -3.8781909220041335e+05 3.4301929390087724e+04 4.9278029926642776e+03
1.3685969153068714e+07 -3.8782806531058997e+05 3.4249458793297410e+04 4.8992939027771354e+03
1.3685970153068714e+07 -3.8783702884212136e+05 3.4196987408682704e+04 4.8707847175896168e+03
1.3685971153068714e+07 -3.8784598279849440e+05 3.4144515236422420e+04 4.8422754372879863e+03
1.3685972153068714e+07 -3.8785492717287689e+05 3.4092042280107737e+04 4.8137660635858774e+03
1.3685973153068714e+07 -3.8786386196881533e+05 3.4039568539902568e+04 4.7852565966844559e+03
1.3685974153068714e+07 -3.8787278718633205e+05 3.3987094017103314e+04 4.7567470372766256e+03
1.3685975153068714e+07 -3.8788170282550156e+05 3.3934618713006377e+04 4.7282373860701919e+03
1.3685976153068714e+07 -3.8789060888984799e+05 3.3882142627835274e+04 4.6997276432588696e+03
1.3685977153068714e+07 -3.8789950537253916e+05 3.3829665765076876e+04 4.6712178105711937e+03
1.3685978153068714e+07 -3.8790839227706939e+05 3.3777188124969602e+04 4.6427078881636262e+03
1.3685979153068714e+07 -3.8791726960351318e+05 3.3724709708780050e+04 4.6141978767588735e+03
1.3685980153068714e+07 -3.8792613735195994e+05 3.3672230517834425e+04 4.5856877770498395e+03
1.3685981153068714e+07 -3.8793499552588910e+05 3.3619750552311540e+04 4.5571775892600417e+03
1.3685982153068714e+07 -3.8794384411848336e+05 3.3567269815742970e+04 4.5286673150584102e+03
1.3685983153068714e+07 -3.8795268313325942e+05 3.3514788308337331e+04 4.5001569546610117e+03
1.3685984153068714e+07 -3.8796151257027686e+05 3.3462306031376123e+04 4.4716465087682009e+03
1.3685985153068714e+07 -3.8797033243305981e+05 3.3409822985038161e+04 4.4431359775885940e+03
1.3685986153068714e+07 -3.8797914271476865e+05 3.3357339172884822e+04 4.4146253627985716e+03
1.3685987153068714e+07 -3.8798794341892004e+05 3.3304854595109820e+04 4.3861146646142006e+03
1.3685988153068714e+07 -3.8799673454903811e+05 3.3252369251862168e+04 4.3576038832366467e+03
1.3685989153068714e+07 -3.8800551609827578e+05 3.3199883146733046e+04 4.3290930203646421e+03
1.3685990153068714e+07 -3.8801428807016462e+05 3.3147396279871464e+04 4.3005820761993527e+03
1.3685991153068714e+07 -3.8802305046821386e+05 3.3094908651456237e+04 4.2720710509270430e+03
1.3685992153068714e+07 -3.8803180328559875e+05 3.3042420265048742e+04 4.2435599462687969e+03
1.3685993153068714e+07 -3.8804054652582109e+05 3.2989931120812893e+04 4.2150487624034286e+03
1.3685994153068714e+07 -3.8804928019241989e+05 3.2937441218972206e+04 4.1865374995470047e+03
1.3685995153068714e+07 -3.8805800427856296e+05 3.2884950563028455e+04 4.1580261593908072e+03
1.3685996153068714e+07 -3.8806671878774464e+05 3.2832459153175354e+04 4.1295147421434522e+03
1.3685997153068714e+07 -3.8807542372350395e+05 3.2779966989606619e+04 4.1010032479986548e+03
1.3685998153068714e+07 -3.8808411907901615e+05 3.2727474075868726e+04 4.0724916786402464e+03
1.3685999153068714e+07 -3.8809280486122519e+05 3.2674980410993099e+04 4.0439800338074565e+03
1.3686000153068714e+07 -3.8810148106332123e+05 3.2622485998570919e+04 4.0154683151617646e+03
1.3686001153068714e+07 -3.8811014768882096e+05 3.2569990838766098e+04 3.9869565229192376e+03
1.3686002153068714e+07 -3.8811880474124104e+05 3.2517494931727648e+04 3.9584446572810411e+03
1.3686003153068714e+07 -3.8812745221374929e+05 3.2464998281031847e+04 3.9299327199459076e+03
1.3686004153068714e+07 -3.8813609011331946e+05 3.2412500885739923e+04 3.9014207106009126e+03
1.3686005153068714e+07 -3.8814471843311936e+05 3.2360002749383450e+04 3.8729086309596896e+03
1.3686006153068714e+07 -3.8815333718013018e+05 3.2307503871038556e+04 3.8443964807167649e+03
1.3686007153068714e+07 -3.8816194634750485e+05 3.2255004254251719e+04 3.8158842615708709e+03
1.3686008153068714e+07 -3.8817054594223201e+05 3.2202503898054361e+04 3.7873719732165337e+03
1.3686009153068714e+07 -3.8817913595747203e+05 3.2150002805992961e+04 3.7588596173599362e+03
1.3686010153068714e+07 -3.8818771640019119e+05 3.2097500977188349e+04 3.7303471937030554e+03
1.3686011153068714e+07 -3.8819628726358712e+05 3.2044998415097594e+04 3.7018347039446235e+03
1.3686012153068714e+07 -3.8820484855460376e+05 3.1992495118841529e+04 3.6733221477642655e+03
1.3686013153068714e+07 -3.8821340026642382e+05 3.1939991091981530e+04 3.6448095268905163e+03
1.3686014153068714e+07 -3.8822194240602106e+05 3.1887486333489418e+04 3.6162968410030007e+03
1.3686015153068714e+07 -3.8823047496657073e+05 3.1834980846986175e+04 3.5877840918004513e+03
1.3686016153068714e+07 -3.8823899795505404e+05 3.1782474631518126e+04 3.5592712789997458e+03
1.3686017153068714e+07 -3.8824751136461645e+05 3.1729967690616846e+04 3.5307584042772651e+03
1.3686018153068714e+07 -3.8825601520225406e+05 3.1677460023328662e+04 3.5022454673573375e+03
1.3686019153068714e+07 -3.8826450946114212e+05 3.1624951633229852e+04 3.4737324699014425e+03
1.3686020153068714e+07 -3.8827299414823204e+05 3.1572442519336939e+04 3.4452194116339087e+03
1.3686021153068714e+07 -3.8828146925672144e+05 3.1519932685241103e+04 3.4167062942609191e+03
1.3686022153068714e+07 -3.8828993479356915e+05 3.1467422129973769e+04 3.3881931174695492e+03
1.3686023153068714e+07 -3.8829839075542241e+05 3.1414910855993629e+04 3.3596798824518919e+03
1.3686024153068714e+07 -3.8830683713886887e+05 3.1362398865669966e+04 3.3311665904149413e+03
1.3686025153068714e+07 -3.8831527395090461e+05 3.1309886158078909e+04 3.3026532410606742e+03
1.3686026153068714e+07 -3.8832370118472725e+05 3.1257372736766934e+04 3.2741398360729218e+03
1.3686027153068714e+07 -3.8833211884726584e+05 3.1204858600825071e+04 3.2456263751760125e+03
1.3686028153068714e+07 -3.8834052693517506e+05 3.1152343752637506e+04 3.2171128595396876e+03
1.3686029153068714e+07 -3.8834892544508725e+05 3.1099828194633126e+04 3.1885992903783917e+03
1.3686030153068714e+07 -3.8835731438394636e+05 3.1047311925888062e+04 3.1600856673866510e+03
1.3686031153068714e+07 -3.8836569374841452e+05 3.0994794948786497e+04 3.1315719917565584e+03
1.3686032153068714e+07 -3.8837406353509426e+05 3.0942277265802026e+04 3.1030582646951079e+03
1.3686033153068714e+07 -3.8838242375096679e+05 3.0889758875936270e+04 3.0745444859117270e+03
1.3686034153068714e+07 -3.8839077439267188e+05 3.0837239781647921e+04 3.0460306565836072e+03
1.3686035153068714e+07 -3.8839911545681208e+05 3.0784719985365868e+04 3.0175167779102921e+03
1.3686036153068714e+07 -3.8840744695039093e+05 3.0732199486136436e+04 2.9890028496086597e+03
1.3686037153068714e+07 -3.8841576887001842e+05 3.0679678286358714e+04 2.9604888728484511e+03
1.3686038153068714e+07 -3.8842408121578395e+05 3.0627156387358904e+04 2.9319748483449221e+03
1.3686039153068714e+07 -3.8843238398429751e+05 3.0574633791565895e+04 2.9034607773050666e+03
1.3686040153068714e+07 -3.8844067718255520e+05 3.0522110498055816e+04 2.8749466594159603e+03
1.3686041153068714e+07 -3.8844896080718189e+05 3.0469586509168148e+04 2.8464324958696961e+03
1.3686042153068714e+07 -3.8845723485825211e+05 3.0417061826273799e+04 2.8179182873740792e+03
1.3686043153068714e+07 -3.8846549933239818e+05 3.0364536451756954e+04 2.7894040351212025e+03
1.3686044153068714e+07 -3.8847375423659384e+05 3.0312010384723544e+04 2.7608897388130426e+03
1.3686045153068714e+07 -3.8848199956746399e+05 3.0259483627542853e+04 2.7323753996491432e+03
1.3686046153068714e+07 -3.8849023532509804e+05 3.0206956181555986e+04 2.7038610183224082e+03
1.3686047153068714e+07 -3.8849846150614321e+05 3.0154428049162030e+04 2.6753465960100293e+03
1.3686048153068714e+07 -3.8850667811753601e+05 3.0101899229407310e+04 2.6468321324512362e+03
1.3686049153068714e+07 -3.8851488515593857e+05 3.0049369724750519e+04 2.6183176288306713e+03
1.3686050153068714e+07 -3.8852308262141794e+05 2.9996839536458254e+04 2.5898030858188868e+03
1.3686051153068714e+07 -3.8853127051404864e+05 2.9944308665826917e+04 2.5612885041385889e+03
1.3686052153068714e+07 -3.8853944883049279e+05 2.9891777115300298e+04 2.5327738849893212e+03
1.3686053153068714e+07 -3.8854761757770181e+05 2.9839244883924723e+04 2.5042592280507088e+03
1.3686054153068714e+07 -3.8855577675230056e+05 2.9786711974129081e+04 2.4757445345297456e+03
1.3686055153068714e+07 -3.8856392635440081e+05 2.9734178387194872e+04 2.4472298051267862e+03
1.3686056153068714e+07 -3.8857206638406217e+05 2.9681644124448299e+04 2.4187150405347347e+03
1.3686057153068714e+07 -3.8858019684137404e+05 2.9629109187141061e+04 2.3902002414613962e+03
1.3686058153068714e+07 -3.8858831772641838e+05 2.9576573576644063e+04 2.3616854085773230e+03
1.3686059153068714e+07 -3.8859642903926969e+05 2.9524037294194102e+04 2.3331705426126719e+03
1.3686060153068714e+07 -3.8860453077656776e+05 2.9471500342249870e+04 2.3046556447446346e+03
1.3686061153068714e+07 -3.8861262294529378e+05 2.9418962719812989e+04 2.2761407146751881e+03
1.3686062153068714e+07 -3.8862070554208755e+05 2.9366424429386854e+04 2.2476257535889745e+03
1.3686063153068714e+07 -3.8862877856701612e+05 2.9313885472193360e+04 2.2191107622087002e+03
1.3686064153068714e+07 -3.8863684202017635e+05 2.9261345849573612e+04 2.1905957412049174e+03
1.3686065153068714e+07 -3.8864489590164274e+05 2.9208805562824011e+04 2.1620806912854314e+03
1.3686066153068714e+07 -3.8865294021149725e+05 2.9156264613240957e+04 2.1335656131729484e+03
1.3686067153068714e+07 -3.8866097494984418e+05 2.9103723002120852e+04 2.1050505075156689e+03
1.3686068153068714e+07 -3.8866900011674315e+05 2.9051180730730295e+04 2.0765353750437498e+03
1.3686069153068714e+07 -3.8867701571229100e+05 2.8998637800440192e+04 2.0480202164426446e+03
1.3686070153068714e+07 -3.8868502173656225e+05 2.8946094212457538e+04 2.0195050324052572e+03
1.3686071153068714e+07 -3.8869301818966120e+05 2.8893549968168139e+04 1.9909898236393929e+03
1.3686072153068714e+07 -3.8870100507166237e+05 2.8841005068808794e+04 1.9624745908305049e+03
1.3686073153068714e+07 -3.8870898238264024e+05 2.8788459515720606e+04 1.9339593346938491e+03
1.3686074153068714e+07 -3.8871695012269169e+05 2.8735913310170174e+04 1.9054440558925271e+03
1.3686075153068714e+07 -3.8872490829189867e+05 2.8683366453453898e+04 1.8769287551641464e+03
1.3686076153068714e+07 -3.8873285689034313e+05 2.8630818946883082e+04 1.8484134331792593e+03
1.3686077153068714e+07 -3.8874079591812193e+05 2.8578270791783929e+04 1.8198980906307697e+03
1.3686078153068714e+07 -3.8874872537530959e+05 2.8525721989393234e+04 1.7913827282264829e+03
1.3686079153068714e+07 -3.8875664526201040e+05 2.8473172541081905e+04 1.7628673466667533e+03
1.3686080153068714e+07 -3.8876455557829887e+05 2.8420622448071837e+04 1.7343519466295838e+03
1.3686081153068714e+07 -3.8877245632424951e+05 2.8368071711704135e+04 1.7058365288227797e+03
1.3686082153068714e+07 -3.8878034749996662e+05 2.8315520333275199e+04 1.6773210939392447e+03
1.3686083153068714e+07 -3.8878822910898179e+05 2.8262968312948942e+04 1.6488056421950459e+03
1.3686084153068714e+07 -3.8879610114448518e+05 2.8210415654271841e+04 1.6202901752516627e+03
1.3686085153068714e+07 -3.8880396361001581e+05 2.8157862357437611e+04 1.5917746933326125e+03
1.3686086153068714e+07 -3.8881181650564820e+05 2.8105308423697948e+04 1.5632591971158981e+03
1.3686087153068714e+07 -3.8881965983150154e+05 2.8052753854379058e+04 1.5347436873167753e+03
1.3686088153068714e+07 -3.8882749358761311e+05 2.8000198650792241e+04 1.5062281646057963e+03
1.3686089153068714e+07 -3.8883531777413189e+05 2.7947642814233899e+04 1.4777126297056675e+03
1.3686090153068714e+07 -3.8884313239110261e+05 2.7895086345955729e+04 1.4491970832869411e+03
1.3686091153068714e+07 -3.8885093744207919e+05 2.7842529246166348e+04 1.4206815255656838e+03
1.3686092153068714e+07 -3.8885873292025179e+05 2.7789971518427134e+04 1.3921659582257271e+03
1.3686093153068714e+07 -3.8886651882915944e+05 2.7737413162887096e+04 1.3636503814607859e+03
1.3686094153068714e+07 -3.8887429516888410e+05 2.7684854180812836e+04 1.3351347959861159e+03
1.3686095153068714e+07 -3.8888206193953007e+05 2.7632294573560357e+04 1.3066192024722695e+03
1.3686096153068714e+07 -3.8888981914462894e+05 2.7579734341278672e+04 1.2781036011278629e+03
1.3686097153068714e+07 -3.8889756677736342e+05 2.7527173487499356e+04 1.2495879936516285e+03
1.3686098153068714e+07 -3.8890530484128743e+05 2.7474612012431026e+04 1.2210723802298307e+03
1.3686099153068714e+07 -3.8891303333648294e+05 2.7422049917325377e+04 1.1925567615702748e+03
1.3686100153068714e+07 -3.8892075226304680e+05 2.7369487203478813e+04 1.1640411383360624e+03
1.3686101153068714e+07 -3.8892846162451804e+05 2.7316923871129751e+04 1.1355255107656121e+03
1.3686102153068714e+07 -3.8893616141407937e+05 2.7264359923735261e+04 1.1070098805353045e+03
1.3686103153068714e+07 -3.8894385163529962e+05 2.7211795361518860e+04 1.0784942478463054e+03
1.3686104153068714e+07 -3.8895153228822351e+05 2.7159230185776949e+04 1.0499786133617163e+03
1.3686105153068714e+07 -3.8895920337644219e+05 2.7106664396658540e+04 1.0214629773274064e+03
1.3686106153068714e+07 -3.8896686489313096e+05 2.7054097997739911e+04 9.9294734139740467e+02
1.3686107153068714e+07 -3.8897451684182137e+05 2.7001530989170074e+04 9.6443170580267906e+02
1.3686108153068714e+07 -3.8898215922605246e+05 2.6948963371112943e+04 9.3591607070714235e+02
1.3686109153068714e+07 -3.8898979203903675e+05 2.6896395147114992e+04 9.0740043781697750e+02
1.3686110153068714e+07 -3.8899741528430581e+05 2.6843826317399740e+04 8.7888480733335018e+02
1.3686111153068714e+07 -3.8900502896539867e+05 2.6791256882056594e+04 8.5036917943507433e+02
1.3686112153068714e+07 -3.8901263307552040e+05 2.6738686844691634e+04 8.2185355583578348e+02
1.3686113153068714e+07 -3.8902022761821002e+05 2.6686116205453873e+04 7.9333793672174215e+02
1.3686114153068714e+07 -3.8902781259700656e+05 2.6633544964492321e+04 7.6482232227921486e+02
1.3686115153068714e+07 -3.8903538800511509e+05 2.6580973125383258e+04 7.3630671422183514e+02
1.3686116153068714e+07 -3.8904295384606719e+05 2.6528400688305497e+04 7.0779111272841692e+02
1.3686117153068714e+07 -3.8905051012341678e+05 2.6475827653378248e+04 6.7927551800012589e+02
1.3686118153068714e+07 -3.8905805683034658e+05 2.6423254024207592e+04 6.5075993173569441e+02
1.3686119153068714e+07 -3.8906559397385269e+05 2.6370679799795151e+04 6.2224435362219810e+02
1.3686120153068714e+07 -3.8907312154716253e+05 2.6318104983717203e+04 5.9372878535091877e+02
1.3686121153068714e+07 -3.8908063955378532e+05 2.6265529576137662e+04 5.6521322713047266e+02
1.3686122153068714e+07 -3.8908814799727499e+05 2.6212953577190638e+04 5.3669767914712429e+02
1.3686123153068714e+07 -3.8909564687082916e+05 2.6160376990452409e+04 5.0818214309215546e+02
1.3686124153068714e+07 -3.8910313618145138e+05 2.6107799814984202e+04 4.7966661866009235e+02
1.3686125153068714e+07 -3.8911061592232436e+05 2.6055222054287791e+04 4.5115110754221678e+02
1.3686126153068714e+07 -3.8911808610045910e+05 2.6002643707454205e+04 4.2263560946285725e+02
1.3686127153068714e+07 -3.8912554670903087e+05 2.5950064778000116e+04 3.9412012606859207e+02
1.3686128153068714e+07 -3.8913299775505066e+05 2.5897485264971852e+04 3.6560465708374977e+02
1.3686129153068714e+07 -3.8914043923173100e+05 2.5844905171900988e+04 3.3708920419961214e+02
1.3686130153068714e+07 -3.8914787114605308e+05 2.5792324497863650e+04 3.0857376709580421e+02
1.3686131153068714e+07 -3.8915529349119961e+05 2.5739743246391416e+04 2.8005834748595953e+02
1.3686132153068714e+07 -3.8916270627419651e+05 2.5687161416500807e+04 2.5154294506460428e+02
1.3686133153068714e+07 -3.8917010948821902e+05 2.5634579011797905e+04 2.2302756150066853e+02
1.3686134153068714e+07 -3.8917750314027816e+05 2.5581996031254530e+04 1.9451219651103020e+02
1.3686135153068714e+07 -3.8918488722357154e+05 2.5529412478491664e+04 1.6599685178697109e+02
1.3686136153068714e+07 -3.8919226174508780e+05 2.5476828352466226e+04 1.3748152700066566e+02
1.3686137153068714e+07 -3.8919962669803947e+05 2.5424243656799197e+04 1.0896622388064861e+02
1.3686138153068714e+07 -3.8920698208942264e+05 2.5371658390492201e+04 8.0450942091643810e+01
1.3686139153068714e+07 -3.8921432791242748e+05 2.5319072557091713e+04 5.1935683339834213e+01
1.3686140153068714e+07 -3.8922166417405754e+05 2.5266486155673862e+04 2.3420447327196598e+01
1.3686141153068714e+07 -3.8922899087096006e+05 2.5213899188622832e+04 -5.0947647690773010e+00
1.3686142153068714e+07 -3.8923630799978971e+05 2.5161311658367515e+04 -3.3609951749444008e+01
1.3686143153068714e+07 -3.8924361556755751e+05 2.5108723563954234e+04 -6.2125113919377327e+01
1.3686144153068714e+07 -3.8925091356744617e+05 2.5056134908914566e+04 -9.0640249580144882e+01
1.3686145153068714e+07 -3.8925820200644433e+05 2.5003545692324638e+04 -1.1915535904467106e+02
1.3686146153068714e+07 -3.8926548088124394e+05 2.4950955916568637e+04 -1.4767044112086296e+02
1.3686147153068714e+07 -3.8927275018846244e+05 2.4898365584075451e+04 -1.7618549461662769e+02
1.3686148153068714e+07 -3.8928000993510336e+05 2.4845774693876505e+04 -2.0470051983743906e+02
1.3686149153068714e+07 -3.8928726011782885e+05 2.4793183248430490e+04 -2.3321551556885242e+02
1.3686150153068714e+07 -3.8929450073328614e+05 2.4740591250106692e+04 -2.6173048064857721e+02
1.3686151153068714e+07 -3.8930173178848624e+05 2.4687998697981238e+04 -2.9024541537463665e+02
1.3686152153068714e+07 -3.8930895328006148e+05 2.4635405594468117e+04 -3.1876031854748726e+02
1.3686153153068714e+07 -3.8931616520467401e+05 2.4582811941951513e+04 -3.4727518896758556e+02
1.3686154153068714e+07 -3.8932336756932735e+05 2.4530217739522457e+04 -3.7579002696275711e+02
1.3686155153068714e+07 -3.8933056037066877e+05 2.4477622989565134e+04 -4.0430483132600784e+02
1.3686156153068714e+07 -3.8933774360537529e+05 2.4425027694523335e+04 -4.3281960086524487e+02
1.3686157153068714e+07 -3.8934491728041321e+05 2.4372431853413582e+04 -4.6133433588594198e+02
1.3686158153068714e+07 -3.8935208139245212e+05 2.4319835468664765e+04 -4.8984903520345688e+02
1.3686159153068714e+07 -3.8935923594160378e+05 2.4267238541588187e+04 -5.1836369811743498e+02
1.3686160153068714e+07 -3.8936638092451543e+05 2.4214641074553132e+04 -5.4687832343578339e+02
1.3686161153068714e+07 -3.8937351634818316e+05 2.4162043066650629e+04 -5.7539291146397591e+02
1.3686162153068714e+07 -3.8938064220926911e+05 2.4109444520294666e+04 -6.0390746102482080e+02
1.3686163153068714e+07 -3.8938775850787759e+05 2.4056845436751842e+04 -6.3242197139561176e+02
1.3686164153068714e+07 -3.8939486524410546e+05 2.4004245817288756e+04 -6.6093644191324711e+02
1.3686165153068714e+07 -3.8940196241462231e+05 2.3951645664408803e+04 -6.8945087137073278e+02
1.3686166153068714e+07 -3.8940905002641678e+05 2.3899044977098703e+04 -7.1796526007354259e+02
1.3686167153068714e+07 -3.8941612807615846e+05 2.3846443757742643e+04 -7.4647960684448481e+02
1.3686168153068714e+07 -3.8942319656392932e+05 2.3793842007711530e+04 -7.7499391098320484e+02
1.3686169153068714e+07 -3.8943025548987091e+05 2.3741239728242159e+04 -8.0350817178189754e+02
1.3686170153068714e+07 -3.8943730485061556e+05 2.3688636921763420e+04 -8.3202238805592060e+02
1.3686171153068714e+07 -3.8944434465315938e+05 2.3636033587321639e+04 -8.6053656012564898e+02
1.3686172153068714e+07 -3.8945137489417940e+05 2.3583429727330804e+04 -8.8905068679153919e+02
1.3686173153068714e+07 -3.8945839557377249e+05 2.3530825343087316e+04 -9.1756476736813784e+02
1.3686174153068714e+07 -3.8946540669204295e+05 2.3478220435887575e+04 -9.4607880114018917e+02
1.3686175153068714e+07 -3.8947240824910253e+05 2.3425615006998181e+04 -9.7459278743714094e+02
1.3686176153068714e+07 -3.8947940024507046e+05 2.3373009057715535e+04 -1.0031067255735397e+03
1.3686177153068714e+07 -3.8948638268002123e+05 2.3320402589350939e+04 -1.0316206148192286e+03
1.3686178153068714e+07 -3.8949335555408895e+05 2.3267795603200793e+04 -1.0601344545334578e+03
1.3686179153068714e+07 -3.8950031886393577e+05 2.3215188101679087e+04 -1.0886482434794307e+03
1.3686180153068714e+07 -3.8950727261655778e+05 2.3162580083772540e+04 -1.1171619819924235e+03
1.3686181153068714e+07 -3.8951421680860221e+05 2.3109971551954746e+04 -1.1456756688728929e+03
1.3686182153068714e+07 -3.8952115144018829e+05 2.3057362507522106e+04 -1.1741893034279346e+03
1.3686183153068714e+07 -3.8952807651142776e+05 2.3004752951741219e+04 -1.2027028849646449e+03
1.3686184153068714e+07 -3.8953499202242494e+05 2.2952142885893583e+04 -1.2312164127826691e+03
1.3686185153068714e+07 -3.8954189797329158e+05 2.2899532311275601e+04 -1.2597298862189054e+03
1.3686186153068714e+07 -3.8954879436412454e+05 2.2846921229213476e+04 -1.2882433045580983e+03
1.3686187153068714e+07 -3.8955568119505048e+05 2.2794309640944004e+04 -1.3167566671073437e+03
1.3686188153068714e+07 -3.8956255846617371e+05 2.2741697547793388e+04 -1.3452699731886387e+03
1.3686189153068714e+07 -3.8956942617759854e+05 2.2689084951058030e+04 -1.3737832220941782e+03
1.3686190153068714e+07 -3.8957628432943672e+05 2.2636471852004528e+04 -1.4022964131459594e+03
1.3686191153068714e+07 -3.8958313292180747e+05 2.2583858251914382e+04 -1.4308095456510782e+03
1.3686192153068714e+07 -3.8958997195480019e+05 2.2531244152113795e+04 -1.4593226189017296e+03
1.3686193153068714e+07 -3.8959680142855644e+05 2.2478629553869367e+04 -1.4878356322273612e+03
1.3686194153068714e+07 -3.8960362134315819e+05 2.2426014458477497e+04 -1.5163485849276185e+03
1.3686195153068714e+07 -3.8961043169873208e+05 2.2373398867219687e+04 -1.5448614763170481e+03
1.3686196153068714e+07 -3.8961723249538988e+05 2.2320782781407237e+04 -1.5733743057027459e+03
1.3686197153068714e+07 -3.8962402373666316e+05 2.2268166201189160e+04 -1.6018870728835464e+03
1.3686198153068714e+07 -3.8963080541581661e+05 2.2215549130082130e+04 -1.6303997761830688e+03
1.3686199153068714e+07 -3.8963757753636688e+05 2.2162931568324566e+04 -1.6589124153852463e+03
1.3686200153068714e+07 -3.8964434009845555e+05 2.2110313517123461e+04 -1.6874249898418784e+03
1.3686201153068714e+07 -3.8965109310217947e+05 2.2057694977819920e+04 -1.7159374988153577e+03
1.3686202153068714e+07 -3.8965783654764295e+05 2.2005075951665640e+04 -1.7444499416500330e+03
1.3686203153068714e+07 -3.8966457043498009e+05 2.1952456440001726e+04 -1.7729623176231980e+03
1.3686204153068714e+07 -3.8967129476428777e+05 2.1899836444064975e+04 -1.8014746260792017e+03
1.3686205153068714e+07 -3.8967800953913480e+05 2.1847215964049101e+04 -1.8299868668019772e+03
1.3686206153068714e+07 -3.8968471475272626e+05 2.1794595003500581e+04 -1.8584990381002426e+03
1.3686207153068714e+07 -3.8969141040865332e+05 2.1741973562553525e+04 -1.8870111398026347e+03
1.3686208153068714e+07 -3.8969809650699794e+05 2.1689351642534137e+04 -1.9155231712087989e+03
1.3686209153068714e+07 -3.8970477304787934e+05 2.1636729244679213e+04 -1.9440351316109300e+03
1.3686210153068714e+07 -3.8971144003143162e+05 2.1584106370344758e+04 -1.9725470203459263e+03
1.3686211153068714e+07 -3.8971809746119380e+05 2.1531483019620180e+04 -2.0010588372051716e+03
1.3686212153068714e+07 -3.8972474533040822e+05 2.1478859196126461e+04 -2.0295705805048347e+03
1.3686213153068714e+07 -3.8973138364260644e+05 2.1426234899967909e+04 -2.0580822500437498e+03
1.3686214153068714e+07 -3.8973801239793003e+05 2.1373610132440925e+04 -2.0865938451588154e+03
1.3686215153068714e+07 -3.8974463159992546e+05 2.1320984893724322e+04 -2.1151053656414151e+03
1.3686216153068714e+07 -3.8975124124182761e+05 2.1268359187364578e+04 -2.1436168097928166e+03
1.3686217153068714e+07 -3.8975784132719040e+05 2.1215733013510704e+04 -2.1721281774342060e+03
1.3686218153068714e+07 -3.8976443185613304e+05 2.1163106373444200e+04 -2.2006394678652287e+03
1.3686219153068714e+07 -3.8977101283220202e+05 2.1110479267328978e+04 -2.2291506809145212e+03
1.3686220153068714e+07 -3.8977758424864709e+05 2.1057851698726416e+04 -2.2576618148684502e+03
1.3686221153068714e+07 -3.8978414610902220e+05 2.1005223667785525e+04 -2.2861728695556521e+03
1.3686222153068714e+07 -3.8979069841343164e+05 2.0952595175802708e+04 -2.3146838442757726e+03
1.3686223153068714e+07 -3.8979724116545171e+05 2.0899966222926974e+04 -2.3431947388425469e+03
1.3686224153068714e+07 -3.8980377435829490e+05 2.0847336812674999e+04 -2.3717055515721440e+03
1.3686225153068714e+07 -3.8981029799554497e+05 2.0794706945285201e+04 -2.4002162822559476e+03
1.3686226153068714e+07 -3.8981681208073348e+05 2.0742076620832086e+04 -2.4287269307300448e+03
1.3686227153068714e+07 -3.8982331660711765e+05 2.0689445842936635e+04 -2.4572374952808022e+03
1.3686228153068714e+07 -3.8982981157825142e+05 2.0636814611673355e+04 -2.4857479757294059e+03
1.3686229153068714e+07 -3.8983629699770361e+05 2.0584182927280664e+04 -2.5142583718821406e+03
1.3686230153068714e+07 -3.8984277285867184e+05 2.0531550793230534e+04 -2.5427686820551753e+03
1.3686231153068714e+07 -3.8984923916819692e+05 2.0478918208643794e+04 -2.5712789065539837e+03
1.3686232153068714e+07 -3.8985569591950625e+05 2.0426285176992416e+04 -2.5997890436872840e+03
1.3686233153068714e+07 -3.8986214311615378e+05 2.0373651698470116e+04 -2.6282990932762623e+03
1.3686234153068714e+07 -3.8986858076169342e+05 2.0321017773211002e+04 -2.6568090551123023e+03
1.3686235153068714e+07 -3.8987500884937495e+05 2.0268383404776454e+04 -2.6853189275190234e+03
1.3686236153068714e+07 -3.8988142738619447e+05 2.0215748592182994e+04 -2.7138287108168006e+03
1.3686237153068714e+07 -3.8988783636539429e+05 2.0163113338992000e+04 -2.7423384032994509e+03
1.3686238153068714e+07 -3.8989423579052091e+05 2.0110477645367384e+04 -2.7708480047732592e+03
1.3686239153068714e+07 -3.8990062566515803e+05 2.0057841511428356e+04 -2.7993575150668621e+03
1.3686240153068714e+07 -3.8990700598251820e+05 2.0005204940780997e+04 -2.8278669324740767e+03
1.3686241153068714e+07 -3.8991337674963474e+05 1.9952567932382226e+04 -2.8563762573227286e+03
1.3686242153068714e+07 -3.8991973795972019e+05 1.9899930489838123e+04 -2.8848854879066348e+03
1.3686243153068714e+07 -3.8992608961979300e+05 1.9847292612135410e+04 -2.9133946245387197e+03
1.3686244153068714e+07 -3.8993243172307312e+05 1.9794654302865267e+04 -2.9419036655500531e+03
1.3686245153068714e+07 -3.8993876427658647e+05 1.9742015560999513e+04 -2.9704126112312078e+03
1.3686246153068714e+07 -3.8994508727356046e+05 1.9689376390114427e+04 -2.9989214598909020e+03
1.3686247153068714e+07 -3.8995140072100610e+05 1.9636736789241433e+04 -3.0274302118644118e+03
1.3686248153068714e+07 -3.8995770461216569e+05 1.9584096761941910e+04 -3.0559388654381037e+03
1.3686249153068714e+07 -3.8996399895401299e+05 1.9531456307202578e+04 -3.0844474209323525e+03
1.3686250153068714e+07 -3.8997028374327719e+05 1.9478815427452326e+04 -3.1129558771476150e+03
1.3686251153068714e+07 -3.8997655897659808e+05 1.9426174125120044e+04 -3.1414642329141498e+03
1.3686252153068714e+07 -3.8998282466101646e+05 1.9373532399237156e+04 -3.1699724885299802e+03
1.3686253153068714e+07 -3.8998908078973740e+05 1.9320890253320336e+04 -3.1984806423038244e+03
1.3686254153068714e+07 -3.8999532736979425e+05 1.9268247686415911e+04 -3.2269886945635080e+03
1.3686255153068714e+07 -3.9000156439441442e+05 1.9215604702070355e+04 -3.2554966436102986e+03
1.3686256153068714e+07 -3.9000779187060893e+05 1.9162961299315095e+04 -3.2840044897496700e+03
1.3686257153068714e+07 -3.9001400979506224e+05 1.9110317480549216e+04 -3.3125122318044305e+03
1.3686258153068714e+07 -3.9002021816445142e+05 1.9057673248186707e+04 -3.3410198685750365e+03
1.3686259153068714e+07 -3.9002641698578745e+05 1.9005028601273894e+04 -3.3695274003744125e+03
1.3686260153068714e+07 -3.9003260625575483e+05 1.8952383542224765e+04 -3.3980348260253668e+03
1.3686261153068714e+07 -3.9003878597103804e+05 1.8899738073438406e+04 -3.4265421443283558e+03
1.3686262153068714e+07 -3.9004495613862574e+05 1.8847092193931341e+04 -3.4550493556112051e+03
1.3686263153068714e+07 -3.9005111675523221e+05 1.8794445906162262e+04 -3.4835564586594701e+03
1.3686264153068714e+07 -3.9005726781752706e+05 1.8741799212515354e+04 -3.5120634522959590e+03
1.3686265153068714e+07 -3.9006340933251381e+05 1.8689152112007141e+04 -3.5405703368410468e+03
1.3686266153068714e+07 -3.9006954129687697e+05 1.8636504607081413e+04 -3.5690771111026406e+03
1.3686267153068714e+07 -3.9007566370730102e+05 1.8583856700137258e+04 -3.5975837738886476e+03
1.3686268153068714e+07 -3.9008177657080442e+05 1.8531208390191197e+04 -3.6260903255045414e+03
1.3686269153068714e+07 -3.9008787988407910e+05 1.8478559679687023e+04 -3.6545967647805810e+03
1.3686270153068714e+07 -3.9009397364377975e+05 1.8425910570979118e+04 -3.6831030905172229e+03
1.3686271153068714e+07 -3.9010005785693973e+05 1.8373261063188314e+04 -3.7116093030199409e+03
1.3686272153068714e+07 -3.9010613252025098e+05 1.8320611158624291e+04 -3.7401154011115432e+03
1.3686273153068714e+07 -3.9011219763381034e+05 1.8267960858657956e+04 -3.7686213841065764e+03
1.3686274153068714e+07 -3.9011825319433957e+05 1.8215310165673494e+04 -3.7971272508054972e+03
1.3686275153068714e+07 -3.9012429920882732e+05 1.8162659078672528e+04 -3.8256330015286803e+03
1.3686276153068714e+07 -3.9013033567395806e+05 1.8110007600098848e+04 -3.8541386350914836e+03
1.3686277153068714e+07 -3.9013636258987337e+05 1.8057355731204152e+04 -3.8826441508084536e+03
1.3686278153068714e+07 -3.9014237995668501e+05 1.8004703473314643e+04 -3.9111495479717851e+03
1.3686279153068714e+07 -3.9014838777109236e+05 1.7952050828829408e+04 -3.9396548254117370e+03
1.3686280153068714e+07 -3.9015438604010642e+05 1.7899397796750069e+04 -3.9681599834263325e+03
1.3686281153068714e+07 -3.9016037476041913e+05 1.7846744379535317e+04 -3.9966650208532810e+03
1.3686282153068714e+07 -3.9016635393214971e+05 1.7794090578421950e+04 -4.0251699369847775e+03
1.3686283153068714e+07 -3.9017232355541736e+05 1.7741436394736171e+04 -4.0536747311353683e+03
1.3686284153068714e+07 -3.9017828363037854e+05 1.7688781829714775e+04 -4.0821794026196003e+03
1.3686285153068714e+07 -3.9018423415714502e+05 1.7636126884698868e+04 -4.1106839507594705e+03
1.3686286153068714e+07 -3.9019017513241619e+05 1.7583471562072635e+04 -4.1391883743405342e+03
1.3686287153068714e+07 -3.9019610656319559e+05 1.7530815860837698e+04 -4.1676926737129688e+03
1.3686288153068714e+07 -3.9020202844616771e+05 1.7478159783422947e+04 -4.1961968476623297e+03
1.3686289153068714e+07 -3.9020794078147411e+05 1.7425503331154585e+04 -4.2247008955106139e+03
1.3686290153068714e+07 -3.9021384356923401e+05 1.7372846505224705e+04 -4.2532048165723681e+03
1.3686291153068714e+07 -3.9021973680961132e+05 1.7320189307004213e+04 -4.2817086101546884e+03
1.3686292153068714e+07 -3.9022562050268799e+05 1.7267531737744808e+04 -4.3102122755795717e+03
1.3686293153068714e+07 -3.9023149464862794e+05 1.7214873798727989e+04 -4.3387158121466637e+03
1.3686294153068714e+07 -3.9023735924755782e+05 1.7162215491250157e+04 -4.3672192191854119e+03
1.3686295153068714e+07 -3.9024321429959685e+05 1.7109556816563010e+04 -4.3957224959880114e+03
1.3686296153068714e+07 -3.9024905980488658e+05 1.7056897775992751e+04 -4.4242256418839097e+03
1.3686297153068714e+07 -3.9025489576356113e+05 1.7004238370791078e+04 -4.4527286561876535e+03
1.3686298153068714e+07 -3.9026072217575461e+05 1.6951578602239490e+04 -4.4812315381988883e+03
1.3686299153068714e+07 -3.9026653904159367e+05 1.6898918471634388e+04 -4.5097342872470617e+03
1.3686300153068714e+07 -3.9027234636120498e+05 1.6846257980257273e+04 -4.5382369026392698e+03
1.3686301153068714e+07 -3.9027814413474500e+05 1.6793597129404545e+04 -4.5667393836751580e+03
1.3686302153068714e+07 -3.9028393236231059e+05 1.6740935920327902e+04 -4.5952417296916246e+03
1.3686303153068714e+07 -3.9028971104406565e+05 1.6688274354323745e+04 -4.6237439399883151e+03
1.3686304153068714e+07 -3.9029548018013686e+05 1.6635612432688475e+04 -4.6522460138723254e+03
1.3686305153068714e+07 -3.9030123977065831e+05 1.6582950156688690e+04 -4.6807479506805539e+03
1.3686306153068714e+07 -3.9030698981575668e+05 1.6530287527620792e+04 -4.7092497496977448e+03
1.3686307153068714e+07 -3.9031273031556606e+05 1.6477624546736479e+04 -4.7377514102607965e+03
1.3686308153068714e+07 -3.9031846127022803e+05 1.6424961215347052e+04 -4.7662529316693544e+03
1.3686309153068714e+07 -3.9032418267987669e+05 1.6372297534719110e+04 -4.7947543132454157e+03
1.3686310153068714e+07 -3.9032989454463869e+05 1.6319633506163955e+04 -4.8232555542960763e+03
1.3686311153068714e+07 -3.9033559686466306e+05 1.6266969130933285e+04 -4.8517566541358829e+03
1.3686312153068714e+07 -3.9034128964351118e+05 1.6214304409191012e+04 -4.8802576125934720e+03
1.3686313153068714e+07 -3.9034697287445515e+05 1.6161639344483614e+04 -4.9087584279552102e+03
1.3686314153068714e+07 -3.9035264656104892e+05 1.6108973936945200e+04 -4.9372591000646353e+03
1.3686315153068714e+07 -3.9035831070344895e+05 1.6056308187872171e+04 -4.9657596282139421e+03
1.3686316153068714e+07 -3.9036396530176699e+05 1.6003642098546028e+04 -4.9942600117251277e+03
1.3686317153068714e+07 -3.9036961035616696e+05 1.5950975670248270e+04 -5.0227602499052882e+03
1.3686318153068714e+07 -3.9037524586676806e+05 1.5898308904245496e+04 -5.0512603420913219e+03
1.3686319153068714e+07 -3.9038087183714658e+05 1.5845641800686717e+04 -5.0797602880671620e+03
1.3686320153068714e+07 -3.9038648826058954e+05 1.5792974363178015e+04 -5.1082600861713290e+03
1.3686321153068714e+07 -3.9039209514061362e+05 1.5740306591778994e+04 -5.1367597361952066e+03
1.3686322153068714e+07 -3.9039769247741252e+05 1.5687638487830758e+04 -5.1652592374682426e+03
1.3686323153068714e+07 -3.9040328027110547e+05 1.5634970052570105e+04 -5.1937585893049836e+03
1.3686324153068714e+07 -3.9040885852525383e+05 1.5582301286220551e+04 -5.2222577915191650e+03
1.3686325153068714e+07 -3.9041442723314464e+05 1.5529632192254066e+04 -5.2507568424195051e+03
1.3686326153068714e+07 -3.9041998639832437e+05 1.5476962770834565e+04 -5.2792557418346405e+03
1.3686327153068714e+07 -3.9042553602095693e+05 1.5424293023273349e+04 -5.3077544890493155e+03
1.3686328153068714e+07 -3.9043107610461116e+05 1.5371622949704528e+04 -5.3362530839145184e+03
1.3686329153068714e+07 -3.9043660664254427e+05 1.5318952553644776e+04 -5.3647515247166157e+03
1.3686330153068714e+07 -3.9044212763834000e+05 1.5266281835287809e+04 -5.3932498112916946e+03
1.3686331153068714e+07 -3.9044763909556717e+05 1.5213610794767737e+04 -5.4217479434311390e+03
1.3686332153068714e+07 -3.9045314100750536e+05 1.5160939435586333e+04 -5.4502459194734693e+03
1.3686333153068714e+07 -3.9045863337772340e+05 1.5108267757952213e+04 -5.4787437392175198e+03
1.3686334153068714e+07 -3.9046411620635539e+05 1.5055595763131976e+04 -5.5072414019778371e+03
1.3686335153068714e+07 -3.9046958949697763e+05 1.5002923451259732e+04 -5.5357389075830579e+03
1.3686336153068714e+07 -3.9047505324286222e+05 1.4950250825881958e+04 -5.5642362543344498e+03
1.3686337153068714e+07 -3.9048050744758546e+05 1.4897577887132764e+04 -5.5927334420531988e+03
1.3686338153068714e+07 -3.9048595211472362e+05 1.4844904635190964e+04 -5.6212304705679417e+03
1.3686339153068714e+07 -3.9049138723754883e+05 1.4792231073603034e+04 -5.6497273381575942e+03
1.3686340153068714e+07 -3.9049681282307208e+05 1.4739557201355696e+04 -5.6782240451648831e+03
1.3686341153068714e+07 -3.9050222886455804e+05 1.4686883021995425e+04 -5.7067205898985267e+03
1.3686342153068714e+07 -3.9050763536559790e+05 1.4634208535686135e+04 -5.7352169721797109e+03
1.3686343153068714e+07 -3.9051303232976049e+05 1.4581533742606640e+04 -5.7637131918147206e+03
1.3686344153068714e+07 -3.9051841975028813e+05 1.4528858646214008e+04 -5.7922092471197248e+03
1.3686345153068714e+07 -3.9052379763425142e+05 1.4476183245599270e+04 -5.8207051384150982e+03
1.3686346153068714e+07 -3.9052916597488523e+05 1.4423507544308901e+04 -5.8492008640095592e+03
1.3686347153068714e+07 -3.9053452477575839e+05 1.4370831542417407e+04 -5.8776964237317443e+03
1.3686348153068714e+07 -3.9053987404046953e+05 1.4318155240133405e+04 -5.9061918173730373e+03
1.3686349153068714e+07 -3.9054521376228333e+05 1.4265478641003370e+04 -5.9346870432719588e+03
1.3686350153068714e+07 -3.9055054394822568e+05 1.4212801744014025e+04 -5.9631821017414331e+03
1.3686351153068714e+07 -3.9055586459154636e+05 1.4160124552726746e+04 -5.9916769910827279e+03
1.3686352153068714e+07 -3.9056117569927871e+05 1.4107447066128254e+04 -6.0201717116311193e+03
1.3686353153068714e+07 -3.9056647726469487e+05 1.4054769287794828e+04 -6.0486662616729736e+03
1.3686354153068714e+07 -3.9057176929479092e+05 1.4002091216742992e+04 -6.0771606415659189e+03
1.3686355153068714e+07 -3.9057705178286135e+05 1.3949412856474519e+04 -6.1056548495739698e+03
1.3686356153068714e+07 -3.9058232473590970e+05 1.3896734206065536e+04 -6.1341488860622048e+03
1.3686357153068714e+07 -3.9058758814720809e+05 1.3844055269017816e+04 -6.1626427493244410e+03
1.3686358153068714e+07 -3.9059284202379733e+05 1.3791376044332981e+04 -6.1911364396661520e+03
1.3686359153068714e+07 -3.9059808636234701e+05 1.3738696534454823e+04 -6.2196299559324980e+03
1.3686360153068714e+07 -3.9060332115959376e+05 1.3686016741797328e+04 -6.2481232969090343e+03
1.3686361153068714e+07 -3.9060854642254859e+05 1.3633336665377021e+04 -6.2766164629161358e+03
1.3686362153068714e+07 -3.9061376214447618e+05 1.3580656308680773e+04 -6.3051094522848725e+03
1.3686363153068714e+07 -3.9061896833240986e+05 1.3527975670754910e+04 -6.3336022653356194e+03
1.3686364153068714e+07 -3.9062416497959942e+05 1.3475294755175710e+04 -6.3620949003547430e+03
1.3686365153068714e+07 -3.9062935209309310e+05 1.3422613560929894e+04 -6.3905873577073216e+03
1.3686366153068714e+07 -3.9063452966958284e+05 1.3369932090431452e+04 -6.4190796361565590e+03
1.3686367153068714e+07 -3.9063969770578295e+05 1.3317250346079469e+04 -6.4475717345476151e+03
1.3686368153068714e+07 -3.9064485620871186e+05 1.3264568326905370e+04 -6.4760636531934142e+03
1.3686369153068714e+07 -3.9065000517508388e+05 1.3211886035308242e+04 -6.5045553909018636e+03
1.3686370153068714e+07 -3.9065514460160583e+05 1.3159203473687172e+04 -6.5330469464957714e+03
1.3686371153068714e+07 -3.9066027449529618e+05 1.3106520641088486e+04 -6.5615383202955127e+03
1.3686372153068714e+07 -3.9066539485286921e+05 1.3053837539896369e+04 -6.5900295111238956e+03
1.3686373153068714e+07 -3.9067050567104667e+05 1.3001154172524810e+04 -6.6185205177739263e+03
1.3686374153068714e+07 -3.9067560695681721e+05 1.2948470537990332e+04 -6.6470113405734301e+03
1.3686375153068714e+07 -3.9068069870693237e+05 1.2895786638706923e+04 -6.6755019783452153e+03
1.3686376153068714e+07 -3.9068578091808408e+05 1.2843102477088571e+04 -6.7039924299046397e+03
1.3686377153068714e+07 -3.9069085359729081e+05 1.2790418052107096e+04 -6.7324826955571771e+03
1.3686378153068714e+07 -3.9069591674127430e+05 1.2737733366236091e+04 -6.7609727741405368e+03
1.3686379153068714e+07 -3.9070097035016865e+05 1.2685048420712352e+04 -6.7894626649543643e+03
1.3686380153068714e+07 -3.9070601442071795e+05 1.2632363217949867e+04 -6.8179523668214679e+03
1.3686381153068714e+07 -3.9071104895991087e+05 1.2579677756980062e+04 -6.8464418800547719e+03
1.3686382153068714e+07 -3.9071607396446913e+05 1.2526992040187120e+04 -6.8749312034696341e+03
1.3686383153068714e+07 -3.9072108943454921e+05 1.2474306068867445e+04 -6.9034203364029527e+03
1.3686384153068714e+07 -3.9072609536685795e+05 1.2421619845420122e+04 -6.9319092776477337e+03
1.3686385153068714e+07 -3.9073109176842868e+05 1.2368933368846774e+04 -6.9603980275318027e+03
1.3686386153068714e+07 -3.9073607863598317e+05 1.2316246641591191e+04 -6.9888865848630667e+03
1.3686387153068714e+07 -3.9074105596964806e+05 1.2263559664890170e+04 -7.0173749489784241e+03
1.3686388153068714e+07 -3.9074602376957983e+05 1.2210872440040112e+04 -7.0458631191775203e+03
1.3686389153068714e+07 -3.9075098203593493e+05 1.2158184968307614e+04 -7.0743510947749019e+03
1.3686390153068714e+07 -3.9075593076542765e+05 1.2105497252136469e+04 -7.1028388746008277e+03
1.3686391153068714e+07 -3.9076086996507645e+05 1.2052809290498495e+04 -7.1313264589756727e+03
1.3686392153068714e+07 -3.9076579963161051e+05 1.2000121085837483e+04 -7.1598138466924429e+03
1.3686393153068714e+07 -3.9077071976518631e+05 1.1947432639375329e+04 -7.1883010371029377e+03
1.3686394153068714e+07 -3.9077563036591560e+05 1.1894743952453136e+04 -7.2167880295068026e+03
1.3686395153068714e+07 -3.9078053143399954e+05 1.1842055026277900e+04 -7.2452748232111335e+03
1.3686396153068714e+07 -3.9078542296956480e+05 1.1789365862205625e+04 -7.2737614175528288e+03
1.3686397153068714e+07 -3.9079030497276038e+05 1.1736676461458206e+04 -7.3022478118389845e+03
1.3686398153068714e+07 -3.9079517744375020e+05 1.1683986825302243e+04 -7.3307340053841472e+03
1.3686399153068714e+07 -3.9080004037924856e+05 1.1631296956196427e+04 -7.3592199970036745e+03
1.3686400153068714e+07 -3.9080489378628880e+05 1.1578606853097677e+04 -7.3877057870328426e+03
1.3686401153068714e+07 -3.9080973766157776e+05 1.1525916518464684e+04 -7.4161913742870092e+03
1.3686402153068714e+07 -3.9081457200527191e+05 1.1473225953519344e+04 -7.4446767580583692e+03
1.3686403153068714e+07 -3.9081939681751281e+05 1.1420535159572959e+04 -7.4731619377061725e+03
1.3686404153068714e+07 -3.9082421209847182e+05 1.1367844137907028e+04 -7.5016469125151634e+03
1.3686405153068714e+07 -3.9082901784830540e+05 1.1315152889788151e+04 -7.5301316818147898e+03
1.3686406153068714e+07 -3.9083381406715512e+05 1.1262461416482925e+04 -7.5586162449121475e+03
1.3686407153068714e+07 -3.9083860075518489e+05 1.1209769719272852e+04 -7.5871006011441350e+03
1.3686408153068714e+07 -3.9084337791255116e+05 1.1157077799424529e+04 -7.6155847498178482e+03
1.3686409153068714e+07 -3.9084814553938061e+05 1.1104385658234358e+04 -7.6440686902552843e+03
1.3686410153068714e+07 -3.9085290363588184e+05 1.1051693296954036e+04 -7.6725524217784405e+03
1.3686411153068714e+07 -3.9085765220215917e+05 1.0999000716879964e+04 -7.7010359436869621e+03
1.3686412153068714e+07 -3.9086239123839885e+05 1.0946307919248939e+04 -7.7295192553177476e+03
1.3686413153068714e+07 -3.9086712074818462e+05 1.0893614904254675e+04 -7.7580023564919829e+03
1.3686414153068714e+07 -3.9087184072478861e+05 1.0840921675398946e+04 -7.7864852455109358e+03
1.3686415153068714e+07 -3.9087655117182434e+05 1.0788228232845664e+04 -7.8149679221957922e+03
1.3686416153068714e+07 -3.9088125208944082e+05 1.0735534577876329e+04 -7.8434503858909011e+03
1.3686417153068714e+07 -3.9088594347779453e+05 1.0682840711712837e+04 -7.8719326358735561e+03
1.3686418153068714e+07 -3.9089062533701956e+05 1.0630146635711193e+04 -7.9004146714955568e+03
1.3686419153068714e+07 -3.9089529766730219e+05 1.0577452351078391e+04 -7.9288964920639992e+03
1.3686420153068714e+07 -3.9089996046879888e+05 1.0524757859125733e+04 -7.9573780969008803e+03
1.3686421153068714e+07 -3.9090461374165863e+05 1.0472063161104918e+04 -7.9858594853058457e+03
1.3686422153068714e+07 -3.9090925748948008e+05 1.0419368257179856e+04 -8.0143406571298838e+03
1.3686423153068714e+07 -3.9091389170553535e+05 1.0366673150852323e+04 -8.0428216106742620e+03
1.3686424153068714e+07 -3.9091851639342308e+05 1.0313977842316031e+04 -8.0713023457676172e+03
1.3686425153068714e+07 -3.9092313155331463e+05 1.0261282332792878e+04 -8.0997828617021441e+03
1.3686426153068714e+07 -3.9092773718535900e+05 1.0208586623609066e+04 -8.1282631578072906e+03
1.3686427153068714e+07 -3.9093233328971267e+05 1.0155890716016293e+04 -8.1567432334274054e+03
1.3686428153068714e+07 -3.9093691986998171e+05 1.0103194610133767e+04 -8.1852230883762240e+03
1.3686429153068714e+07 -3.9094149691945314e+05 1.0050498309522867e+04 -8.2137027209401131e+03
1.3686430153068714e+07 -3.9094606444170326e+05 9.9978018143177032e+03 -8.2421821309551597e+03
1.3686431153068714e+07 -3.9095062243690342e+05 9.9451051257997751e+03 -8.2706613177582622e+03
1.3686432153068714e+07 -3.9095517090865225e+05 9.8924082441031933e+03 -8.2991402811482549e+03
1.3686433153068714e+07 -3.9095970985023677e+05 9.8397111727595329e+03 -8.3276190194562078e+03
1.3686434153068714e+07 -3.9096423926524818e+05 9.7870139119327068e+03 -8.3560975324958563e+03
1.3686435153068714e+07 -3.9096875915386528e+05 9.7343164628744125e+03 -8.3845758195817471e+03
1.3686436153068714e+07 -3.9097326951965690e+05 9.6816188257187605e+03 -8.4130538805499673e+03
1.3686437153068714e+07 -3.9097777035591751e+05 9.6289210040569305e+03 -8.4415317136868834e+03
1.3686438153068714e+07 -3.9098226166626066e+05 9.5762229979485273e+03 -8.4700093188434839e+03
1.3686439153068714e+07 -3.9098674345427006e+05 9.5235248076021671e+03 -8.4984866958335042e+03
1.3686440153068714e+07 -3.9099121571324021e+05 9.4708264365196228e+03 -8.5269638429731131e+03
1.3686441153068714e+07 -3.9099567844677716e+05 9.4181278848499060e+03 -8.5554407600834966e+03
1.3686442153068714e+07 -3.9100013165845722e+05 9.3654291527569294e+03 -8.5839174469783902e+03
1.3686443153068714e+07 -3.9100457534158230e+05 9.3127302437275648e+03 -8.6123939019739628e+03
1.3686444153068714e+07 -3.9100900949975848e+05 9.2600311579555273e+03 -8.6408701249063015e+03
1.3686445153068714e+07 -3.9101343413657695e+05 9.2073318955451250e+03 -8.6693461155891418e+03
1.3686446153068714e+07 -3.9101784924532473e+05 9.1546324600279331e+03 -8.6978218723312020e+03
1.3686447153068714e+07 -3.9102225482960045e+05 9.1019328515827656e+03 -8.7262973949536681e+03
1.3686448153068714e+07 -3.9102665089301020e+05 9.0492330703288317e+03 -8.7547726833000779e+03
1.3686449153068714e+07 -3.9103103742884099e+05 8.9965331198126078e+03 -8.7832477356716990e+03
1.3686450153068714e+07 -3.9103541444411874e+05 8.9438329990208149e+03 -8.8117225523889065e+03
1.3686451153068714e+07 -3.9103978193215281e+05 8.8911327114850283e+03 -8.8401971317678690e+03
1.3686452153068714e+07 -3.9104413989996910e+05 8.8384322562515736e+03 -8.8686714741438627e+03
1.3686453153068714e+07 -3.9104848834086955e+05 8.7857316368222237e+03 -8.8971455778181553e+03
1.3686454153068714e+07 -3.9105282725843787e+05 8.7330308533757925e+03 -8.9256194426268339e+03
1.3686455153068714e+07 -3.9105715665629506e+05 8.6803299059867859e+03 -8.9540930683836341e+03
1.3686456153068714e+07 -3.9106147652769834e+05 8.6276287982463837e+03 -8.9825664534121752e+03
1.3686457153068714e+07 -3.9106578687974066e+05 8.5749275291413069e+03 -9.0110395980253816e+03
1.3686458153068714e+07 -3.9107008770565689e+05 8.5222261022180319e+03 -9.0395125005543232e+03
1.3686459153068714e+07 -3.9107437901251763e+05 8.4695245164781809e+03 -9.0679851613193750e+03
1.3686460153068714e+07 -3.9107866079360247e+05 8.4168227754533291e+03 -9.0964575786143541e+03
1.3686461153068714e+07 -3.9108293305595964e+05 8.3641208781301975e+03 -9.1249297527894378e+03
1.3686462153068714e+07 -3.9108719579631835e+05 8.3114188269823790e+03 -9.1534016826674342e+03
1.3686463153068714e+07 -3.9109144901140034e+05 8.2587166243493557e+03 -9.1818733670488000e+03
1.3686464153068714e+07 -3.9109569270825386e+05 8.2060142692476511e+03 -9.2103448062688112e+03
1.3686465153068714e+07 -3.9109992688015103e+05 8.1533117652535439e+03 -9.2388159986361861e+03
1.3686466153068714e+07 -3.9110415153416991e+05 8.1006091113090515e+03 -9.2672869444787502e+03
1.3686467153068714e+07 -3.9110836666357517e+05 8.0479063109904528e+03 -9.2957576421275735e+03
1.3686468153068714e+07 -3.9111257227540016e+05 7.9952033633142710e+03 -9.3242280918881297e+03
1.3686469153068714e+07 -3.9111676836640388e+05 7.9425002706348896e+03 -9.3526982925832272e+03
1.3686470153068714e+07 -3.9112095493329316e+05 7.8897970354110003e+03 -9.3811682430356741e+03
1.3686471153068714e+07 -3.9112513198313117e+05 7.8370936566144228e+03 -9.4096379435732961e+03
1.3686472153068714e+07 -3.9112929950919002e+05 7.7843901377916336e+03 -9.4381073925048113e+03
1.3686473153068714e+07 -3.9113345751851797e+05 7.7316864779442549e+03 -9.4665765901729465e+03
1.3686474153068714e+07 -3.9113760600785911e+05 7.6789826794862747e+03 -9.4950455353707075e+03
1.3686475153068714e+07 -3.9114174497392774e+05 7.6262787448018789e+03 -9.5235142269283533e+03
1.3686476153068714e+07 -3.9114587442377210e+05 7.5735746729075909e+03 -9.5519826651811600e+03
1.3686477153068714e+07 -3.9114999435412884e+05 7.5208704662322998e+03 -9.5804508489444852e+03
1.3686478153068714e+07 -3.9115410476171970e+05 7.4681661271303892e+03 -9.6089187770262361e+03
1.3686479153068714e+07 -3.9115820565360785e+05 7.4154616546332836e+03 -9.6373864497616887e+03
1.3686480153068714e+07 -3.9116229702650756e+05 7.3627570511102676e+03 -9.6658538659736514e+03
