1.3685041153068714e+07 6.5089813825719666e+03 2.2229811194547351e+03 -1.6591119823590780e+01
1.3685042153068714e+07 6.5154477123293536e+03 2.1605157138178838e+03 4.3574295491851723e+02
1.3685043153068714e+07 6.4931921798320845e+03 2.0885261684025895e+03 8.8615615642492378e+02
1.3685044153068714e+07 6.4423128935174836e+03 2.0073298326705292e+03 1.3326629410323171e+03
1.3685045153068714e+07 6.3630341431058387e+03 1.9172846421163315e+03 1.7732949856239509e+03
1.3685046153068714e+07 6.2557054108696029e+03 1.8187875403897617e+03 2.2061098645372076e+03
1.3685047153068714e+07 6.1207998310208704e+03 1.7122727294608501e+03 2.6291996123002928e+03
1.3685048153068714e+07 5.9589121040043692e+03 1.5982097555375931e+03 3.0406991344698990e+03
1.3685049153068714e+07 5.7707558749004911e+03 1.4771014391819281e+03 3.4387944294615663e+03
1.3685050153068714e+07 5.5571605874756597e+03 1.3494816587347107e+03 3.8217305851794977e+03
1.3685051153068714e+07 5.3190678277772849e+03 1.2159129968405450e+03 4.1878195151267546e+03
1.3685052153068714e+07 5.0575271733561885e+03 1.0769842604245566e+03 4.5354473999667507e+03
1.3685053153068714e+07 4.7736915664493572e+03 9.3330788507518810e+02 4.8630818016652438e+03
1.3685054153068714e+07 4.4688122314939747e+03 7.8551723525999421e+02 5.1692784188977221e+03
1.3685055153068714e+07 4.1442331593895051e+03 6.3426381228294645e+02 5.4526874539207965e+03
1.3685056153068714e+07 3.8013851828177276e+03 4.8021438228854117e+02 5.7120595628483370e+03
1.3685057153068714e+07 3.4417796687460223e+03 3.2404803697688658e+02 5.9462513630948588e+03
1.3685058153068714e+07 3.0670018559091318e+03 1.6645319998223408e+02 6.1542304737170552e+03
1.3685059153068714e+07 2.6787038666435119e+03 8.1245921136975205e+00 6.3350800664292738e+03
1.3685060153068714e+07 2.2785974238849763e+03 -1.5023983116181608e+02 6.4880029072288771e+03
1.3685061153068714e+07 1.8684463054276612e+03 -3.0794195649724986e+02 6.6123248708195115e+03
1.3685062153068714e+07 1.4500585687126829e+03 -4.6428659013835806e+02 6.7074979123370495e+03
1.3685063153068714e+07 1.0252785804167731e+03 -6.1858452252749476e+02 6.7731024832791554e+03
1.3685064153068714e+07 5.9597888598854695e+02 -7.7015556652427847e+02 6.8088493809864003e+03
1.3685065153068714e+07 1.6405195495287117e+02 -9.1833155585744805e+02 6.8145810235255276e+03
1.3685066153068714e+07 -2.6859816160266683e+02 -1.0624592905808440e+03 6.7902721443511300e+03
1.3685067153068714e+07 -7.0006422460512204e+02 -1.2019034165570095e+03 6.7360299036860279e+03
1.3685068153068714e+07 -1.1284442146214421e+03 -1.3360492262697146e+03 6.6520934161285559e+03
1.3685069153068714e+07 -1.5518497164769333e+03 -1.4643053686214801e+03 6.5388326965688020e+03
1.3685070153068714e+07 -1.9684142438999825e+03 -1.5861064557689010e+03 6.3967470290614228e+03
1.3685071153068714e+07 -2.3763014674995297e+03 -1.7009155555053333e+03 6.2264627658447780e+03
1.3685072153068714e+07 -2.7737133098060744e+03 -1.8082265582042533e+03 6.0287305662071867e+03
1.3685073153068714e+07 -3.1588978716745523e+03 -1.9075664078847321e+03 5.8044220873805589e+03
1.3685074153068714e+07 -3.5301571551430661e+03 -1.9984971875734882e+03 5.5545261420308007e+03
1.3685075153068714e+07 -3.8858545486520761e+03 -2.0806180497572959e+03 5.2801443393117752e+03
1.3685076153068714e+07 -4.2244220416837152e+03 -2.1535669834302594e+03 4.9824862286645530e+03
1.3685077153068714e+07 -4.5443671369707954e+03 -2.2170224099346001e+03 4.6628639677978235e+03
1.3685078153068714e+07 -4.8442794298275203e+03 -2.2707046005659731e+03 4.3226865383413478e+03
1.3685079153068714e+07 -5.1228368255955729e+03 -2.3143769096931992e+03 3.9634535346716416e+03
1.3685080153068714e+07 -5.3788113677929387e+03 -2.3478468179556994e+03 3.5867485532956057e+03
1.3685081153068714e+07 -5.6110746512790583e+03 -2.3709667809409207e+03 3.1942322119268388e+03
1.3685082153068714e+07 -5.8186027965718204e+03 -2.3836348795998661e+03 2.7876348290279893e+03
1.3685083153068714e+07 -6.0004809633801879e+03 -2.3857952695330428e+03 2.3687487961055372e+03
1.3685084153068714e+07 -6.1559073834692572e+03 -2.3774384271677905e+03 1.9394206763601576e+03
1.3685085153068714e+07 -6.2841968950708879e+03 -2.3586011917405376e+03 1.5015430645365605e+03
1.3685086153068714e+07 -6.3847839632624218e+03 -2.3293666028991720e+03 1.0570462438509712e+03
1.3685087153068714e+07 -6.4572251729958416e+03 -2.2898635346418987e+03 6.0788967678540757e+02
1.3685088153068714e+07 -6.5012011837921300e+03 -2.2402661272053456e+03 1.5605336724175120e+02
1.3685089153068714e+07 -6.5165181374794729e+03 -2.1807930194076466e+03 -2.9647086784616965e+02
1.3685090153068714e+07 -6.5031085127728638e+03 -2.1117063848289972e+03 -7.4768817898397867e+02
1.3685091153068714e+07 -6.4610314229262140e+03 -2.0333107760799451e+03 -1.1956094779505213e+03
1.3685092153068714e+07 -6.3904723551451962e+03 -1.9459517822508683e+03 -1.6382602062385768e+03
1.3685093153068714e+07 -6.2917423529096004e+03 -1.8500145054619434e+03 -2.0736890394420543e+03
1.3685094153068714e+07 -6.1652766448097536e+03 -1.7459218632288366e+03 -2.4999764892222875e+03
1.3685095153068714e+07 -6.0116327259427417e+03 -1.6341327241288820e+03 -2.9152433649287095e+03
1.3685096153068714e+07 -5.8314879003208835e+03 -1.5151398849823063e+03 -3.3176590575877085e+03
1.3685097153068714e+07 -5.6256362951373103e+03 -1.3894678984737122e+03 -3.7054496097116553e+03
1.3685098153068714e+07 -5.3949853600327478e+03 -1.2576707607780781e+03 -4.0769055353967597e+03
1.3685099153068714e+07 -5.1405518668216655e+03 -1.1203294694012422e+03 -4.4303893561840132e+03
1.3685100153068714e+07 -4.8634574272769796e+03 -9.7804946197973118e+02 -4.7643428195250681e+03
1.3685101153068714e+07 -4.5649235487724436e+03 -8.3145794735341735e+02 -5.0772937679673141e+03
1.3685102153068714e+07 -4.2462662495401510e+03 -6.8120114065507369e+02 -5.3678626288335818e+03
1.3685103153068714e+07 -3.9088902573139271e+03 -5.2794141462287382e+02 -5.6347684957449264e+03
1.3685104153068714e+07 -3.5542828169041913e+03 -3.7235437967937895e+02 -5.8768347752094187e+03
1.3685105153068714e+07 -3.1840071340236746e+03 -2.1512590565930597e+02 -6.0929943733631990e+03
1.3685106153068714e+07 -2.7996954842525743e+03 -5.6949098309006850e+01 -6.2822944000112966e+03
1.3685107153068714e+07 -2.4030420175284389e+03 1.0147875611048018e+02 -6.4439003692258893e+03
1.3685108153068714e+07 -1.9957952898723408e+03 2.5945926465119254e+02 -6.5770998779888532e+03
1.3685109153068714e+07 -1.5797505552829141e+03 4.1629600638274286e+02 -6.6813057466579594e+03
1.3685110153068714e+07 -1.1567418517688866e+03 5.7129760240525309e+02 -6.7560586074158764e+03
1.3685111153068714e+07 -7.2863391641337375e+02 7.2378076363479568e+02 -6.8010289292892703e+03
1.3685112153068714e+07 -2.9731396510796458e+02 8.7307330292689642e+02 -6.8160184708121496e+03
1.3685113153068714e+07 1.3531662680718532e+02 1.0185170982601560e+03 -6.8009611539296957e+03
1.3685114153068714e+07 5.6735070632144902e+02 1.1594709939167828e+03 -6.7559233552896394e+03
1.3685115153068714e+07 9.9688375000102349e+02 1.2953136268709920e+03 -6.6811036136377425e+03
1.3685116153068714e+07 1.4220222596444310e+03 1.4254461659258950e+03 -6.5768317546069702e+03
1.3685117153068714e+07 1.8408921093397003e+03 1.5492949515251439e+03 -6.4435674367573811e+03
1.3685118153068714e+07 2.2516468071174841e+03 1.6663140245993654e+03 -6.2818981252784060e+03
1.3685119153068714e+07 2.6524756347887792e+03 1.7759875333021914e+03 -6.0925365022848719e+03
1.3685120153068714e+07 3.0416116300860781e+03 1.8778320070265277e+03 -5.8763173251206799e+03
1.3685121153068714e+07 3.4173393759104551e+03 1.9713984876738457e+03 -5.6341937465245001e+03
1.3685122153068714e+07 3.7780025623612742e+03 2.0562745087849089e+03 -5.3672331128715678e+03
1.3685123153068714e+07 4.1220112881921477e+03 2.1320859138022888e+03 -5.0766122590282794e+03
1.3685124153068714e+07 4.4478490695364826e+03 2.1984985054565241e+03 -4.7636123205399354e+03
1.3685125153068714e+07 4.7540795249791836e+03 2.2552195189983090e+03 -4.4296130860388275e+03
1.3685126153068714e+07 5.0393527075160782e+03 2.3019989127852273e+03 -4.0760869147625467e+03
1.3685127153068714e+07 5.3024110554882927e+03 2.3386304705336843e+03 -3.7045922459946391e+03
1.3685128153068714e+07 5.5420949362564252e+03 2.3649527103766454e+03 -3.3167667290414161e+03
1.3685129153068714e+07 5.7573477581754942e+03 2.3808495967198810e+03 -2.9143200040328957e+03
1.3685130153068714e+07 5.9472206283450178e+03 2.3862510517591809e+03 -2.4990261653533507e+03
1.3685131153068714e+07 6.1108765355800906e+03 2.3811332644020217e+03 -2.0727159409647052e+03
1.3685132153068714e+07 6.2475940401904463e+03 2.3655187952338379e+03 -1.6372686220487255e+03
1.3685133153068714e+07 6.3567704542796619e+03 2.3394764770650418e+03 -1.1946037785894014e+03
1.3685134153068714e+07 6.4379244985600599e+03 2.3031211114972934e+03 -7.4667279737998842e+02
1.3685135153068714e+07 6.4906984239620033e+03 2.2566129628469866e+03 -2.9545027978214961e+02
1.3685136153068714e+07 6.5148595886895591e+03 2.2001570516566312e+03 1.5707466285446128e+02
1.3685137153068714e+07 6.5103014837688615e+03 2.1340022509084747e+03 6.0890717773659242e+02
1.3685138153068714e+07 6.4770442025688099e+03 2.0584401889249111e+03 1.0580554644801041e+03
1.3685139153068714e+07 6.4152343522237261e+03 1.9738039637910001e+03 1.5025395555106491e+03
1.3685140153068714e+07 6.3251444073494704e+03 1.8804666749681992e+03 1.9404000442950110e+03
1.3685141153068714e+07 6.2071715089006775e+03 1.7788397785697794e+03 2.3697067229415184e+03
1.3685142153068714e+07 6.0618357134642638e+03 1.6693712735498075e+03 2.7885670910825738e+03
1.3685143153068714e+07 5.8897777007094437e+03 1.5525437268028672e+03 3.1951346985264354e+03
1.3685144153068714e+07 5.6917559490961303e+03 1.4288721458770901e+03 3.5876172849145591e+03
1.3685145153068714e+07 5.4686433922957140e+03 1.2989017086810516e+03 3.9642846804913106e+03
1.3685146153068714e+07 5.2214235710579405e+03 1.1632053601892608e+03 4.3234764331671759e+03
1.3685147153068714e+07 4.9511862975032727e+03 1.0223812867492272e+03 4.6636091282306688e+03
1.3685148153068714e+07 4.6591228509221064e+03 8.7705027910679280e+02 4.9831833684869089e+03
1.3685149153068714e+07 4.3465207263040829e+03 7.2785299579842103e+02 5.2807903839908022e+03
1.3685150153068714e+07 4.0147579586970560e+03 5.7544713894785730e+02 5.5551182423010305e+03
1.3685151153068714e+07 3.6652970484627913e+03 4.2050455494091301e+02 5.8049576318241561e+03
1.3685152153068714e+07 3.2996785141718351e+03 2.6370827274136860e+02 6.0292071927927700e+03
1.3685153153068714e+07 2.9195141015813251e+03 1.0574949291495182e+02 6.2268783723552870e+03
1.3685154153068714e+07 2.5264796786184661e+03 -5.2675459371744083e+01 6.3970997823859152e+03
1.3685155153068714e+07 2.1223078477003473e+03 -2.1086820394109984e+02 6.5391210407978006e+03
1.3685156153068714e+07 1.7087803079516586e+03 -3.6813138425388604e+02 6.6523160794298465e+03
1.3685157153068714e+07 1.2877200009909873e+03 -5.2377174154611225e+02 6.7361859039238379e+03
1.3685158153068714e+07 8.6098307490564116e+02 -6.7710317090296257e+02 6.7903607934260599e+03
1.3685159153068714e+07 4.3045070185234272e+02 -8.2744974579332802e+02 6.8146019304146521e+03
1.3685160153068714e+07 -1.9792146656031875e+00 -9.7414869773914290e+02 6.8088024534713022e+03
1.3685161153068714e+07 -4.3440040626966419e+02 -1.1165533379776009e+03 6.7729879283533046e+03
1.3685162153068714e+07 -8.6490664305381233e+02 -1.2540359082403170e+03 6.7073162352913723e+03
1.3685163153068714e+07 -1.2916001367642166e+03 -1.3859903480822359e+03 6.6120768730091686e+03
1.3685164153068714e+07 -1.7125999067629054e+03 -1.5118349665596809e+03 6.4876896825330377e+03
1.3685165153068714e+07 -2.1260500719005199e+03 -1.6310150064815889e+03 6.3347029964175581e+03
1.3685166153068714e+07 -2.5301280317451719e+03 -1.7430050899298190e+03 6.1537912215446340e+03
1.3685167153068714e+07 -2.9230525010965621e+03 -1.8473115342664244e+03 5.9457518661543945e+03
1.3685168153068714e+07 -3.3030913623708079e+03 -1.9434745284195096e+03 5.7115020242130877e+03
1.3685169153068714e+07 -3.6685693012491543e+03 -2.0310701598561743e+03 5.4520743326103102e+03
1.3685170153068714e+07 -4.0178751919148262e+03 -2.1097122833027934e+03 5.1686124190148394e+03
1.3685171153068714e+07 -4.3494691993275210e+03 -2.1790542229767370e+03 4.8623658604561706e+03
1.3685172153068714e+07 -4.6618895672350909e+03 -2.2387903008274147e+03 4.5346846748483995e+03
1.3685173153068714e+07 -4.9537590619914554e+03 -2.2886571840477413e+03 4.1870133697433721e+03
1.3685174153068714e+07 -5.2237910437736164e+03 -2.3284350459158418e+03 3.8208845745502658e+03
1.3685175153068714e+07 -5.4707951384376638e+03 -2.3579485348503822e+03 3.4379122842892452e+03
1.3685176153068714e+07 -5.6936824850090197e+03 -2.3770675474073619e+03 3.0397847446642804e+03
1.3685177153068714e+07 -5.8914705356726972e+03 -2.3857078018109532e+03 2.6282570098253073e+03
1.3685178153068714e+07 -6.0632873871170605e+03 -2.3838312094905759e+03 2.2051432055990340e+03
1.3685179153068714e+07 -6.2083756241102019e+03 -2.3714460429849719e+03 1.7723085323491921e+03
1.3685180153068714e+07 -6.3260956583972174e+03 -2.3486068994745228e+03 1.3316610426536786e+03
1.3685181153068714e+07 -6.4159285481743009e+03 -2.3154144601019671e+03 8.8514323010106784e+02
1.3685182153068714e+07 -6.4774782857251621e+03 -2.2720150461427156e+03 4.3472346625226459e+02
1.3685183153068714e+07 -6.5104735431304416e+03 -2.2185999739806648e+03 -1.7612676477439699e+01
1.3685184153068714e+07 -6.5147688683537363e+03 -2.1554047117340278e+03 -4.6987117775525053e+02
1.3685185153068714e+07 -6.4903453264337504e+03 -2.0827078412481583e+03 -9.2005835951253800e+02
1.3685186153068714e+07 -6.4373105829549613e+03 -2.0008298300314973e+03 -1.3661896746170762e+03
1.3685187153068714e+07 -6.3558984294284382e+03 -1.9101316185478277e+03 -1.8062984552952269e+03
1.3685188153068714e+07 -6.2464677526759433e+03 -1.8110130290934444e+03 -2.2384445827336349e+03
1.3685189153068714e+07 -6.1095009527604298e+03 -1.7039110032726028e+03 -2.6607230396474274e+03
1.3685190153068714e+07 -5.9456018164366787e+03 -1.5892976758408809e+03 -3.0712723081121394e+03
1.3685191153068714e+07 -5.7554928554943072e+03 -1.4676782934061675e+03 -3.4682825756433849e+03
1.3685192153068714e+07 -5.5400121217349024e+03 -1.3395889871678205e+03 -3.8500037133305732e+03
1.3685193153068714e+07 -5.3001095126104246e+03 -1.2055944095032114e+03 -4.2147529908871611e+03
1.3685194153068714e+07 -5.0368425838175508e+03 -1.0662852448269787e+03 -4.5609224945814831e+03
1.3685195153068714e+07 -4.7513718873143389e+03 -9.2227560569841614e+02 -4.8869862153466183e+03
1.3685196153068714e+07 -4.4449558552816061e+03 -7.7420032564090241e+02 -5.1915067758573314e+03
1.3685197153068714e+07 -4.1189452526267587e+03 -6.2271216063051861e+02 -5.4731417668642998e+03
1.3685198153068714e+07 -3.7747772224381652e+03 -4.6847891156664070e+02 -5.7306496649082837e+03
1.3685199153068714e+07 -3.4139689506737450e+03 -3.1218048042670034e+02 -5.9628953052887300e+03
1.3685200153068714e+07 -3.0381109779946328e+03 -1.5450587307398615e+02 -6.1688548861788495e+03
1.3685201153068714e+07 -2.6488601882319117e+03 3.8498380667253951e+00 -6.3476204818225415e+03
1.3685202153068714e+07 -2.2479325043937120e+03 1.6218857807697873e+02 -6.4984040449186405e+03
1.3685203153068714e+07 -1.8370953244136845e+03 3.1981234684744271e+02 -6.6205408805477127e+03
1.3685204153068714e+07 -1.4181597299810878e+03 4.7602629605213968e+02 -6.7134925763294605e+03
1.3685205153068714e+07 -9.9297250280367552e+02 6.3014179222771338e+02 -6.7768493758914601e+03
1.3685206153068714e+07 -5.6340798349128681e+02 7.8147945245737662e+02 -6.8103319851882707e+03
1.3685207153068714e+07 -1.3135980895762975e+02 9.2937213927401172e+02 -6.8137928037063984e+03
1.3685208153068714e+07 3.0126743524810939e+02 1.0731679015844468e+03 -6.7872165751292187e+03
1.3685209153068714e+07 7.3256661086764780e+02 1.2122328486457864e+03 -6.7307204545924142e+03
1.3685210153068714e+07 1.1606364341193273e+03 1.3459539444289865e+03 -6.6445534922339339e+03
1.3685211153068714e+07 1.5835898570698198e+03 1.4737417100472458e+03 -6.5290955353154450e+03
1.3685212153068714e+07 1.9995623862582461e+03 1.5950328223405927e+03 -6.3848555537530228e+03
1.3685213153068714e+07 2.4067203018857517e+03 1.7092925971563718e+03 -6.2124693964420367e+03
1.3685214153068714e+07 2.8032687413510216e+03 1.8160173463826809e+03 -6.0126969882643943e+03
1.3685215153068714e+07 3.1874596114990418e+03 1.9147365983444272e+03 -5.7864189801311277e+03
1.3685216153068714e+07 3.5575992946790034e+03 2.0050151717674180e+03 -5.5346328668416108e+03
1.3685217153068714e+07 3.9120561146819737e+03 2.0864550941787975e+03 -5.2584485898514185e+03
1.3685218153068714e+07 4.2492675296113348e+03 2.1586973562774906e+03 -4.9590836443502567e+03
1.3685219153068714e+07 4.5677470199900381e+03 2.2214234945445164e+03 -4.6378577122154629e+03
1.3685220153068714e+07 4.8660906417443803e+03 2.2743569951174286e+03 -4.2961868444959437e+03
1.3685221153068714e+07 5.1429832151716701e+03 2.3172645127389624e+03 -3.9355772190755129e+03
1.3685222153068714e+07 5.3972041226116789e+03 2.3499568994068959e+03 -3.5576185010308177e+03
1.3685223153068714e+07 5.6276326892625093e+03 2.3722900381902032e+03 -3.1639768349545211e+03
1.3685224153068714e+07 5.8332531234195249e+03 2.3841654785356932e+03 -2.7563875001378260e+03
1.3685225153068714e+07 6.0131589943583886e+03 2.3855308702650682e+03 -2.3366472609964553e+03
1.3685226153068714e+07 6.1665572281368122e+03 2.3763801943492999e+03 -1.9066064464277281e+03
1.3685227153068714e+07 6.2927716036731354e+03 2.3567537894421584e+03 -1.4681607930745213e+03
1.3685228153068714e+07 6.3912457337174683e+03 2.3267381740566916e+03 -1.0232430883929629e+03
1.3685229153068714e+07 6.4615455175574116e+03 2.2864656651680839e+03 -5.7381465040105240e+02
1.3685230153068714e+07 6.5033610546518430e+03 2.2361137949247513e+03 -1.2185668165808795e+02
1.3685231153068714e+07 6.5165080107575350e+03 2.1759045280381392e+03 3.3063846441826581e+02
1.3685232153068714e+07 6.5009284305243755e+03 2.1061032833021172e+03 7.8167606638563484e+02
1.3685233153068714e+07 6.4566909929786425e+03 2.0270177635547266e+03 1.2292678280525033e+03
1.3685234153068714e+07 6.3839907087666770e+03 1.9389965992399668e+03 1.6714406434303210e+03
1.3685235153068714e+07 6.2831480604952776e+03 1.8424278115506359e+03 2.1062452947175784e+03
1.3685236153068714e+07 6.1546075899560619e+03 1.7377371019243139e+03 2.5317650449867820e+03
1.3685237153068714e+07 5.9989359384638310e+03 1.6253859754356931e+03 2.9461240876805509e+03
1.3685238153068714e+07 5.8168193489496380e+03 1.5058697063582831e+03 3.3474958156709563e+03
1.3685239153068714e+07 5.6090606408090525e+03 1.3797151548566583e+03 3.7341108734539789e+03
1.3685240153068714e+07 5.3765756708622475e+03 1.2474784444480254e+03 4.1042649569336536e+03
1.3685241153068714e+07 5.1203892960025560e+03 1.1097425104551492e+03 4.4563263264684201e+03
1.3685242153068714e+07 4.8416308553471636e+03 9.6711453026870788e+02 4.7887430000213562e+03
1.3685243153068714e+07 4.5415291918096027e+03 8.2022324674768493e+02 5.1000495947102991e+03
1.3685244153068714e+07 4.2214072350147253e+03 6.6971619654439337e+02 5.3888737866254032e+03
1.3685245153068714e+07 3.8826761694734359e+03 5.1625685559119790e+02 5.6539423603952819e+03
1.3685246153068714e+07 3.5268292136933287e+03 3.6052171431627920e+02 5.8940868218696551e+03
1.3685247153068714e+07 3.1554350376639945e+03 2.0319729548951079e+02 6.1082485491583438e+03
1.3685248153068714e+07 2.7701308477362172e+03 4.4977127844959156e+01 6.2954834593208998e+03
1.3685249153068714e+07 2.3726151693667853e+03 -1.1344131118398967e+02 6.4549661701417926e+03
1.3685250153068714e+07 1.9646403595600873e+03 -2.7135967013305105e+02 6.5859936386360951e+03
1.3685251153068714e+07 1.5480048819990420e+03 -4.2808180203114830e+02 6.6879882602539137e+03
1.3685252153068714e+07 1.1245453789319483e+03 -5.8291683320386744e+02 6.7605004151155526e+03
1.3685253153068714e+07 6.9612857474925102e+02 -7.3518220883401841e+02 6.8032104500575806e+03
1.3685254153068714e+07 2.6464304696162623e+02 -8.8420670184615574e+02 6.8159300877481328e+03
1.3685255153068714e+07 -1.6800909916753611e+02 -1.0293333718593690e+03 6.7986032566635558e+03
1.3685256153068714e+07 -5.9992061561511173e+02 -1.1699224611573898e+03 6.7513063382649570e+03
1.3685257153068714e+07 -1.0291875192662055e+03 -1.3053542149143950e+03 6.6742478302866220e+03
1.3685258153068714e+07 -1.4539174851873188e+03 -1.4350316132418827e+03 6.5677674276199605e+03
1.3685259153068714e+07 -1.8722381885080417e+03 -1.5583830030140798e+03 6.4323345248446367e+03
1.3685260153068714e+07 -2.2823055581363233e+03 -1.6748646178695619e+03 6.2685461470085111e+03
1.3685261153068714e+07 -2.6823119059237838e+03 -1.7839629752805483e+03 6.0771243177776578e+03
1.3685262153068714e+07 -3.0704938954397285e+03 -1.8851971401214207e+03 5.8589128765615424e+03
1.3685263153068714e+07 -3.4451403152465778e+03 -1.9781208447636736e+03 5.6148737586330335e+03
1.3685264153068714e+07 -3.8045996223703664e+03 -2.0623244563408107e+03 5.3460827546624687e+03
1.3685265153068714e+07 -4.1472872227539337e+03 -2.1374367825220570e+03 5.0537247683379974e+03
1.3685266153068714e+07 -4.4716924565790332e+03 -2.2031267078289138e+03 4.7390885929852193e+03
1.3685267153068714e+07 -4.7763852576595673e+03 -2.2591046532806072e+03 4.4035612302188392e+03
1.3685268153068714e+07 -5.0600224575601305e+03 -2.3051238529363814e+03 4.0486217756631377e+03
1.3685269153068714e+07 -5.3213537066459467e+03 -2.3409814417063144e+03 3.6758348986966057e+03
1.3685270153068714e+07 -5.5592269859595681e+03 -2.3665193496349802e+03 3.2868439449688553e+03
1.3685271153068714e+07 -5.7725936856351191e+03 -2.3816249987168057e+03 2.8833636920828317e+03
1.3685272153068714e+07 -5.9605132274538000e+03 -2.3862317991698023e+03 2.4671727903883184e+03
1.3685273153068714e+07 -6.1221572111606256e+03 -2.3803194429809423e+03 2.0401059222227818e+03
1.3685274153068714e+07 -6.2568130662840795e+03 -2.3639139934293562e+03 1.6040457141179352e+03
1.3685275153068714e+07 -6.3638871933336677e+03 -2.3370877701921386e+03 1.1609144376851589e+03
1.3685276153068714e+07 -6.4429075805488847e+03 -2.2999590305394286e+03 7.1266553571635268e+02
1.3685277153068714e+07 -6.4935258846537808e+03 -2.2526914480244732e+03 2.6127501088267377e+02
1.3685278153068714e+07 -6.5155189664486843e+03 -2.1954933909659389e+03 -1.9126728502333503e+02
1.3685279153068714e+07 -6.5087898744674767e+03 -2.1286170039041217e+03 -6.4296642289016290e+02
1.3685280153068714e+07 -6.4733682723661495e+03 -2.0523570960797024e+03 -1.0918311904745326e+03
1.3685281153068714e+07 -6.4094103081576022e+03 -1.9670498418349537e+03 -1.5358828702034709e+03
1.3685282153068714e+07 -6.3171979258688298e+03 -1.8730712986659771e+03 -1.9731639618986055e+03
1.3685283153068714e+07 -6.1971376226559614e+03 -1.7708357494600780e+03 -2.4017468119640153e+03
1.3685284153068714e+07 -6.0497586568557126e+03 -1.6607938762250785e+03 -2.8197421110044133e+03
1.3685285153068714e+07 -5.8757107148692667e+03 -1.5434307733593457e+03 -3.2253072224191446e+03
1.3685286153068714e+07 -5.6757610471751250e+03 -1.4192638092286099e+03 -3.6166543052286811e+03
1.3685287153068714e+07 -5.4507910860741731e+03 -1.2888403454611275e+03 -3.9920581953797691e+03
1.3685288153068714e+07 -5.2017925601055313e+03 -1.1527353240343837e+03 -4.3498640107202900e+03
1.3685289153068714e+07 -4.9298631222361873e+03 -1.0115487327732171e+03 -4.6884944461757768e+03
1.3685290153068714e+07 -4.6362015111076826e+03 -8.6590296044008210e+02 -5.0064567269395411e+03
1.3685291153068714e+07 -4.3221022666798772e+03 -7.1644005308078351e+02 -5.3023491890205278e+03
1.3685292153068714e+07 -3.9889500235420628e+03 -5.6381888370827880e+02 -5.5748674581665246e+03
1.3685293153068714e+07 -3.6382134070718112e+03 -4.0871224781337594e+02 -5.8228101998969132e+03
1.3685294153068714e+07 -3.2714385593394700e+03 -2.5180389750104300e+02 -6.0450844153100279e+03
1.3685295153068714e+07 -2.8902423232938099e+03 -9.3785527325066411e+01 -6.2407102593212439e+03
1.3685296153068714e+07 -2.4963051152809066e+03 6.4646274888852233e+01 -6.4088253600865137e+03
1.3685297153068714e+07 -2.0913635173151729e+03 2.2279309879052806e+02 -6.5486886205717974e+03
1.3685298153068714e+07 -1.6772026217554805e+03 3.7995779028754362e+02 -6.6596834855113520e+03
1.3685299153068714e+07 -1.2556481621357882e+03 5.3544752478908151e+02 -6.7413206593516652e+03
1.3685300153068714e+07 -8.2855846483399318e+02 6.8857686136578616e+02 -6.7932402632009698e+03
1.3685301153068714e+07 -3.9781625707048147e+02 8.3867076435759202e+02 -6.8152134212736537e+03
1.3685302153068714e+07 3.4679632667751136e+01 9.8506757911555485e+02 -6.8071432698389717e+03
1.3685303153068714e+07 4.6702264517669738e+02 1.1271219487546982e+03 -6.7690653842238262e+03
1.3685304153068714e+07 8.9730689516439224e+02 1.2642076590621048e+03 -6.7011476219888464e+03
1.3685305153068714e+07 1.3236355729112638e+03 1.3957203990196181e+03 -6.6036893829684577e+03
1.3685306153068714e+07 1.7441293059236507e+03 1.5210804247714773e+03 -6.4771202894362114e+03
1.3685307153068714e+07 2.1569344437154805e+03 1.6397351152920871e+03 -6.3219982922153486e+03
1.3685308153068714e+07 2.5602312292066099e+03 1.7511614084908526e+03 -6.1390072110804240e+03
1.3685309153068714e+07 2.9522418207001401e+03 1.8548681070104719e+03 -5.9289537202983765e+03
1.3685310153068714e+07 3.3312381291040820e+03 1.9503980435618910e+03 -5.6927637925843546e+03
1.3685311153068714e+07 3.6955494358013079e+03 2.0373300962379108e+03 -5.4314786171731839e+03
1.3685312153068714e+07 4.0435697576475641e+03 2.1152810449373910e+03 -5.1462500099660574e+03
1.3685313153068714e+07 4.3737649265741047e+03 2.1839072607018506e+03 -4.8383353360187029e+03
1.3685314153068714e+07 4.6846793526190277e+03 2.2429062205259288e+03 -4.5090919667351736e+03
1.3685315153068714e+07 4.9749424405640193e+03 2.2920178409614155e+03 -4.1599712962072117e+03
1.3685316153068714e+07 5.2432746318920899e+03 2.3310256246363233e+03 -3.7925123430748272e+03
1.3685317153068714e+07 5.4884930454308778e+03 2.3597576146346046e+03 -3.4083349661132806e+03
1.3685318153068714e+07 5.7095166918158084e+03 2.3780871525292591e+03 -3.0091327234538562e+03
1.3685319153068714e+07 5.9053712387829537e+03 2.3859334367270449e+03 -2.5966654069238189e+03
1.3685320153068714e+07 6.0751933062919588e+03 2.3832618786644703e+03 -2.1727512844064463e+03
1.3685321153068714e+07 6.2182342725431818e+03 2.3700842552837767e+03 -1.7392590844155727e+03
1.3685322153068714e+07 6.3338635741044673e+03 2.3464586571170771e+03 -1.2980997582369223e+03
1.3685323153068714e+07 6.4215714856069899e+03 2.3124892322077112e+03 -8.5121805593482748e+02
1.3685324153068714e+07 6.4809713667539108e+03 2.2683257269975347e+03 -4.0058395336498052e+02
1.3685325153068714e+07 6.5118013667365212e+03 2.2141628262037084e+03 5.1816032017460657e+01
1.3685326153068714e+07 6.5139255785434289e+03 2.1502392945957367e+03 5.0398759826459178e+02
1.3685327153068714e+07 6.4873346380759667e+03 2.0768369244554183e+03 9.5393745036202131e+02
1.3685328153068714e+07 6.4321457654277619e+03 1.9942792933598573e+03 1.3996820872153864e+03
1.3685329153068714e+07 6.3486022481461405e+03 1.9029303377629958e+03 1.8392565454648554e+03
1.3685330153068714e+07 6.2370723687543305e+03 1.8031927486650447e+03 2.2707230615756571e+03
1.3685331153068714e+07 6.0980477812618237e+03 1.6955061964409790e+03 2.6921796140268739e+03
1.3685332153068714e+07 5.9321413438195250e+03 1.5803453926538521e+03 3.1017683079396206e+03
1.3685333153068714e+07 5.7400844170716719e+03 1.4582179973955499e+03 3.4976835651875940e+03
1.3685334153068714e+07 5.5227236401223199e+03 1.3296623813854244e+03 3.8781800838672193e+03
1.3685335153068714e+07 5.2810171983167329e+03 1.1952452526837351e+03 4.2415805320695827e+03
1.3685336153068714e+07 5.0160305992969488e+03 1.0555591584873046e+03 4.5862829420164953e+03
1.3685337153068714e+07 4.7289319759618802e+03 9.1121987302450520e+02 4.9107677719589574e+03
1.3685338153068714e+07 4.4209869370066308e+03 7.6286368304838584e+02 5.2136046047452073e+03
1.3685339153068714e+07 4.0935529877872423e+03 6.1114458291797996e+02 5.4934584534728583e+03
1.3685340153068714e+07 3.7480735460585634e+03 4.5673139160891310e+02 5.7490956464827168e+03
1.3685341153068714e+07 3.3860715789993419e+03 3.0030480437924285e+02 5.9793892657139568e+03
1.3685342153068714e+07 3.0091428895572694e+03 1.4255439207921296e+02 6.1833241144649364e+03
1.3685343153068714e+07 2.6189490817165620e+03 -1.5824438663948799e+01 6.3600011926541847e+03
1.3685344153068714e+07 2.2172102356937794e+03 -1.7413351098813126e+02 6.5086416598565866e+03
1.3685345153068714e+07 1.8056973253584242e+03 -3.3167495554879156e+02 6.6285902686413256e+03
1.3685346153068714e+07 1.3862244112977010e+03 -4.8775428691693349e+02 6.7193182530796739e+03
1.3685347153068714e+07 9.6064064394395496e+02 -6.4168346505954264e+02 6.7804256596872137e+03
1.3685348153068714e+07 5.3082211201875714e+02 -7.9278392840617414e+02 6.8116431105255770e+03
1.3685349153068714e+07 9.8663572223406916e+01 -9.4038958513274520e+02 6.8128329906921326e+03
1.3685350153068714e+07 -3.3392990336356928e+02 -1.0838497494750727e+03 6.7839900549621043e+03
1.3685351153068714e+07 -7.6505132535867688e+02 -1.2225320101272446e+03 6.7252414509093906e+03
1.3685352153068714e+07 -1.1928001936022260e+03 -1.3558250180827663e+03 6.6368461584040660e+03
1.3685353153068714e+07 -1.6152908750769236e+03 -1.4831411816260347e+03 6.5191938479573182e+03
1.3685354153068714e+07 -2.0306609162889267e+03 -1.6039192565955723e+03 6.3728031629469260e+03
1.3685355153068714e+07 -2.4370792534684047e+03 -1.7176268205004171e+03 6.1983194332949233e+03
1.3685356153068714e+07 -2.8327542843970209e+03 -1.8237626195830694e+03 5.9965118306754694e+03
1.3685357153068714e+07 -3.2159417662653777e+03 -1.9218587784788140e+03 5.7682699778015622e+03
1.3685358153068714e+07 -3.5849525047831617e+03 -2.0114828627409140e+03 5.5146000267173858e+03
1.3685359153068714e+07 -3.9381598005902670e+03 -2.0922397851246596e+03 5.2366202234141747e+03
1.3685360153068714e+07 -4.2740066201928530e+03 -2.1637735472400832e+03 4.9355559782957371e+03
1.3685361153068714e+07 -4.5910124597905151e+03 -2.2257688088893929e+03 4.6127344642339194e+03
1.3685362153068714e+07 -4.8877798717343994e+03 -2.2779522781709047e+03 4.2695787660323367e+03
1.3685363153068714e+07 -5.1630006248541340e+03 -2.3200939162234117e+03 3.9076016070825285e+03
1.3685364153068714e+07 -5.4154614714946874e+03 -2.3520079512994685e+03 3.5283986808684231e+03
1.3685365153068714e+07 -5.6440494958373520e+03 -2.3735536976969911e+03 3.1336416167210559e+03
1.3685366153068714e+07 -5.8477570199369429e+03 -2.3846361759401329e+03 2.7250706108183358e+03
1.3685367153068714e+07 -6.0256860458380715e+03 -2.3852065314739089e+03 2.3044867549270002e+03
1.3685368153068714e+07 -6.1770522141877191e+03 -2.3752622500280127e+03 1.8737440967137115e+03
1.3685369153068714e+07 -6.3011882619082862e+03 -2.3548471687003371e+03 1.4347414665893884e+03
1.3685370153068714e+07 -6.3975469636709067e+03 -2.3240512827108882e+03 9.8941410715574568e+02
1.3685371153068714e+07 -6.4657035442121933e+03 -2.2830103486786220e+03 5.3972514213449335e+02
1.3685372153068714e+07 -6.5053575508592639e+03 -2.2319052861690479e+03 8.7656922381600680e+01
1.3685373153068714e+07 -6.5163341780053352e+03 -2.1709613801522041e+03 -3.6479771284642078e+02
1.3685374153068714e+07 -6.4985850377004490e+03 -2.1004472878852521e+03 -8.1564422087005869e+02
1.3685375153068714e+07 -6.4521883729588253e+03 -2.0206738545990002e+03 -1.2628951480681799e+03
1.3685376153068714e+07 -6.3773487128422503e+03 -1.9319927432074687e+03 -1.7045788911146446e+03
1.3685377153068714e+07 -6.2743959708412640e+03 -1.8347948840834335e+03 -2.1387483883349973e+03
1.3685378153068714e+07 -6.1437839905269939e+03 -1.7295087517309814e+03 -2.5634897028847117e+03
1.3685379153068714e+07 -5.9860885448876998e+03 -1.6165984759552482e+03 -2.9769304598959566e+03
1.3685380153068714e+07 -5.8020047981639154e+03 -1.4965617958510979e+03 -3.3772481004193819e+03
1.3685381153068714e+07 -5.5923442413800740e+03 -1.3699278656368222e+03 -3.7626779157498086e+03
1.3685382153068714e+07 -5.3580311150680727e+03 -1.2372549219962359e+03 -4.1315208267496264e+03
1.3685383153068714e+07 -5.1000983349741018e+03 -1.0991278232254078e+03 -4.4821508738357188e+03
1.3685384153068714e+07 -4.8196829386761174e+03 -9.5615547101295533e+02 -4.8130223846669469e+03
1.3685385153068714e+07 -4.5180210732264795e+03 -8.0896812624286622e+02 -5.1226767878710207e+03
1.3685386153068714e+07 -4.1964425458717578e+03 -6.5821463062882708e+02 -5.4097490428351648e+03
1.3685387153068714e+07 -3.8563649619120179e+03 -5.0455954644882132e+02 -5.6729736571660023e+03
1.3685388153068714e+07 -3.4992874755077482e+03 -3.4868022697194993e+02 -5.9111902653295983e+03
1.3685389153068714e+07 -3.1267841810042260e+03 -1.9126383050250641e+02 -6.1233487438564362e+03
1.3685390153068714e+07 -2.7404971739002949e+03 -3.3004291201099967e+01 -6.3085138405699445e+03
1.3685391153068714e+07 -2.3421293120441051e+03 1.2540073996638569e+02 -6.4658692974344985e+03
1.3685392153068714e+07 -1.9334367089777984e+03 2.8325297066207207e+02 -6.5947214488418495e+03
1.3685393153068714e+07 -1.5162209925115988e+03 4.3985654543881867e+02 -6.6945022794795877e+03
1.3685394153068714e+07 -1.0923213626621600e+03 5.9452111325906310e+02 -6.7647719282974604e+03
1.3685395153068714e+07 -6.6360648395854616e+02 7.4656487075021835e+02 -6.8052206275360631e+03
1.3685396153068714e+07 -2.3196624786543924e+02 8.9531756777789178e+02 -6.8156700682681758e+03
1.3685397153068714e+07 2.0069655837345263e+02 1.0401234620913647e+03 -6.7960741864347774e+03
1.3685398153068714e+07 6.3247463973622052e+02 1.1803442100129857e+03 -6.7465193659092010e+03
1.3685399153068714e+07 1.0614646012967246e+03 1.3153616804305641e+03 -6.6672240576953882e+03
1.3685400153068714e+07 1.4857753389052259e+03 1.4445806796870638e+03 -6.5585378169383812e+03
1.3685401153068714e+07 1.9035363756917986e+03 1.5674315753569467e+03 -6.4209397619912061e+03
1.3685402153068714e+07 2.3129061076334692e+03 1.6833728073399236e+03 -6.2550364623331843e+03
1.3685403153068714e+07 2.7120799218443181e+03 1.7918932752050903e+03 -6.0615592646492451e+03
1.3685404153068714e+07 3.0992981518075467e+03 1.8925145912629009e+03 -5.8413610688524359e+03
1.3685405153068714e+07 3.4728538344490712e+03 1.9847931894244457e+03 -5.5954125682785761e+03
1.3685406153068714e+07 3.8311002349109776e+03 2.0683222805658329e+03 -5.3247979705988391e+03
1.3685407153068714e+07 4.1724581057981704e+03 2.1427336457632164e+03 -5.0307102183432389e+03
1.3685408153068714e+07 4.4954226489307030e+03 2.2076992595023567e+03 -4.7144457300875738e+03
1.3685409153068714e+07 4.7985701489052371e+03 2.2629327357049933e+03 -4.3773986854882824e+03
1.3685410153068714e+07 5.0805642492213292e+03 2.3081905901970777e+03 -4.0210548793590897e+03
1.3685411153068714e+07 5.3401618433043986e+03 2.3432733140533978e+03 -3.6469851718844420e+03
1.3685412153068714e+07 5.5762185544584108e+03 2.3680262530874647e+03 -3.2568385638405780e+03
1.3685413153068714e+07 5.7876937805887865e+03 2.3823402896093016e+03 -2.8523349273540807e+03
1.3685414153068714e+07 5.9736552814589386e+03 2.3861523234463593e+03 -2.4352574242422425e+03
1.3685415153068714e+07 6.1332832882653602e+03 2.3794455501066177e+03 -2.0074446453377259e+03
1.3685416153068714e+07 6.2658741173948702e+03 2.3622495348573811e+03 -1.5707825054960470e+03
1.3685417153068714e+07 6.3708432724581171e+03 2.3346400823938302e+03 -1.1271959299606549e+03
1.3685418153068714e+07 6.4477280209080245e+03 2.2967389026713636e+03 -6.7864036877080218e+02
1.3685419153068714e+07 6.4961894338908551e+03 2.2487130743750549e+03 -2.2709317660582067e+02
1.3685420153068714e+07 6.5160138803368582e+03 2.1907743083916671e+03 2.2545510393013285e+02
1.3685421153068714e+07 6.5071139687045088e+03 2.1231780145301809e+03 6.7700951716431825e+02
1.3685422153068714e+07 6.4695289322262424e+03 2.0462221756062625e+03 1.1255794886600986e+03
1.3685423153068714e+07 6.4034244559573244e+03 1.9602460338523008e+03 1.5691876002142392e+03
1.3685424153068714e+07 6.3090919463913469e+03 1.8656285954461737e+03 2.0058783068492905e+03
1.3685425153068714e+07 6.1869472468602771e+03 1.7627869597479730e+03 2.4337265573923582e+03
1.3685426153068714e+07 6.0375288043831597e+03 1.6521744806123916e+03 2.8508462806236985e+03
1.3685427153068714e+07 5.8614952960474857e+03 1.5342787678834150e+03 3.2553986995845553e+03
1.3685428153068714e+07 5.6596227253749139e+03 1.4096195378732039e+03 3.6456004374206582e+03
1.3685429153068714e+07 5.4328010014944548e+03 1.2787463223166123e+03 4.0197313789733544e+03
1.3685430153068714e+07 5.1820300161719715e+03 1.1422360458803871e+03 4.3761422535316860e+03
1.3685431153068714e+07 4.9084152360194239e+03 1.0006904829252198e+03 4.7132619052557666e+03
1.3685432153068714e+07 4.6131628292978476e+03 8.5473360472090712e+02 5.0296042192586956e+03
1.3685433153068714e+07 4.2975743487934324e+03 7.0500882880845984e+02 5.3237746728101911e+03
1.3685434153068714e+07 3.9630409942235865e+03 5.5217618264320504e+02 5.5944764827650733e+03
1.3685435153068714e+07 3.6110374794481841e+03 3.9690939401343695e+02 5.8405163221369266e+03
1.3685436153068714e+07 3.2431155315274318e+03 2.3989292106428348e+02 6.0608095806080191e+03
1.3685437153068714e+07 2.8608970502892798e+03 8.1818935021322190e+01 6.2543851457831997e+03
1.3685438153068714e+07 2.4660669585521632e+03 -7.6615731088957219e+01 6.4203896841170472e+03
1.3685439153068714e+07 2.0603657745268924e+03 -2.3471265426841131e+02 6.5580914026383571e+03
1.3685440153068714e+07 1.6455819391401596e+03 -3.9177490038510962e+02 6.6668832748907071e+03
1.3685441153068714e+07 1.2235439321010817e+03 -5.4711009644811872e+02 6.7462857168685878e+03
1.3685442153068714e+07 7.9611221146247738e+02 -7.0003348277675934e+02 6.7959487011529318e+03
1.3685443153068714e+07 3.6517101222220754e+02 -8.4987093160493157e+02 6.8156532999244473e+03
1.3685444153068714e+07 -6.7379959901445304e+01 -9.9596191882098435e+02 6.8053126500560711e+03
1.3685445153068714e+07 -4.9963390288564460e+02 -1.1376624357361113e+03 6.7649723360271455e+03
1.3685446153068714e+07 -9.2968532410359933e+02 -1.2743478280491647e+03 6.6948101889732952e+03
1.3685447153068714e+07 -1.3556384402528097e+03 -1.4054155494920092e+03 6.5951355027571408e+03
1.3685448153068714e+07 -1.7756155344829554e+03 -1.5302878180169362e+03 6.4663876705151515e+03
1.3685449153068714e+07 -2.1877652338785756e+03 -1.6484141628156583e+03 6.3091342476926038e+03
1.3685450153068714e+07 -2.5902706708153869e+03 -1.7592738509443882e+03 6.1240684501027636e+03
1.3685451153068714e+07 -2.9813574921978907e+03 -1.8623781828535555e+03 5.9120060980454919e+03
1.3685452153068714e+07 -3.3593016813008499e+03 -1.9572726467108823e+03 5.6738820199423926e+03
1.3685453153068714e+07 -3.7224371576843660e+03 -2.0435389220078480e+03 5.4107459313683312e+03
1.3685454153068714e+07 -4.0691631217422960e+03 -2.1207967236333170e+03 5.1237578076107557e+03
1.3685455153068714e+07 -4.3979511114529487e+03 -2.1887054782711148e+03 4.8141827701871080e+03
1.3685456153068714e+07 -4.7073517402526722e+03 -2.2469658257390656e+03 4.4833855098461609e+03
1.3685457153068714e+07 -4.9960010863241987e+03 -2.2953209386495437e+03 4.1328242706405490e+03
1.3685458153068714e+07 -5.2626267051319555e+03 -2.3335576545737208e+03 3.7640444215925008e+03
1.3685459153068714e+07 -5.5060532387026742e+03 -2.3615074157191680e+03 3.3786716442866682e+03
1.3685460153068714e+07 -5.7252075969216330e+03 -2.3790470119778915e+03 2.9784047664229611e+03
1.3685461153068714e+07 -5.9191236880008300e+03 -2.3860991240691446e+03 2.5650082729277369e+03
1.3685462153068714e+07 -6.0869466772720807e+03 -2.3826326643837651e+03 2.1403045276291564e+03
1.3685463153068714e+07 -6.2279367555325080e+03 -2.3686629140265550e+03 1.7061657397757638e+03
1.3685464153068714e+07 -6.3414724003204083e+03 -2.3442514554527493e+03 1.2645057108373401e+03
1.3685465153068714e+07 -6.4270531157544892e+03 -2.3095059009957854e+03 8.1727139794934135e+02
1.3685466153068714e+07 -6.4843016388549040e+03 -2.2645794184830334e+03 3.6643433119969256e+02
1.3685467153068714e+07 -6.5129656026206849e+03 -2.2096700560302197e+03 -8.6018077412085887e+01
1.3685468153068714e+07 -6.5129186485310247e+03 -2.1450198689918857e+03 -5.3809129502194901e+02
1.3685469153068714e+07 -6.4841609835680783e+03 -2.0709138529160177e+03 -9.8779246034160053e+02
1.3685470153068714e+07 -6.4268193793046430e+03 -1.9876786872064306e+03 -1.4331391687314090e+03
1.3685471153068714e+07 -6.3411466130608642e+03 -1.8956812950317144e+03 -1.8721682111756545e+03
1.3685472153068714e+07 -6.2275203535935871e+03 -1.7953272258286472e+03 -2.3029442286393319e+03
1.3685473153068714e+07 -6.0864414962316205e+03 -1.6870588675314179e+03 -2.7235682436515272e+03
1.3685474153068714e+07 -5.9185319547911677e+03 -1.5713534964038656e+03 -3.1321860315204481e+03
1.3685475153068714e+07 -5.7245319200174790e+03 -1.4487211730806748e+03 -3.5269962942432262e+03
1.3685476153068714e+07 -5.5052965966166175e+03 -1.3197024940770507e+03 -3.9062586011330945e+03
1.3685477153068714e+07 -5.2617924332918819e+03 -1.1848662086991196e+03 -4.2683010610902484e+03
1.3685478153068714e+07 -4.9950928623674463e+03 -1.0448067118375020e+03 -4.6115276927679388e+03
1.3685479153068714e+07 -4.7063735678158919e+03 -9.0014142371800654e+02 -4.9344254600789482e+03
1.3685480153068714e+07 -4.3969073025226544e+03 -7.5150806814450334e+02 -5.2355709420741123e+03
1.3685481153068714e+07 -4.0680582776495335e+03 -5.9956186124093051e+02 -5.5136366077656085e+03
1.3685482153068714e+07 -3.7212761488195174e+03 -4.4497262307958067e+02 -5.7673966682472701e+03
1.3685483153068714e+07 -3.3580896256474321e+03 -2.8842182493503157e+02 -5.9957324803010579e+03
1.3685484153068714e+07 -2.9800997327732875e+03 -1.3059958517359459e+02 -6.1976374776820530e+03
1.3685485153068714e+07 -2.5889727521109930e+03 2.7798372976005524e+01 -6.3722216083371250e+03
1.3685486153068714e+07 -2.1864328774284681e+03 1.8607378835837486e+02 -6.5187152579956710e+03
1.3685487153068714e+07 -1.7742546136349858e+03 3.4352894001582195e+02 -6.6364726428394097e+03
1.3685488153068714e+07 -1.3542549542829317e+03 4.9946972293155608e+02 -6.7249746562941045e+03
1.3685489153068714e+07 -9.2828537176758937e+02 6.5320870783300336e+02 -6.7838311573935543e+03
1.3685490153068714e+07 -4.9822365553582210e+02 8.0406817156628131e+02 -6.8127826906281261e+03
1.3685491153068714e+07 -6.5965634281361460e+01 9.5138308468373828e+02 -6.8117016296965776e+03
1.3685492153068714e+07 3.6658318138339638e+02 1.0945040430747345e+03 -6.7805927401189392e+03
1.3685493153068714e+07 7.9751599893294178e+02 1.2328001307146237e+03 -6.7195931582303929e+03
1.3685494153068714e+07 1.2249331495897247e+03 1.3656617009147608e+03 -6.6289717866486208e+03
1.3685495153068714e+07 1.6469504625766824e+03 1.4925030638098347e+03 -6.5091281088801679e+03
1.3685496153068714e+07 2.0617075710577788e+03 1.6127650682393312e+03 -6.3605904282893271e+03
1.3685497153068714e+07 2.4673761131359056e+03 1.7259175666366302e+03 -6.1840135391962776e+03
1.3685498153068714e+07 2.8621677917752959e+03 1.8314617520655438e+03 -5.9801758403647063e+03
1.3685499153068714e+07 3.2443422580916740e+03 1.9289323570945746e+03 -5.7499759036145115e+03
1.3685500153068714e+07 3.6122147832953860e+03 2.0178997048256297e+03 -5.4944285126677069e+03
1.3685501153068714e+07 3.9641636854203834e+03 2.0979716030234208e+03 -5.2146601897159653e+03
1.3685502153068714e+07 4.2986374781509630e+03 2.1687950730086195e+03 -4.9119042293985785e+03
1.3685503153068714e+07 4.6141617101919956e+03 2.2300579056831630e+03 -4.5874952621073953e+03
1.3685504153068714e+07 4.9093454650507265e+03 2.2814900378329812e+03 -4.2428633705751236e+03
1.3685505153068714e+07 5.1828874925762057e+03 2.3228647426405682e+03 -3.8795277856820221e+03
1.3685506153068714e+07 5.4335819452237411e+03 2.3539996291586790e+03 -3.4990901892748525e+03
1.3685507153068714e+07 5.6603236937590973e+03 2.3747574463396222e+03 -3.1032276535197652e+03
1.3685508153068714e+07 5.8621131989735368e+03 2.3850466880758459e+03 -2.6936852479050867e+03
1.3685509153068714e+07 6.0380609179197809e+03 2.3848219965834132e+03 -2.2722683465093105e+03
1.3685510153068714e+07 6.1873912252624496e+03 2.3740843623520109e+03 -1.8408346694174538e+03
1.3685511153068714e+07 6.3094458324450952e+03 2.3528811197788036e+03 -1.4012860933880183e+03
1.3685512153068714e+07 6.4036866896068232e+03 2.3213057385056040e+03 -9.5556026785957738e+02
1.3685513153068714e+07 6.4696983574518626e+03 2.2794974113794274e+03 -5.0562207326745528e+02
1.3685514153068714e+07 6.5071898386194034e+03 2.2276404408526760e+03 -5.3454959316119513e+01
1.3685515153068714e+07 6.5159958604793801e+03 2.1659634265277346e+03 3.9894779860767522e+02
1.3685516153068714e+07 6.4960776036991338e+03 2.0947382574279395e+03 8.4959188633352960e+02
1.3685517153068714e+07 6.4475228733698696e+03 2.0142789134367663e+03 1.2964907423876377e+03
1.3685518153068714e+07 6.3705457119373532e+03 1.9249400811886314e+03 1.7376743152980644e+03
1.3685519153068714e+07 6.2654854556447935e+03 1.8271155905143130e+03 2.1711977481138733e+03
1.3685520153068714e+07 6.1328052386453046e+03 1.7212366783309917e+03 2.5951499518676201e+03
1.3685521153068714e+07 5.9730899513817531e+03 1.6077700876338199e+03 3.0076620301697285e+03
1.3685522153068714e+07 5.7870436622273392e+03 1.4872160099636374e+03 3.4069155178198066e+03
1.3685523153068714e+07 5.5754865137640318e+03 1.3601058804291138e+03 3.7911503970862855e+03
1.3685524153068714e+07 5.3393511073643676e+03 1.2270000349923857e+03 4.1586728563544384e+03
1.3685525153068714e+07 5.0796783920393273e+03 1.0884852403608477e+03 4.5078627568929187e+03
1.3685526153068714e+07 4.7976130756403491e+03 9.4517210735361914e+02 4.8371807748822057e+03
1.3685527153068714e+07 4.4943985786855892e+03 7.9769239916854735e+02 5.1451751871571623e+03
1.3685528153068714e+07 4.1713715530143318e+03 6.4669624639340316e+02 5.4304882708078403e+03
1.3685529153068714e+07 3.8299559894696167e+03 4.9284928105736014e+02 5.6918622883817034e+03
1.3685530153068714e+07 3.4716569405534060e+03 3.3682970234135001e+02 5.9281450323366489e+03
1.3685531153068714e+07 3.0980538857462730e+03 1.7932528689216019e+02 6.1382949042825203e+03
1.3685532153068714e+07 2.7107937687347739e+03 2.1030356917201892e+01 6.3213855066270908e+03
1.3685533153068714e+07 2.3115837372320143e+03 -1.3735728057796760e+02 6.4766097263891133e+03
1.3685534153068714e+07 1.9021836174091334e+03 -2.9513940991126958e+02 6.6032832931687290e+03
1.3685535153068714e+07 1.4843981561009284e+03 -4.5162048464931337e+02 6.7008477955968228e+03
1.3685536153068714e+07 1.0600690649945434e+03 -6.0611069376365117e+02 6.7688731429616364e+03
1.3685537153068714e+07 6.3106690185865966e+02 -7.5792900250693799e+02 6.8070594611648794e+03
1.3685538153068714e+07 1.9928282462332106e+02 -9.0640615459646449e+02 6.8152384146455515e+03
1.3685539153068714e+07 -2.3337974536304935e+02 -1.0508876224792473e+03 6.7933739484477992e+03
1.3685540153068714e+07 -6.6501351412767463e+02 -1.1907364926655339e+03 6.7415624471590727e+03
1.3685541153068714e+07 -1.0937157229445011e+03 -1.3253362734166744e+03 6.6600323100193327e+03
1.3685542153068714e+07 -1.5175965362096956e+03 -1.4540936124073435e+03 6.5491429440737447e+03
1.3685543153068714e+07 -1.9347873723499645e+03 -1.5764409123834100e+03 6.4093831798071960e+03
1.3685544153068714e+07 -2.3434491410360056e+03 -1.6918388332840650e+03 6.2413691162455434e+03
1.3685545153068714e+07 -2.7417803503893383e+03 -1.7997786697982690e+03 6.0458414050233860e+03
1.3685546153068714e+07 -3.1280250484482017e+03 -1.8997845938758267e+03 5.8236619853888042e+03
1.3685547153068714e+07 -3.5004805638780422e+03 -1.9914157523057308e+03 5.5758102845408848e+03
1.3685548153068714e+07 -3.8575050118103477e+03 -2.0742682101168189e+03 5.3033789000456527e+03
1.3685549153068714e+07 -4.1975245317079534e+03 -2.1479767312304421e+03 5.0075687833743114e+03
1.3685550153068714e+07 -4.5190402253737948e+03 -2.2122163885211326e+03 4.6896839457791348e+03
1.3685551153068714e+07 -4.8206347644988391e+03 -2.2667039961827754e+03 4.3511257098576007e+03
1.3685552153068714e+07 -5.1009786386270671e+03 -2.3111993580876747e+03 3.9933865321430903e+03
1.3685553153068714e+07 -5.3588360159968388e+03 -2.3455063266357679e+03 3.6180434239516276e+03
1.3685554153068714e+07 -5.5930701914209685e+03 -2.3694736674259648e+03 3.2267509994885368e+03
1.3685555153068714e+07 -5.8026485971875991e+03 -2.3829957259379162e+03 2.8212341818660980e+03
1.3685556153068714e+07 -5.9866473549044276e+03 -2.3860128932859884e+03 2.4032805991624105e+03
1.3685557153068714e+07 -6.1442553481960658e+03 -2.3785118689905462e+03 1.9747327040878536e+03
1.3685558153068714e+07 -6.2747777983299093e+03 -2.3605257196100665e+03 1.5374796519421438e+03
1.3685559153068714e+07 -6.3776393269843884e+03 -2.3321337329746866e+03 1.0934489727162697e+03
1.3685560153068714e+07 -6.4523864926740462e+03 -2.2934610686636988e+03 6.4459807401248418e+02
1.3685561153068714e+07 -6.4986897896409728e+03 -2.2446782062684460e+03 1.9290561226643612e+02
1.3685562153068714e+07 -6.5163451004057943e+03 -2.1860001938716978e+03 -2.5963722971005814e+02
1.3685563153068714e+07 -6.5052745955720538e+03 -2.1176857000578270e+03 -7.1103552039775570e+02
1.3685564153068714e+07 -6.4655270769195904e+03 -2.0400358736315836e+03 -1.1592993737695499e+03
1.3685565153068714e+07 -6.3972777622732392e+03 -1.9533930160729503e+03 -1.6024527212449441e+03
1.3685566153068714e+07 -6.3008275130952661e+03 -1.8581390725793547e+03 -2.0385420227368049e+03
1.3685567153068714e+07 -6.1766015082073991e+03 -1.7546939483485144e+03 -2.4656448783821111e+03
1.3685568153068714e+07 -6.0251473694870847e+03 -1.6435136575220790e+03 -2.8818785030040344e+03
1.3685569153068714e+07 -5.8471327478032981e+03 -1.5250883129527108e+03 -3.2854080259357174e+03
1.3685570153068714e+07 -5.6433423798317035e+03 -1.3999399656543151e+03 -3.6744545796265966e+03
1.3685571153068714e+07 -5.4146746287236629e+03 -1.2686203034599214e+03 -4.0473031413732592e+03
1.3685572153068714e+07 -5.1621375238758210e+03 -1.1317082190309325e+03 -4.4023100936080173e+03
1.3685573153068714e+07 -4.8868443172727993e+03 -9.8980725794631633e+02 -4.7379104693986746e+03
1.3685574153068714e+07 -4.5900085759597278e+03 -8.4354295810400697e+02 -5.0526248512633993e+03
1.3685575153068714e+07 -4.2729388323243347e+03 -6.9356009218758891e+02 -5.3450658928277453e+03
1.3685576153068714e+07 -3.9370328157206714e+03 -5.4051982532788884e+02 -5.6139444346371847e+03
1.3685577153068714e+07 -3.5837712909086013e+03 -3.8509680051217634e+02 -5.8580751871135899e+03
1.3685578153068714e+07 -3.2147115304393487e+03 -2.2797616457376409e+02 -6.0763819556368617e+03
1.3685579153068714e+07 -2.8314804497780215e+03 -6.9850547879708060e+01 -6.2679023847027993e+03
1.3685580153068714e+07 -2.4357674354183850e+03 8.8582988972157779e+01 -6.4317922002488995e+03
1.3685581153068714e+07 -2.0293168976126694e+03 2.4662602798410339e+02 -6.5673289314431368e+03
1.3685582153068714e+07 -1.6139205805369068e+03 4.0358187257518699e+02 -6.6739150955336581e+03
1.3685583153068714e+07 -1.1914096637990147e+03 5.5875861880803711e+02 -6.7510808317155297e+03
1.3685584153068714e+07 -7.6364669010259649e+02 7.1147220548924645e+02 -6.7984859724062499e+03
1.3685585153068714e+07 -3.3251735465303750e+02 8.6104942969704416e+02 -6.8159215427983008e+03
1.3685586153068714e+07 1.0007780749669269e+02 1.0068309144419667e+03 -6.8033106820780977e+03
1.3685587153068714e+07 5.3223179952088219e+02 1.1481740153799901e+03 -6.7607089822509033e+03
1.3685588153068714e+07 9.6203956937928967e+02 1.2844556537630042e+03 -6.6883042430779788e+03
1.3685589153068714e+07 1.3876064078058871e+03 1.4150750631400028e+03 -6.5864156442054682e+03
1.3685590153068714e+07 1.8070563006978105e+03 1.5394564376977091e+03 -6.4554923381362032e+03
1.3685591153068714e+07 2.2185401990985811e+03 1.6570514705703195e+03 -6.2961114702443683e+03
1.3685592153068714e+07 2.6202441703072741e+03 1.7673417709250250e+03 -6.1089756345634714e+03
1.3685593153068714e+07 3.0103973941880108e+03 1.8698411491702054e+03 -5.8949097765617389e+03
1.3685594153068714e+07 3.3872799694209752e+03 1.9640977602100875e+03 -5.6548575565628462e+03
1.3685595153068714e+07 3.7492304953026023e+03 2.0496960953030380e+03 -5.3898771898324057e+03
1.3685596153068714e+07 4.0946533956498374e+03 2.1262588137366934e+03 -5.1011367816789389e+03
1.3685597153068714e+07 4.4220259525311849e+03 2.1934484062480437e+03 -4.7899091781316683e+03
1.3685598153068714e+07 4.7299050188229003e+03 2.2509686828567110e+03 -4.4575663548902257e+03
1.3685599153068714e+07 5.0169333799964170e+03 2.2985660785516452e+03 -4.1055733692818249e+03
1.3685600153068714e+07 5.2818457370890319e+03 2.3360307710747975e+03 -3.7354819018913108e+03
1.3685601153068714e+07 5.5234742844866951e+03 2.3631976058749947e+03 -3.3489234163311808e+03
1.3685602153068714e+07 5.7407538579287475e+03 2.3799468241542454e+03 -2.9476019673072078e+03
1.3685603153068714e+07 5.9327266300391493e+03 2.3862045907973179e+03 -2.5332866886894690e+03
1.3685604153068714e+07 6.0985463326985573e+03 2.3819433198576917e+03 -2.1078039946735248e+03
1.3685605153068714e+07 6.2374819876164574e+03 2.3671817961637839e+03 -1.6730295284679439e+03
1.3685606153068714e+07 6.3489211286886266e+03 2.3419850925105816e+03 -1.2308798939355377e+03
1.3685607153068714e+07 6.4323725019118910e+03 2.3064642828012688e+03 -7.8330420668946965e+02
1.3685608153068714e+07 6.4874682309666559e+03 2.2607759524032699e+03 -3.3227550185861924e+02
1.3685609153068714e+07 6.5139654389157213e+03 2.2051215078775158e+03 1.2021796358670393e+02
1.3685610153068714e+07 6.5117473188720915e+03 2.1397462891234641e+03 5.7218147561332012e+02
1.3685611153068714e+07 6.4808236489155606e+03 2.0649384878541678e+03 1.0216226563667717e+03
1.3685612153068714e+07 6.4213307489883782e+03 1.9810278771689377e+03 1.4665602471142402e+03
1.3685613153068714e+07 6.3335308799592976e+03 1.8883843578232475e+03 1.9050328421746119e+03
1.3685614153068714e+07 6.2178110875062503e+03 1.7874163276059119e+03 2.3351075353257656e+03
1.3685615153068714e+07 6.0746814959133853e+03 1.6785688810103545e+03 2.7548884405815302e+03
1.3685616153068714e+07 5.9047730593048364e+03 1.5623218471374103e+03 3.1625250497708807e+03
1.3685617153068714e+07 5.7088347802236167e+03 1.4391876744758229e+03 3.5562203900886352e+03
1.3685618153068714e+07 5.4877304078289535e+03 1.3097091718930949e+03 3.9342389456283645e+03
1.3685619153068714e+07 5.2424346302509402e+03 1.1744571157837609e+03 4.2949143080168660e+03
1.3685620153068714e+07 4.9740287778979982e+03 1.0340277339311367e+03 4.6366565223950056e+03
1.3685621153068714e+07 4.6836960566655562e+03 8.8904007717703337e+02 4.9579590963608116e+03
1.3685622153068714e+07 4.3727163320297723e+03 7.4013329047087484e+02 5.2574056410117328e+03
1.3685623153068714e+07 4.0424604870638473e+03 5.8796379535094104e+02 5.5336761147573843e+03
1.3685624153068714e+07 3.6943843792046655e+03 4.3320239625598782e+02 5.7855526424289028e+03
1.3685625153068714e+07 3.3300224224391191e+03 2.7653132343801298e+02 6.0119248840001619e+03
1.3685626153068714e+07 2.9509808231884372e+03 1.1864122550535269e+02 6.2117949292678550e+03
1.3685627153068714e+07 2.5589304997155477e+03 -3.9771875143103102e+01 6.3842816969082742e+03
1.3685628153068714e+07 2.1555997162607496e+03 -1.9800965057462960e+02 6.5286248185230161e+03
1.3685629153068714e+07 1.7427664643841331e+03 -3.5537454574139889e+02 6.6441879905475762e+03
1.3685630153068714e+07 1.3222506250941865e+03 -5.1117285349301056e+02 6.7304617792491963e+03
1.3685631153068714e+07 8.9590594632099362e+02 -6.6471777262469300e+02 6.7870658664469011e+03
1.3685632153068714e+07 4.6561187108646601e+02 -8.1533243548529947e+02 6.8137507260566526e+03
1.3685633153068714e+07 3.3265252414630261e+01 -9.6235289179149152e+02 6.8103987240676252e+03
1.3685634153068714e+07 -3.9922800851453542e+02 -1.1051310355017119e+03 6.7770246371036428e+03
1.3685635153068714e+07 -8.2996136409332269e+02 -1.2430374618427813e+03 6.7137755872821199e+03
1.3685636153068714e+07 -1.2570360248648135e+03 -1.3754642418965152e+03 6.6209303936586020e+03
1.3685637153068714e+07 -1.6785693299033378e+03 -1.5018276025155265e+03 6.4988983431147863e+03
1.3685638153068714e+07 -2.0927030460926267e+03 -1.6215704997527703e+03 6.3482173861095816e+03
1.3685639153068714e+07 -2.4976115597206081e+03 -1.7341650744619103e+03 6.1695517652463550e+03
1.3685640153068714e+07 -2.8915099242769743e+03 -1.8391149792426329e+03 5.9636890871113565e+03
1.3685641153068714e+07 -3.2726617289892824e+03 -1.9359575664764347e+03 5.7315368502845022e+03
1.3685642153068714e+07 -3.6393867533780190e+03 -2.0242659277987186e+03 5.4741184448456843e+03
1.3685643153068714e+07 -3.9900683741329303e+03 -2.1036507760287977e+03 5.1925686409879072e+03
1.3685644153068714e+07 -4.3231606916245155e+03 -2.1737621612523858e+03 4.8881285866415928e+03
1.3685645153068714e+07 -4.6371953446443413e+03 -2.2342910134944777e+03 4.5621403361599359e+03
1.3685646153068714e+07 -4.9307879833397119e+03 -2.2849705051834972e+03 4.2160409341778986e+03
1.3685647153068714e+07 -5.2026443718006458e+03 -2.3255772273989305e+03 3.8513560807313302e+03
1.3685648153068714e+07 -5.4515660934026018e+03 -2.3559321747182512e+03 3.4696934055565130e+03
1.3685649153068714e+07 -5.6764558337519156e+03 -2.3759015343210526e+03 3.0727353812202068e+03
1.3685650153068714e+07 -5.8763222179428376e+03 -2.3853972758715536e+03 2.6622319063251675e+03
1.3685651153068714e+07 -6.0502841808015910e+03 -2.3843775395798448e+03 2.2399925914929231e+03
1.3685652153068714e+07 -6.1975748508674460e+03 -2.3728468207311907e+03 1.8078787820930827e+03
1.3685653153068714e+07 -6.3175449309621099e+03 -2.3508559498692866e+03 1.3677953529450001e+03
1.3685654153068714e+07 -6.4096655604704729e+03 -2.3185018687213296e+03 9.2168231110582747e+02
1.3685655153068714e+07 -6.4735306467002220e+03 -2.2759272028524010e+03 4.7150624379525277e+02
1.3685656153068714e+07 -6.5088586550475156e+03 -2.2233196329335883e+03 1.9251649150261812e+01
1.3685657153068714e+07 -6.5154938500780336e+03 -2.1609110673944438e+03 -4.3308781198296384e+02
1.3685658153068714e+07 -6.4934069820505747e+03 -2.0889766201081243e+03 -8.8351810464296182e+02
1.3685659153068714e+07 -6.4426954158579774e+03 -2.0078333976148347e+03 -1.3300536100001411e+03
1.3685660153068714e+07 -6.3635827018166447e+03 -1.9178391012308780e+03 -1.7707258784992466e+03
1.3685661153068714e+07 -6.2564175901964063e+03 -1.8193904502042017e+03 -2.2035923073198046e+03
1.3685662153068714e+07 -6.1216724938352954e+03 -1.7129214328688311e+03 -2.6267447038942191e+03
1.3685663153068714e+07 -5.9599414056153773e+03 -1.5989013935063335e+03 -3.0383176977393259e+03
1.3685664153068714e+07 -5.7719372799857174e+03 -1.4778329633520254e+03 -3.4364969635049565e+03
1.3685665153068714e+07 -5.5584888900602336e+03 -1.3502498448561296e+03 -3.8195272190270766e+03
1.3685666153068714e+07 -5.3205371741696154e+03 -1.2167144589840077e+03 -4.1857199630704708e+03
1.3685667153068714e+07 -5.0591310879464763e+03 -1.0778154659094039e+03 -4.5334609187100286e+03
1.3685668153068714e+07 -4.7754229802448408e+03 -9.3416517004105970e+02 -4.8612171495000066e+03
1.3685669153068714e+07 -4.4706635132822776e+03 -7.8639682082282548e+02 -5.1675438170656771e+03
1.3685670153068714e+07 -4.1461961493736862e+03 -6.3516182119412383e+02 -5.4510905503534041e+03
1.3685671153068714e+07 -3.8034512285931160e+03 -4.8112685603290083e+02 -5.7106073984253280e+03
1.3685672153068714e+07 -3.4439396634462037e+03 -3.2497095322727870e+02 -5.9449503405848327e+03
1.3685673153068714e+07 -3.0692462783590513e+03 -1.6738249033668080e+02 -6.1530863295308718e+03
1.3685674153068714e+07 -2.6810228233440712e+03 -9.0561600373799536e+00 -6.3340978453111165e+03
1.3685675153068714e+07 -2.2809806926388587e+03 1.4931009227106824e+02 -6.4871869399997822e+03
1.3685676153068714e+07 -1.8708833804174180e+03 3.0701814519818760e+02 -6.6116787552695569e+03
1.3685677153068714e+07 -1.4525387068309908e+03 4.6337277887070547e+02 -6.7070244973514164e+03
1.3685678153068714e+07 -1.0277908486460335e+03 6.1768473965070825e+02 -6.7728038562680349e+03
1.3685679153068714e+07 -5.9851220961516594e+02 7.6927377855197972e+02 -6.8087268586752280e+03
1.3685680153068714e+07 -1.6659516641169813e+02 9.1747164996294327e+02 -6.8146351461449540e+03
1.3685681153068714e+07 2.6605627347722759e+02 1.0616250574537976e+03 -6.7905026732535043e+03
1.3685682153068714e+07 6.9753486513437088e+02 1.2010985336853894e+03 -6.7364358223983936e+03
1.3685683153068714e+07 1.1259385338625802e+03 1.3352772417209628e+03 -6.6526729348378940e+03
1.3685684153068714e+07 1.5493787600508379e+03 1.4635696853959071e+03 -6.5395832600188423e+03
1.3685685153068714e+07 1.9659889042756677e+03 1.5854103167918672e+03 -6.3976653278276035e+03
1.3685686153068714e+07 2.3739324359599455e+03 1.7002620293274094e+03 -6.2275447509352280e+03
1.3685687153068714e+07 2.7714110292976125e+03 1.8076185254695984e+03 -6.0299714669282057e+03
1.3685688153068714e+07 3.1566724907563021e+03 1.9070065486296987e+03 -5.8058164323847577e+03
1.3685689153068714e+07 3.5280184832358691e+03 1.9979879694105709e+03 -5.5560677834560784e+03
1.3685690153068714e+07 3.8838120127882044e+03 2.0801617169972237e+03 -5.2818264799011931e+03
1.3685691153068714e+07 4.2224846449351880e+03 2.1531655471873132e+03 -4.9843014517576594e+03
1.3685692153068714e+07 4.5425434187589608e+03 2.2166776392633078e+03 -4.6648042700467422e+03
1.3685693153068714e+07 4.8425774282769135e+03 2.2704180146652579e+03 -4.3247433650149414e+03
1.3685694153068714e+07 5.1212640420995613e+03 2.3141497712127853e+03 -3.9656178173914732e+03
1.3685695153068714e+07 5.3773747339505080e+03 2.3476801274347113e+03 -3.5890107500328618e+03
1.3685696153068714e+07 5.6097804983430124e+03 2.3708612724023201e+03 -3.1965823490908429e+03
1.3685697153068714e+07 5.8174568275465808e+03 2.3835910173208699e+03 -2.7900625454574702e+03
1.3685698153068714e+07 5.9994882278977948e+03 2.3858132460056822e+03 -2.3712433887548104e+03
1.3685699153068714e+07 6.1550722555394395e+03 2.3775181622576010e+03 -1.9419711475073780e+03
1.3685700153068714e+07 6.2835230538189135e+03 2.3587423330476931e+03 -1.5041381702728049e+03
1.3685701153068714e+07 6.3842743767272723e+03 2.3295685273201807e+03 -1.0596745436639899e+03
1.3685702153068714e+07 6.4568820850669272e+03 2.2901253511246841e+03 -6.1053958400110048e+02
1.3685703153068714e+07 6.5010261043388236e+03 2.2405866806857371e+03 -1.5871320011016786e+02
1.3685704153068714e+07 6.5165118357176943e+03 2.1811708959091434e+03 2.9381283465274305e+02
1.3685705153068714e+07 6.5032710138967004e+03 2.1121399177041008e+03 7.4504366267941725e+02
1.3685706153068714e+07 6.4613620080195624e+03 2.0337980533643306e+03 1.1929901359864862e+03
1.3685707153068714e+07 6.3909695643735686e+03 1.9464906550991955e+03 1.6356775849178462e+03
1.3685708153068714e+07 6.2924039919769284e+03 1.8506025976263409e+03 2.0711545230299989e+03
1.3685709153068714e+07 6.1660997946523457e+03 1.7465565815398343e+03 2.4975012497713365e+03
1.3685710153068714e+07 6.0126137556163203e+03 1.6348112699312007e+03 2.9128383130435463e+03
1.3685711153068714e+07 5.8326224830233350e+03 1.5158592664751729e+03 3.3153347943463291e+03
1.3685712153068714e+07 5.6269194272991163e+03 1.3902249439031234e+03 3.7032163799476652e+03
1.3685713153068714e+07 5.3964113833863330e+03 1.2584621324197360e+03 4.0747731825597361e+03
1.3685714153068714e+07 5.1421144933524774e+03 1.1211516782733229e+03 4.4283672789715501e+03
1.3685715153068714e+07 4.8651497669556684e+03 9.7889888322546483e+02 4.7624399304661556e+03
1.3685716153068714e+07 4.5667381399250735e+03 8.3233083621474077e+02 5.0755184541664166e+03
1.3685717153068714e+07 4.2481950917503182e+03 6.8209364898144702e+02 5.3662227150132321e+03
1.3685718153068714e+07 3.9109248466840386e+03 5.2884960782849021e+02 5.6332712097814929e+03
1.3685719153068714e+07 3.5564141835397422e+03 3.7327425408371607e+02 5.8754867162921910e+03
1.3685720153068714e+07 3.1862258815689233e+03 2.1605340613132734e+02 6.0918014829246449e+03
1.3685721153068714e+07 2.8019918313005815e+03 5.7880136136186366e+01 6.2812619355574370e+03
1.3685722153068714e+07 2.4054058407277735e+03 -1.0054828520490686e+02 6.4430328811785121e+03
1.3685723153068714e+07 1.9982161685386454e+03 -2.5853346242297482e+02 6.5764011896429693e+03
1.3685724153068714e+07 1.5822178173181690e+03 -4.1537895399320428e+02 6.6807789373425148e+03
1.3685725153068714e+07 1.1592446206877457e+03 -5.7039334243867506e+02 6.7557059989312002e+03
1.3685726153068714e+07 7.3116115927075350e+02 -7.2289328228533793e+02 6.8008520756808857e+03
1.3685727153068714e+07 2.9985454111094521e+02 -8.7220651243561133e+02 6.8160181515267268e+03
1.3685728153068714e+07 -1.3277391720851327e+02 -1.0176748196762661e+03 6.8011373703818717e+03
1.3685729153068714e+07 -5.6481707208610260e+02 -1.1586569402612363e+03 6.7562753308558331e+03
1.3685730153068714e+07 -9.9437036010795316e+02 -1.2945313867758364e+03 6.6816297970765409e+03
1.3685731153068714e+07 -1.4195401938803732e+03 -1.4246991878217561e+03 6.5775298268907300e+03
1.3685732153068714e+07 -1.8384523094746294e+03 -1.5485865284445756e+03 6.4444343212865379e+03
1.3685733153068714e+07 -2.2492600286917013e+03 -1.6656472796658279e+03 6.2829300014318396e+03
1.3685734153068714e+07 -2.6501523997219588e+03 -1.7753654059677463e+03 6.0937288222456855e+03
1.3685735153068714e+07 -3.0393621803030651e+03 -1.8772572401151435e+03 5.8776648339105204e+03
1.3685736153068714e+07 -3.4151736282156348e+03 -1.9708736152948586e+03 5.6356905051447129e+03
1.3685737153068714e+07 -3.7759300647224409e+03 -2.0558018451600587e+03 5.3688725244708758e+03
1.3685738153068714e+07 -4.1200411776710616e+03 -2.1316675430667979e+03 5.0783870979539024e+03
1.3685739153068714e+07 -4.4459900320132192e+03 -2.1981362724696110e+03 4.7655147641687436e+03
1.3685740153068714e+07 -4.7523397568643122e+03 -2.2549150212079990e+03 4.4316347492392151e+03
1.3685741153068714e+07 -5.0377398796194720e+03 -2.3017534931832124e+03 4.0782188868343605e+03
1.3685742153068714e+07 -5.3009322792005587e+03 -2.3384452117307196e+03 3.7068251299281542e+03
1.3685743153068714e+07 -5.5407567321953757e+03 -2.3648284298252120e+03 3.3190906829186315e+03
1.3685744153068714e+07 -5.7561560274369313e+03 -2.3807868431049546e+03 2.9167247843845366e+03
1.3685745153068714e+07 -5.9461806264723309e+03 -2.3862501025721622e+03 2.5015011723036905e+03
1.3685746153068714e+07 -6.1099928493852967e+03 -2.3811941247104915e+03 2.0752502649363223e+03
1.3685747153068714e+07 -6.2468705675173123e+03 -2.3656411976514687e+03 1.6398510918411407e+03
1.3685748153068714e+07 -6.3562103868045851e+03 -2.3396598829220488e+03 1.1972230106060617e+03
1.3685749153068714e+07 -6.4375303077011940e+03 -2.3033647132068427e+03 7.4931724580326613e+02
1.3685750153068714e+07 -6.4904718499638630e+03 -2.2569156874570076e+03 2.9810828746218067e+02
1.3685751153068714e+07 -6.5148016329298007e+03 -2.2005175655712760e+03 -1.5441481301879890e+02
1.3685752153068714e+07 -6.5104124043211941e+03 -2.1344189657590387e+03 -6.0625721114672899e+02
1.3685753153068714e+07 -6.4773235130424819e+03 -2.0589112685640575e+03 -1.0554270631485695e+03
1.3685754153068714e+07 -6.4156808238853682e+03 -1.9743273323803644e+03 -1.4999443065567862e+03
1.3685755153068714e+07 -6.3257560745172477e+03 -1.8810400261220971e+03 -1.9378493888622895e+03
1.3685756153068714e+07 -6.2079456775884864e+03 -1.7794605855168604e+03 -2.3672119057501877e+03
1.3685757153068714e+07 -6.0627689732386834e+03 -1.6700368002675118e+03 -2.7861391108445196e+03
1.3685758153068714e+07 -5.8908659397061419e+03 -1.5532510400746783e+03 -3.1927842594447279e+03
1.3685759153068714e+07 -5.6929943721281034e+03 -1.4296181282186647e+03 -3.5853547494834925e+03
1.3685760153068714e+07 -5.4700265419798816e+03 -1.2996830720824050e+03 -3.9621200237910753e+03
1.3685761153068714e+07 -5.2229453518641158e+03 -1.1640186606096427e+03 -4.3214191988672828e+03
1.3685762153068714e+07 -4.9528400026084264e+03 -1.0232229392953840e+03 -4.6616683865075238e+03
1.3685763153068714e+07 -4.6609011917827092e+03 -8.7791657384412463e+02 -4.9813676760005837e+03
1.3685764153068714e+07 -4.3484158647702116e+03 -7.2874011410115202e+02 -5.2791077461568957e+03
1.3685765153068714e+07 -4.0167615415767032e+03 -5.7635117034163238e+02 -5.5535760779649909e+03
1.3685766153068714e+07 -3.6674002443429240e+03 -4.2142151434302605e+02 -5.8035627405394689e+03
1.3685767153068714e+07 -3.3018720523579150e+03 -2.6463411803433166e+02 -6.0279657248227140e+03
1.3685768153068714e+07 -2.9217883129722009e+03 -1.0668014277055246e+02 -6.2257958015408576e+03
1.3685769153068714e+07 -2.5288245383450571e+03 5.1744107492797987e+01 -6.3961808819943963e+03
1.3685770153068714e+07 -2.1247130193318608e+03 2.0994025569688790e+02 -6.5383698624637409e+03
1.3685771153068714e+07 -1.7112351890775922e+03 3.6721093031471702e+02 -6.6517359352791582e+03
1.3685772153068714e+07 -1.2902137699768023e+03 5.2286283955399517e+02 -6.7357793519603356e+03
1.3685773153068714e+07 -8.6350473862215335e+02 6.7620982757443744e+02 -6.7901296262441811e+03
1.3685774153068714e+07 -4.3298914415158436e+02 8.2657589925072159e+02 -6.8145471672910735e+03
1.3685775153068714e+07 -5.6481607932379063e-01 9.7329820014046697e+02 -6.8089243358669719e+03
1.3685776153068714e+07 4.3186200185459188e+02 1.1157299385277872e+03 -6.7732859188482980e+03
1.3685777153068714e+07 8.6238505492236288e+02 1.2532432366563444e+03 -6.7077890199561962e+03
1.3685778153068714e+07 1.2891064806977120e+03 1.3852318985854915e+03 -6.6127223672021846e+03
1.3685779153068714e+07 1.7101451753460728e+03 1.5111140824659560e+03 -6.4885050400988030e+03
1.3685780153068714e+07 2.1236450860446848e+03 1.6303348654580434e+03 -6.3356846222440990e+03
1.3685781153068714e+07 2.5277833929642075e+03 1.7423686899814591e+03 -6.1549347874269606e+03
1.3685782153068714e+07 2.9207785447602610e+03 1.8467216805179237e+03 -5.9470523298886001e+03
1.3685783153068714e+07 3.3008981121233173e+03 1.9429338207455162e+03 -5.7129536518449750e+03
1.3685784153068714e+07 3.6664664248151080e+03 2.0305809814203972e+03 -5.4536707237290248e+03
1.3685785153068714e+07 4.0158719584655964e+03 2.1092767900506192e+03 -5.1703465349930448e+03
1.3685786153068714e+07 4.3475744386144179e+03 2.1786743341324809e+03 -4.8642300555007178e+03
1.3685787153068714e+07 4.6601116306635131e+03 2.2384676904362395e+03 -4.5366707297262710e+03
1.3685788153068714e+07 4.9521057858029753e+03 2.2883932735986286e+03 -4.1891125280389178e+03
1.3685789153068714e+07 5.2222697145030388e+03 2.3282309980791465e+03 -3.8230875812896916e+03
1.3685790153068714e+07 5.4694124607964277e+03 2.3578052483572960e+03 -3.4402094267622765e+03
1.3685791153068714e+07 5.6924445523347458e+03 2.3769856530936868e+03 -3.0421658952660773e+03
1.3685792153068714e+07 5.8903828030825016e+03 2.3856876598430981e+03 -2.6307116707155274e+03
1.3685793153068714e+07 6.0623546474699742e+03 2.3838729077846519e+03 -2.2076605550027975e+03
1.3685794153068714e+07 6.2076019868952926e+03 2.3715493968269243e+03 -1.7748774722771657e+03
1.3685795153068714e+07 6.3254845316342125e+03 2.3487714523424897e+03 -1.3342702478425622e+03
1.3685796153068714e+07 6.4154826234102156e+03 2.3156394856869806e+03 -8.8778119794800602e+02
1.3685797153068714e+07 6.4771995261898592e+03 2.2722995515586631e+03 -4.3737856752952916e+02
1.3685798153068714e+07 6.5103631751034573e+03 2.2189427041497174e+03 1.4952146348851144e+01
1.3685799153068714e+07 6.5148273757812412e+03 2.1558041549272921e+03 4.6721694710745339e+02
1.3685800153068714e+07 6.4905724488178839e+03 2.0831622357575857e+03 9.1742212872871198e+02
1.3685801153068714e+07 6.4377053165247889e+03 2.0013371719431229e+03 1.3635830645569458e+03
1.3685802153068714e+07 6.3564590315871210e+03 1.9106896705824063e+03 1.8037329560724675e+03
1.3685803153068714e+07 6.2471917497042868e+03 1.8116193304751473e+03 2.2359315030730172e+03
1.3685804153068714e+07 6.1103851507407271e+03 1.7045628805809786e+03 2.6582734570489615e+03
1.3685805153068714e+07 5.9466423153515871e+03 1.5899922548009204e+03 3.0688970200300178e+03
1.3685806153068714e+07 5.7566850664363092e+03 1.4684125115624201e+03 3.4659920519040306e+03
1.3685807153068714e+07 5.5413507871490674e+03 1.3403596073860867e+03 3.8478080500004016e+03
1.3685808153068714e+07 5.3015887294806053e+03 1.2063980342405530e+03 4.2126618657900572e+03
1.3685809153068714e+07 5.0384558297051935e+03 1.0671183311130758e+03 4.5589451246477520e+03
1.3685810153068714e+07 4.7531120491060092e+03 9.2313448074663484e+02 4.8851313160210848e+03
1.3685811153068714e+07 4.4468152605614232e+03 7.7508120304318436e+02 5.1897825226875148e+03
1.3685812153068714e+07 4.1209157034877535e+03 6.2361115704007238e+02 5.4715557594964721e+03
1.3685813153068714e+07 3.7768500316252921e+03 4.6939206381597137e+02 5.7292088936024138e+03
1.3685814153068714e+07 3.4161349798718552e+03 3.1310376299208190e+02 5.9616061201285793e+03
1.3685815153068714e+07 3.0403606781033263e+03 1.5543521581472774e+02 6.1677229691011398e+03
1.3685816153068714e+07 2.6511836414506138e+03 -2.9185319721601442e+00 6.3466508215888298e+03
1.3685817153068714e+07 2.2503194679278618e+03 -1.6125941407856695e+02 6.4976009151421194e+03
1.3685818153068714e+07 1.8395352756113373e+03 -3.1888942093359049e+02 6.6199078208702267e+03
1.3685819153068714e+07 1.4206419127015390e+03 -4.7511367670156454e+02 6.7130323768314038e+03
1.3685820153068714e+07 9.9548597481479680e+02 -6.2924350248239216e+02 6.7765640648031213e+03
1.3685821153068714e+07 5.6594166468316678e+02 -7.8059945219681572e+02 6.8102228199571800e+03
1.3685822153068714e+07 1.3390253016563744e+02 -9.2851430776690427e+02 6.8138602654590077e+03
1.3685823153068714e+07 -2.9872688302901048e+02 -1.0723360203957225e+03 6.7874603665519062e+03
1.3685824153068714e+07 -7.3003942709408477e+02 -1.2114305849742877e+03 6.7311395012408493e+03
1.3685825153068714e+07 -1.1581337593511223e+03 -1.3451848349482939e+03 6.6451459472651668e+03
1.3685826153068714e+07 -1.5811227238820736e+03 -1.4730091453217165e+03 6.5298587876216980e+03
1.3685827153068714e+07 -1.9971416706270754e+03 -1.5943400318842962e+03 6.3857862394618714e+03
1.3685828153068714e+07 -2.4043566752643055e+03 -1.7086426352015128e+03 6.2135634137318630e+03
1.3685829153068714e+07 -2.8009726236433048e+03 -1.8154130784191830e+03 6.0139495154312553e+03
1.3685830153068714e+07 -3.1852411251437620e+03 -1.9141806884913976e+03 5.7878244968253302e+03
1.3685831153068714e+07 -3.5554682200382613e+03 -2.0045100710301581e+03 5.5361851783845141e+03
1.3685832153068714e+07 -3.9100218469409065e+03 -2.0860030296455607e+03 5.2601408545196982e+03
1.3685833153068714e+07 -4.2473390373673483e+03 -2.1583003213008292e+03 4.9609084035150372e+03
1.3685834153068714e+07 -4.5659328057226348e+03 -2.2210832399526439e+03 4.6398069231982590e+03
1.3685835153068714e+07 -4.8643987043357174e+03 -2.2740750214934119e+03 4.2982519159999320e+03
1.3685836153068714e+07 -5.1414210146457735e+03 -2.3170420638023279e+03 3.9377490490333257e+03
1.3685837153068714e+07 -5.3957785472448959e+03 -2.3497949565263402e+03 3.5598875167053861e+03
1.3685838153068714e+07 -5.6263500252111598e+03 -2.3721893160518885e+03 3.1663330351160071e+03
1.3685839153068714e+07 -5.8321190269983817e+03 -2.3841264219863806e+03 2.7588204991323323e+03
1.3685840153068714e+07 -6.0121784670952557e+03 -2.3855536523443129e+03 2.3391463345071193e+03
1.3685841153068714e+07 -6.1657345947091781e+03 -2.3764647155190883e+03 1.9091605787340015e+03
1.3685842153068714e+07 -6.2921104928274726e+03 -2.3568996780177854e+03 1.4707587255960896e+03
1.3685843153068714e+07 -6.3907490622536770e+03 -2.3269447878370688e+03 1.0258733693088877e+03
1.3685844153068714e+07 -6.4612154774507289e+03 -2.2867320942583751e+03 5.7646568512188037e+02
1.3685845153068714e+07 -6.5031991033684717e+03 -2.2364388657391778e+03 1.2451678393160918e+02
1.3685846153068714e+07 -6.5165148648075665e+03 -2.1762868084652137e+03 -3.2798102099567234e+02
1.3685847153068714e+07 -6.5011040622804439e+03 -2.1065410890099929e+03 -7.7903299667594820e+02
1.3685848153068714e+07 -6.4570346307749096e+03 -2.0275091654086289e+03 -1.2266507837322263e+03
1.3685849153068714e+07 -6.3845008402782605e+03 -1.9395394317997011e+03 -1.6688611616200085e+03
1.3685850153068714e+07 -6.2838224393831897e+03 -1.8430196826100339e+03 -2.1037147471158455e+03
1.3685851153068714e+07 -6.1554432457495068e+03 -1.7383754030516673e+03 -2.5292945877279994e+03
1.3685852153068714e+07 -5.9999291896352606e+03 -1.6260678934674831e+03 -2.9437246121434491e+03
1.3685853153068714e+07 -5.8179658191272902e+03 -1.5065922357972929e+03 -3.3451779004483096e+03
1.3685854153068714e+07 -5.6103552780535829e+03 -1.3804751111181790e+03 -3.7318847377019092e+03
1.3685855153068714e+07 -5.3780127699256909e+03 -1.2482724778977251e+03 -4.1021404153002368e+03
1.3685856153068714e+07 -5.1219625234661953e+03 -1.1105671211735187e+03 -4.4543127458099862e+03
1.3685857153068714e+07 -4.8433332775368308e+03 -9.6796608348217160e+02 -4.7868492580833954e+03
1.3685858153068714e+07 -4.5433533053536776e+03 -8.2109798885187990e+02 -5.0982840409725413e+03
1.3685859153068714e+07 -4.2233449999229179e+03 -6.7061027165563689e+02 -5.3872442054676376e+03
1.3685860153068714e+07 -3.8847190445782835e+03 -5.1716632254693161e+02 -5.6524559367607708e+03
1.3685861153068714e+07 -3.5289681943080332e+03 -3.6144256405433924e+02 -5.8927501095675561e+03
1.3685862153068714e+07 -3.1576606952851880e+03 -2.0412546872691860e+02 -6.1070674419507495e+03
1.3685863153068714e+07 -2.7724333716174178e+03 -4.5908532978693792e+01 -6.2944631649210978e+03
1.3685864153068714e+07 -2.3749844097800719e+03 1.1251078003285011e+02 -6.4541111872381907e+03
1.3685865153068714e+07 -1.9670658725539463e+03 2.7043411501196209e+02 -6.5853077370440533e+03
1.3685866153068714e+07 -1.5504759754560584e+03 4.2716530306495605e+02 -6.6874744642827500e+03
1.3685867153068714e+07 -1.1270511597208238e+03 5.8201343060062322e+02 -6.7601609902249720e+03
1.3685868153068714e+07 -6.9865799676718655e+02 7.3429588506563550e+02 -6.8030468928616010e+03
1.3685869153068714e+07 -2.6718495984819225e+02 8.8334136408507834e+02 -6.8159431194119352e+03
1.3685870153068714e+07 1.6546590085270685e+02 1.0284928347461127e+03 -6.7987928197213359e+03
1.3685871153068714e+07 5.9738734297338772e+02 1.1691104299770052e+03 -6.7516715968735871e+03
1.3685872153068714e+07 1.0266753396152033e+03 1.3045742692551637e+03 -6.6747871739138036e+03
1.3685873153068714e+07 1.4514374728117209e+03 1.4342871912093744e+03 -6.5684784781500794e+03
1.3685874153068714e+07 1.8698012758175969e+03 1.5576773860684484e+03 -6.4332141470721699e+03
1.3685875153068714e+07 2.2799224874535685e+03 1.6742009163551722e+03 -6.2695904624711693e+03
1.3685876153068714e+07 2.6799931821122900e+03 1.7833441147110598e+03 -6.0783287218678124e+03
1.3685877153068714e+07 3.0682497395775363e+03 1.8846258482796645e+03 -5.8602720588425482e+03
1.3685878153068714e+07 3.4429806195557358e+03 1.9775996396750033e+03 -5.6163817262676530e+03
1.3685879153068714e+07 3.8025339065942394e+03 2.0618556351711763e+03 -5.3477328588544115e+03
1.3685880153068714e+07 4.1453245921880207e+03 2.1370224114528778e+03 -5.0555097336599747e+03
1.3685881153068714e+07 4.4698415619231610e+03 2.2027686129492390e+03 -4.7410005494760826e+03
1.3685882153068714e+07 4.7746542568797313e+03 2.2588044125394617e+03 -4.4055917481005772e+03
1.3685883153068714e+07 5.0584189799263495e+03 2.3048827891901828e+03 -4.0507619025248155e+03
1.3685884153068714e+07 5.3198848191016332e+03 2.3408006168914781e+03 -3.6780751989847972e+03
1.3685885153068714e+07 5.5578991619765275e+03 2.3663995600921908e+03 -3.2891745416020258e+03
1.3685886153068714e+07 5.7714127766857491e+03 2.3815667716864850e+03 -2.8857743100123002e+03
1.3685887153068714e+07 5.9594844372245434e+03 2.3862353904743859e+03 -2.4696528019190109e+03
1.3685888153068714e+07 6.1212850726294291e+03 2.3803848359046601e+03 -2.0426443938756781e+03
1.3685889153068714e+07 6.2561014217516931e+03 2.3640408987997298e+03 -1.6066314548492521e+03
1.3685890153068714e+07 6.3633391775056934e+03 2.3372756276627410e+03 -1.1635360482279252e+03
1.3685891153068714e+07 6.4425256067358559e+03 2.3002070110684685e+03 -7.1531145884575540e+02
1.3685892153068714e+07 6.4933116341541727e+03 2.2529984575376734e+03 -2.6393358236964980e+02
1.3685893153068714e+07 6.5154733811591741e+03 2.1958580751877871e+03 1.8860778498732915e+02
1.3685894153068714e+07 6.5089131527534737e+03 2.1290377543358868e+03 6.4031771802719663e+02
1.3685895153068714e+07 6.4736598682101294e+03 2.0528320570976202e+03 1.0892049567408294e+03
1.3685896153068714e+07 6.4098689335886947e+03 1.9675769188774968e+03 1.5332906843223577e+03
1.3685897153068714e+07 6.3178215566623639e+03 1.8736481674734846e+03 1.9706172503356167e+03
1.3685898153068714e+07 6.1979235072775828e+03 1.7714598663263246e+03 2.3992568005663802e+03
1.3685899153068714e+07 6.0507033286107689e+03 1.6614624892156746e+03 2.8173197755265437e+03
1.3685900153068714e+07 5.8768100072025081e+03 1.5441409344466329e+03 3.2229632401551203e+03
1.3685901153068714e+07 5.6770101120534791e+03 1.4200123872899851e+03 3.6143990079624405e+03
1.3685902153068714e+07 5.4521844153713828e+03 1.2896240400835618e+03 3.9899015238595330e+03
1.3685903153068714e+07 5.2033240098964225e+03 1.1535506800653100e+03 4.3478154708555530e+03
1.3685904153068714e+07 4.9315259398844737e+03 1.0123921555489217e+03 4.6865630671615527e+03
1.3685905153068714e+07 4.6379883650443089e+03 8.6677073163339162e+02 5.0046510214691589e+03
1.3685906153068714e+07 4.3240052787188961e+03 7.1732834708681810e+02 5.3006771157900921e+03
1.3685907153068714e+07 3.9909608036137051e+03 5.6472378450740916e+02 5.5733363868095239e+03
1.3685908153068714e+07 3.6403230902022206e+03 4.0962976622840858e+02 5.8214268785224367e+03
1.3685909153068714e+07 3.2736378447236048e+03 2.5272998877729555e+02 6.0438549407772880e+03
1.3685910153068714e+07 2.8925215152854216e+03 9.4716108954076233e+01 6.2396400503845671e+03
1.3685911153068714e+07 2.4986541661225478e+03 -6.3715305178970922e+01 6.4079191335267751e+03
1.3685912153068714e+07 2.0937720714165648e+03 -2.2186584495876545e+02 6.5479503704212957e+03
1.3685913153068714e+07 1.6796600613268592e+03 -3.7903833989658330e+02 6.6591164654623244e+03
1.3685914153068714e+07 1.2581436539734807e+03 -5.3453993099507363e+02 6.7409273684261161e+03
1.3685915153068714e+07 8.3108100806045331e+02 -6.8768512505756973e+02 6.7930224347433332e+03
1.3685916153068714e+07 4.0035473160188531e+02 -8.3779881653011046e+02 6.8151720153175647e+03
1.3685917153068714e+07 -3.2136417119763180e+01 -9.8421926354777781e+02 6.8072784688784550e+03
1.3685918153068714e+07 -4.6448589979858929e+02 -1.1263010050733062e+03 6.7693765924096633e+03
1.3685919153068714e+07 -8.9478780264190618e+02 -1.2634177062637345e+03 6.7016334677527648e+03
1.3685920153068714e+07 -1.3211452381558356e+03 -1.3949649195242771e+03 6.6043477250636370e+03
1.3685921153068714e+07 -1.7416787071391791e+03 -1.5203627490768138e+03 6.4779482263682194e+03
1.3685922153068714e+07 -2.1545343840261244e+03 -1.6390584072976560e+03 6.3229921750205604e+03
1.3685923153068714e+07 -2.5578922890482254e+03 -1.7505286515539799e+03 6.1401626593992478e+03
1.3685924153068714e+07 -2.9499743112042602e+03 -1.8542820908005517e+03 5.9302656416646423e+03
1.3685925153068714e+07 -3.3290520466465105e+03 -1.9498613517619897e+03 5.6942264048620218e+03
1.3685926153068714e+07 -3.6934544179627778e+03 -2.0368450951603168e+03 5.4330854740160466e+03
1.3685927153068714e+07 -4.0415750407255059e+03 -2.1148498730892388e+03 5.1479940292213423e+03
1.3685928153068714e+07 -4.3718793048780462e+03 -2.1835318193583225e+03 4.8402088309219234e+03
1.3685929153068714e+07 -4.6829111397084262e+03 -2.2425881653472734e+03 4.5110866797707504e+03
1.3685930153068714e+07 -4.9732994326012995e+03 -2.2917585746913373e+03 4.1620784354852940e+03
1.3685931153068714e+07 -5.2417640732731543e+03 -2.3308262909142022e+03 3.7947226210641361e+03
1.3685932153068714e+07 -5.4871215968440547e+03 -2.3596190929488525e+03 3.4106386405607004e+03
1.3685933153068714e+07 -5.7082904008687510e+03 -2.3780100543342651e+03 3.0115196403149444e+03
1.3685934153068714e+07 -5.9042955133378209e+03 -2.3859181027418108e+03 2.5991250450959842e+03
1.3685935153068714e+07 -6.0742728906114826e+03 -2.3833083773631265e+03 2.1752728020912014e+03
1.3685936153068714e+07 -6.2174732263603828e+03 -2.3701923825860617e+03 1.7418313668973635e+03
1.3685937153068714e+07 -6.3332652547084117e+03 -2.3466279372800514e+03 1.3007114668669076e+03
1.3685938153068714e+07 -6.4211385330245876e+03 -2.3127189199146692e+03 8.5385767810056200e+02
1.3685939153068714e+07 -6.4807056920912310e+03 -2.2686148106350065e+03 4.0323985323073560e+02
1.3685940153068714e+07 -6.5117041437316520e+03 -2.2145100323129627e+03 -4.9155562218852737e+01
1.3685941153068714e+07 -6.5139972383702216e+03 -2.1506430934782902e+03 -5.0133428662566371e+02
1.3685942153068714e+07 -6.4875748674204369e+03 -2.0772955369086558e+03 -9.5130299359937476e+02
1.3685943153068714e+07 -6.4325535078464691e+03 -1.9947906985128798e+03 -1.3970780991044617e+03
1.3685944153068714e+07 -6.3491757087013393e+03 -1.9034922819789192e+03 -1.8366945056346390e+03
1.3685945153068714e+07 -6.2378090219055593e+03 -1.8038027554698226e+03 -2.2682142648939857e+03
1.3685946153068714e+07 -6.0989443819781227e+03 -1.6961615774344532e+03 -2.6897351208007681e+03
1.3685947153068714e+07 -5.9331939418669708e+03 -1.5810432593576625e+03 -3.0993988951398319e+03
1.3685948153068714e+07 -5.7412883744109176e+03 -1.4589552739833134e+03 -3.4953996789232997e+03
1.3685949153068714e+07 -5.5240736513401698e+03 -1.3304358182396209e+03 -3.8759917933183074e+03
1.3685950153068714e+07 -5.2825073139989827e+03 -1.1960514407182125e+03 -4.2394974850823201e+03
1.3685951153068714e+07 -5.0176542522541076e+03 -1.0563945441800074e+03 -4.5843143225392005e+03
1.3685952153068714e+07 -4.7306820101615649e+03 -9.1208077407746396e+02 -4.9089222595490246e+03
1.3685953153068714e+07 -4.4228556391283346e+03 -7.6374630462890048e+02 -5.2118903362685814e+03
1.3685954153068714e+07 -4.0955321212139711e+03 -6.1204503438533288e+02 -5.4918829872223805e+03
1.3685955153068714e+07 -3.7501543871956828e+03 -4.5764570367298040e+02 -5.7476659288287992e+03
1.3685956153068714e+07 -3.3882449557341729e+03 -3.0122894660237023e+02 -5.9781116004625819e+03
1.3685957153068714e+07 -3.0113992217009404e+03 -1.4348429064954144e+02 -6.1822041350471054e+03
1.3685958153068714e+07 -2.6212784232476970e+03 1.4892882967167651e+01 -6.3590438372720555e+03
1.3685959153068714e+07 -2.2196023186175912e+03 1.7320440471654979e+02 -6.5078511496962192e+03
1.3685960153068714e+07 -1.8081416049864724e+03 3.3075239447458574e+02 -6.6279700892488390e+03
1.3685961153068714e+07 -1.3887101127498759e+03 4.8684233796940515e+02 -6.7188711389824712e+03
1.3685962153068714e+07 -9.6315680966763387e+02 6.4078614838842191e+02 -6.7801535823285703e+03
1.3685963153068714e+07 -5.3335765011308774e+02 7.9190519965163764e+02 -6.8115472695662456e+03
1.3685964153068714e+07 -1.0120730535717534e+02 9.3953331797976455e+02 -6.8129138087170813e+03
1.3685965153068714e+07 3.3138918865486568e+02 1.0830197185686100e+03 -6.7842471756159703e+03
1.3685966153068714e+07 7.6252482922022284e+02 1.2217318744257670e+03 -6.7256737404688374e+03
1.3685967153068714e+07 1.1902990534617122e+03 1.3550583047207751e+03 -6.6374517107804731e+03
1.3685968153068714e+07 1.6128261165285460e+03 1.4824112703599835e+03 -6.5199699931065634e+03
1.3685969153068714e+07 2.0282434044668050e+03 1.6032293648987802e+03 -6.3737464786506216e+03
1.3685970153068714e+07 2.4347196451327409e+03 1.7169799893754407e+03 -6.1994257602590351e+03
1.3685971153068714e+07 2.8304629809337066e+03 1.8231617001510392e+03 -5.9977762908836621e+03
1.3685972153068714e+07 3.2137288678253249e+03 1.9213064194100871e+03 -5.7696869960333588e+03
1.3685973153068714e+07 3.5828277657366712e+03 2.0109814985752312e+03 -5.5161633551499199e+03
1.3685974153068714e+07 3.9361325865242848e+03 2.0917916255404348e+03 -5.2383229691808319e+03
1.3685975153068714e+07 4.2720858666136055e+03 2.1633805673131519e+03 -4.9373906338960651e+03
1.3685976153068714e+07 4.5892066327262100e+03 2.2254327403875541e+03 -4.6146929406543104e+03
1.3685977153068714e+07 4.8860969304142036e+03 2.2776746019229022e+03 -4.2716524284272737e+03
1.3685978153068714e+07 5.1614479866229731e+03 2.3198758555948170e+03 -3.9097813128628004e+03
1.3685979153068714e+07 5.4140459791194407e+03 2.3518504668044216e+03 -3.5306748200275456e+03
1.3685980153068714e+07 5.6427773873510214e+03 2.3734574827696733e+03 -3.1360041542172162e+03
1.3685981153068714e+07 5.8466339011447853e+03 2.3846016538837525e+03 -2.7275091308402166e+03
1.3685982153068714e+07 6.0247168656209697e+03 2.3852338536020279e+03 -2.3069905068245716e+03
1.3685983153068714e+07 6.1762412427004892e+03 2.3753512950049699e+03 -1.8763020424079527e+03
1.3685984153068714e+07 6.3005390717730888e+03 2.3549975430839786e+03 -1.4373423292445045e+03
1.3685985153068714e+07 6.3970624142458209e+03 2.3242623226953010e+03 -9.9204642090668381e+02
1.3685986153068714e+07 6.4653857690075365e+03 2.2832811230285506e+03 -5.4237730263830645e+02
1.3685987153068714e+07 6.5052079481536011e+03 2.2322346003335533e+03 -9.0317237981829606e+01
1.3685988153068714e+07 6.5163534047040885e+03 2.1713477815385481e+03 3.6214096957791281e+02
1.3685989153068714e+07 6.4987730064627358e+03 2.1008890722702422e+03 8.1300276143402436e+02
1.3685990153068714e+07 6.4525442526050165e+03 2.0211690736487421e+03 1.2602806164148199e+03
1.3685991153068714e+07 6.3778709320408052e+03 1.9325392130736639e+03 1.7020028123157035e+03
1.3685992153068714e+07 6.2750822250566162e+03 1.8353901950356817e+03 2.1362221177911792e+03
1.3685993153068714e+07 6.1446312521998580e+03 1.7301502787857232e+03 2.5610243762754403e+03
1.3685994153068714e+07 5.9870930767989867e+03 1.6172833904507454e+03 2.9745369441089520e+03
1.3685995153068714e+07 5.8031621699272664e+03 1.4972870779210475e+03 3.3749369456603636e+03
1.3685996153068714e+07 5.5936493489862187e+03 1.3706903175246464e+03 3.7604593090544768e+03
1.3685997153068714e+07 5.3594782034006203e+03 1.2380511821549139e+03 4.1294045470917054e+03
1.3685998153068714e+07 5.1016810231813215e+03 1.0999543811317517e+03 4.4801462490528975e+03
1.3685999153068714e+07 4.8213942483179908e+03 9.5700868264833105e+02 4.8111382503477926e+03
1.3686000153068714e+07 4.5198534590294357e+03 8.0984423014862625e+02 5.1209214484446129e+03
1.3686001153068714e+07 4.1983879290026216e+03 6.5910976449046757e+02 5.4081302349739772e+03
1.3686002153068714e+07 3.8584147655811621e+03 5.0546976411388096e+02 5.6714985157129886e+03
1.3686003153068714e+07 3.5014326627760279e+03 3.4960151584226992e+02 5.9098652918655116e+03
1.3686004153068714e+07 3.1290152946146427e+03 1.9219212921796733e+02 6.1221797780598608e+03
1.3686005153068714e+07 2.7428043779534892e+03 3.3935507534895109e+01 6.3075060344975072e+03
1.3686006153068714e+07 2.3445024353477957e+03 -1.2447071107389016e+02 6.4650270928261070e+03
1.3686007153068714e+07 1.9358652898662140e+03 -2.8232822901578447e+02 6.5940485575580815e+03
1.3686008153068714e+07 1.5186943249480680e+03 -4.3894116752300590e+02 6.6940016671522753e+03
1.3686009153068714e+07 1.0948285434114307e+03 -5.9361913427665741e+02 6.7644458012688265e+03
1.3686010153068714e+07 6.6613646063519661e+02 -7.4568026684113420e+02 6.8050704231404270e+03
1.3686011153068714e+07 2.3450786762892042e+02 -8.9445423850120926e+02 6.8156964485022345e+03
1.3686012153068714e+07 -1.9815449967296377e+02 -1.0392852132417847e+03 6.7962770350416022e+03
1.3686013153068714e+07 -6.2994334819130245e+02 -1.1795347368521223e+03 6.7468977888902991e+03
1.3686014153068714e+07 -1.0589552355651454e+03 -1.3145845514041907e+03 6.6677763872480655e+03
1.3686015153068714e+07 -1.4832989610427283e+03 -1.4438393207013455e+03 6.5592616188008851e+03
1.3686016153068714e+07 -1.9011039024073773e+03 -1.5667292546815290e+03 6.4218318461641784e+03
1.3686017153068714e+07 -2.3105282621858905e+03 -1.6827126212056628e+03 6.2560928971295307e+03
1.3686018153068714e+07 -2.7097671867909612e+03 -1.7912781341595355e+03 6.0627753940101966e+03
1.3686019153068714e+07 -3.0970607228078347e+03 -1.8919472073420877e+03 5.8427315328566929e+03
1.3686020153068714e+07 -3.4707015753366995e+03 -1.9842760642004121e+03 5.5969313267489470e+03
1.3686021153068714e+07 -3.8290426342190626e+03 -2.0678576941189517e+03 5.3264583297104355e+03
1.3686022153068714e+07 -4.1705042349429132e+03 -2.1423236466315270e+03 5.0325048601075805e+03
1.3686023153068714e+07 -4.4935811222281745e+03 -2.2073456556497376e+03 4.7163667445886222e+03
1.3686024153068714e+07 -4.7968490855993959e+03 -2.2626370865486147e+03 4.3794376057282398e+03
1.3686025153068714e+07 -5.0789712376916823e+03 -2.3079541997295782e+03 4.0232027185600728e+03
1.3686026153068714e+07 -5.3387039076114870e+03 -2.3430972250902146e+03 3.6492324630812659e+03
1.3686027153068714e+07 -5.5749021233741842e+03 -2.3679112426646057e+03 3.2591754015907845e+03
1.3686028153068714e+07 -5.7865246592489557e+03 -2.3822868655519433e+03 2.8547510113805179e+03
1.3686029153068714e+07 -5.9726386257593958e+03 -2.3861607221232548e+03 2.4377421048217184e+03
1.3686030153068714e+07 -6.1324235821201837e+03 -2.3795157353808249e+03 2.0099869702288563e+03
1.3686031153068714e+07 -6.2651751529534076e+03 -2.3623811982377388e+03 1.5733712682046191e+03
1.3686032153068714e+07 -6.3703081333703958e+03 -2.3348326443866817e+03 1.1298197191260033e+03
1.3686033153068714e+07 -6.4473590687108353e+03 -2.2969915153268744e+03 6.8128761846104135e+02
1.3686034153068714e+07 -6.4959882975764940e+03 -2.2490246250168161e+03 2.2975221729496656e+02
1.3686035153068714e+07 -6.5159814491498737e+03 -2.1911434245134501e+03 -2.2279599392424947e+02
1.3686036153068714e+07 -6.5072503881990269e+03 -2.1236030698384575e+03 -6.7436206000863422e+02
1.3686037153068714e+07 -6.4698336036015180e+03 -2.0467012971816480e+03 -1.1229553553312639e+03
1.3686038153068714e+07 -6.4038960386750268e+03 -1.9607771103991381e+03 -1.5665983590435999e+03
1.3686039153068714e+07 -6.3097283640629339e+03 -1.8662092865930360e+03 -2.0033353725204299e+03
1.3686040153068714e+07 -6.1877456963794684e+03 -1.7634147063591840e+03 -2.4312411406106949e+03
1.3686041153068714e+07 -6.0384857682639540e+03 -1.6528465160651044e+03 -2.8484293386816739e+03
1.3686042153068714e+07 -5.8626065579117194e+03 -1.5349921302592522e+03 -3.2530608880455143e+03
1.3686043153068714e+07 -5.6608833885246440e+03 -1.4103710830131613e+03 -3.6433520631257315e+03
1.3686044153068714e+07 -5.4342055104829569e+03 -1.2795327376786643e+03 -4.0175823545892663e+03
1.3686045153068714e+07 -5.1835721812859065e+03 -1.1430538651431941e+03 -4.3741020538266694e+03
1.3686046153068714e+07 -4.9100882605533607e+03 -1.0015361012672013e+03 -4.7113395253148738e+03
1.3686047153068714e+07 -4.6149593395144175e+03 -8.5560329471476109e+02 -5.0278081348028709e+03
1.3686048153068714e+07 -4.2994864264236521e+03 -7.0589875685380650e+02 -5.3221128028128805e+03
1.3686049153068714e+07 -3.9650602113764935e+03 -5.5308242587122220e+02 -5.5929561545166453e+03
1.3686050153068714e+07 -3.6131549357656268e+03 -3.9782795758381974e+02 -5.8391442389223976e+03
1.3686051153068714e+07 -3.2453218934270062e+03 -2.4081975578151099e+02 -6.0595917921341988e+03
1.3686052153068714e+07 -2.8631825921180512e+03 -8.2749955190522741e+01 -6.2533270214894719e+03
1.3686053153068714e+07 -2.4684216054736285e+03 7.5684629643628895e+01 -6.4194958894853507e+03
1.3686054153068714e+07 -2.0627791469477670e+03 2.3378557610418909e+02 -6.5573658786094875e+03
1.3686055153068714e+07 -1.6480433984840552e+03 3.9085593233842701e+02 -6.6663292204763520e+03
1.3686056153068714e+07 -1.2260426277237534e+03 5.4620328961101427e+02 -6.7459055750370762e+03
1.3686057153068714e+07 -7.9863712850679735e+02 6.9914283462948606e+02 -6.7957441480499047e+03
1.3686058153068714e+07 -3.6771102019421778e+02 8.4900036838639028e+02 -6.8156252374775768e+03
1.3686059153068714e+07 6.4836058042856550e+01 9.9511527821226184e+02 -6.8054612019953483e+03
1.3686060153068714e+07 4.9709732134652870e+02 1.1368434499351656e+03 -6.7652968473390347e+03
1.3686061153068714e+07 9.2716724479703578e+02 1.2735601073109442e+03 -6.6953092287909294e+03
1.3686062153068714e+07 1.3531499634833801e+03 1.4046625662065981e+03 -6.5958068706738659e+03
1.3686063153068714e+07 1.7731676299927756e+03 1.5295728913964554e+03 -6.4672284062932076e+03
1.3686064153068714e+07 2.1853686924693311e+03 1.6477404442569843e+03 -6.3101406443242040e+03
1.3686065153068714e+07 2.5879360567594081e+03 1.7586443101321947e+03 -6.1252360701664738e+03
1.3686066153068714e+07 2.9790950966523342e+03 1.8617955946661225e+03 -5.9133297932838204e+03
1.3686067153068714e+07 3.3571214769259659e+03 1.9567395789851432e+03 -5.6753559539759844e+03
1.3686068153068714e+07 3.7203487546710876e+03 2.0430577242188942e+03 -5.4123636054433036e+03
1.3686069153068714e+07 4.0671757254342137e+03 2.1203695165361569e+03 -5.1255120892718296e+03
1.3686070153068714e+07 4.3960734817625153e+03 2.1883341445534320e+03 -4.8160659247406202e+03
1.3686071153068714e+07 4.7055921530408486e+03 2.2466520017237626e+03 -4.4853892344805126e+03
1.3686072153068714e+07 4.9943672969174449e+03 2.2950660070844833e+03 -4.1349397310507438e+03
1.3686073153068714e+07 5.2611259141368828e+03 2.3333627385402647e+03 -3.7662622909472593e+03
1.3686074153068714e+07 5.5046920602674218e+03 2.3613733736861327e+03 -3.3809821443686242e+03
1.3686075153068714e+07 5.7239920295871889e+03 2.3789744340231646e+03 -2.9807977107557649e+03
1.3686076153068714e+07 5.9180590882704892e+03 2.3860883292851968e+03 -2.5674731116977250e+03
1.3686077153068714e+07 6.0860377360094881e+03 2.3826836994780419e+03 -2.1428303942148514e+03
1.3686078153068714e+07 6.2271874773005520e+03 2.3687755531233029e+03 -1.7087414986631818e+03
1.3686079153068714e+07 6.3408860857441514e+03 2.3444252010968557e+03 -1.2671200067266689e+03
1.3686080153068714e+07 6.4266323469913823e+03 2.3097399863539467e+03 -8.1991270582151185e+02
1.3686081153068714e+07 6.4840482682327211e+03 2.2648728107324246e+03 -3.6909100712996877e+02
1.3686082153068714e+07 6.5128807444936101e+03 2.2100214609198251e+03 8.3357744917649811e+01
1.3686083153068714e+07 6.5130026743899034e+03 2.1454277365559415e+03 5.3543903339688814e+02
1.3686084153068714e+07 6.4844135204255845e+03 2.0713763843143347e+03 9.8515996126218579e+02
1.3686085153068714e+07 6.4272393113620246e+03 1.9881938426612212e+03 1.4305380365809851e+03
1.3686086153068714e+07 6.3417320866489736e+03 1.8962468028263374e+03 1.8696099118946365e+03
1.3686087153068714e+07 6.2282687853655270e+03 1.7959405923276531e+03 2.3004400391908625e+03
1.3686088153068714e+07 6.0873495845702701e+03 1.6877173881778203e+03 2.7211292023234091e+03
1.3686089153068714e+07 5.9195956943822703e+03 1.5720542676459891e+03 3.1298228892789393e+03
1.3686090153068714e+07 5.7257466195223005e+03 1.4494611051747627e+03 3.5247194673576687e+03
1.3686091153068714e+07 5.5066568993668016e+03 1.3204783247097450e+03 3.9040781252776119e+03
1.3686092153068714e+07 5.2632923409130044e+03 1.1856745173686722e+03 4.2662265471270821e+03
1.3686093153068714e+07 4.9967257612336161e+03 1.0456439349339171e+03 4.6095682843976219e+03
1.3686094153068714e+07 4.7081322582056373e+03 9.0100387022859354e+02 4.9325897935619578e+03
1.3686095153068714e+07 4.3987840303652210e+03 7.5239193592505990e+02 5.2338671081775337e+03
1.3686096153068714e+07 4.0700447687022343e+03 6.0046325377091136e+02 5.5120721161255951e+03
1.3686097153068714e+07 3.7233636451427869e+03 4.4588756663608154e+02 5.7659784142849321e+03
1.3686098153068714e+07 3.3602689242047786e+03 2.8934628610409766e+02 5.9944667148494245e+03
1.3686099153068714e+07 2.9823612259924025e+03 1.3152948862473323e+02 6.1965297794517783e+03
1.3686100153068714e+07 2.5913064702243983e+03 -2.6867126531693149e+01 6.3712768593442343e+03
1.3686101153068714e+07 2.1888285324091153e+03 -1.8514530410468655e+02 6.5179376220581344e+03
1.3686102153068714e+07 1.7767016445324218e+03 -3.4260731094248735e+02 6.6358655472376622e+03
1.3686103153068714e+07 1.3567425737607650e+03 -4.9855901179928946e+02 6.7245407766759363e+03
1.3686104153068714e+07 9.3080261363525801e+02 -6.5231292927271841e+02 6.7835724059899730e+03
1.3686105153068714e+07 5.0075942307228729e+02 -8.0319127438875262e+02 6.8127002078308478e+03
1.3686106153068714e+07 6.8508749127522833e+01 -9.5052893448138411e+02 6.8117957790357741e+03
1.3686107153068714e+07 -3.6404392996854705e+02 -1.0936764051884099e+03 6.7808631066619664e+03
1.3686108153068714e+07 -7.9499180467541851e+02 -1.2320026536426105e+03 6.7200385504092283e+03
1.3686109153068714e+07 -1.2224351398778940e+03 -1.3648979002361286e+03 6.6295902415078199e+03
1.3686110153068714e+07 -1.6444896494318320e+03 -1.4917763066935161e+03 6.5099169007218261e+03
1.3686111153068714e+07 -2.0592948026083604e+03 -1.6120785586054985e+03 6.3615460806785723e+03
1.3686112153068714e+07 -2.4650220258183158e+03 -1.7252743310384672e+03 6.1851318402718189e+03
1.3686113153068714e+07 -2.8598827634616014e+03 -1.8308646263506191e+03 5.9814518613902956e+03
1.3686114153068714e+07 -3.2421363623552306e+03 -1.9283839739059745e+03 5.7514040206887203e+03
1.3686115153068714e+07 -3.6100977450182368e+03 -2.0174024819985611e+03 5.4960024314952061e+03
1.3686116153068714e+07 -3.9621448379374592e+03 -2.0975277329280229e+03 5.2163729733297732e+03
1.3686117153068714e+07 -4.2967257221077998e+03 -2.1684065128833381e+03 4.9137483287218674e+03
1.3686118153068714e+07 -4.6123654743154948e+03 -2.2297263690056193e+03 4.5894625492070145e+03
1.3686119153068714e+07 -4.9076726689955804e+03 -2.2812169867638768e+03 4.2449451744673170e+03
1.3686120153068714e+07 -5.1813455120115968e+03 -2.3226513815742624e+03 3.8817149305329017e+03
1.3686121153068714e+07 -5.4321775793160305e+03 -2.3538468994092368e+03 3.5013730348254094e+03
1.3686122153068714e+07 -5.6590631351916763e+03 -2.3746660219854734e+03 3.1055961375604556e+03
1.3686123153068714e+07 -5.8610020066349216e+03 -2.3850169729817230e+03 2.6961289306177687e+03
1.3686124153068714e+07 -6.0371039923910885e+03 -2.3848541226133307e+03 2.2747764564598237e+03
1.3686125153068714e+07 -6.1865927871950544e+03 -2.3741781887802363e+03 1.8433961510308734e+03
1.3686126153068714e+07 -6.3088094039406387e+03 -2.3530362339022354e+03 1.4038896556627260e+03
1.3686127153068714e+07 -6.4032150786706379e+03 -2.3215214574548327e+03 9.5819443413156716e+02
1.3686128153068714e+07 -6.4693936455939238e+03 -2.2797727851208438e+03 5.0827523179463662e+02
1.3686129153068714e+07 -6.5070533716574573e+03 -2.2279742563679101e+03 5.6115414456245325e+01
1.3686130153068714e+07 -6.5160282425834830e+03 -2.1663542131530776e+03 -3.9629177484041656e+02
1.3686131153068714e+07 -6.4962786947056793e+03 -2.0951842933294324e+03 -8.4695200257029444e+02
1.3686132153068714e+07 -6.4478917893766929e+03 -2.0147782331932726e+03 -1.2938786362864043e+03
1.3686133153068714e+07 -6.3710808291780031e+03 -1.9254904844492280e+03 -1.7351015022356498e+03
1.3686134153068714e+07 -6.2661844176247505e+03 -1.8277146516916969e+03 -2.1686755704153966e+03
1.3686135153068714e+07 -6.1336649665101495e+03 -1.7218817572892935e+03 -2.5926895287927546e+03
1.3686136153068714e+07 -5.9741066574709575e+03 -1.6084583413227103e+03 -3.0052742088818277e+03
1.3686137153068714e+07 -5.7882128667530778e+03 -1.4879444049469880e+03 -3.4046108255550662e+03
1.3686138153068714e+07 -5.5768030645466761e+03 -1.3608712062563263e+03 -3.7889389947228642e+03
1.3686139153068714e+07 -5.3408092025316737e+03 -1.2277989183490834e+03 -4.1565644936024137e+03
1.3686140153068714e+07 -5.0812716055905985e+03 -1.0893141599379712e+03 -4.5058667292958235e+03
1.3686141153068714e+07 -4.7993343857729524e+03 -9.4602740937434658e+02 -4.8353058828090789e+03
1.3686142153068714e+07 -4.4962403987375301e+03 -7.9857031349327997e+02 -5.1434296969937941e+03
1.3686143153068714e+07 -4.1733257649147481e+03 -6.4759290314633040e+02 -5.4288798784843257e+03
1.3686144153068714e+07 -3.8320139795231826e+03 -4.9376072768785014e+02 -5.6903980854278179e+03
1.3686145153068714e+07 -3.4738096374178958e+03 -3.3775192105336913e+02 -5.9268314745964226e+03
1.3686146153068714e+07 -3.1002918004308362e+03 -1.8025421236223352e+02 -6.1371377834324685e+03
1.3686147153068714e+07 -2.7131070364388979e+03 -2.1961894221263091e+01 -6.3203899246256351e+03
1.3686148153068714e+07 -2.3139621608469961e+03 1.3642723790522757e+02 -6.4757800729663277e+03
1.3686149153068714e+07 -1.9046167124848307e+03 2.9421496176650845e+02 -6.6026232264589908e+03
1.3686150153068714e+07 -1.4868751970832461e+03 4.5070570627847536e+02 -6.7003602259983709e+03
1.3686151153068714e+07 -1.0625791325219936e+03 6.0520961779041215e+02 -6.7685602202961763e+03
1.3686152153068714e+07 -6.3359893092486243e+02 7.5704560114521814e+02 -6.8069225651909537e+03
1.3686153153068714e+07 -2.0182565337064378e+02 9.0554432213366943e+02 -6.8152781489714725e+03
1.3686154153068714e+07 2.3083732641241588e+02 1.0500511580997340e+03 -6.7935901378680473e+03
1.3686155153068714e+07 6.6248271263712809e+02 1.1899290836960029e+03 -6.7419541384274153e+03
1.3686156153068714e+07 1.0912076953317844e+03 1.3245614790635548e+03 -6.6605977760551068e+03
1.3686157153068714e+07 1.5151223384468453e+03 1.4533548480611100e+03 -6.5498796915818066e+03
1.3686158153068714e+07 1.9323579112014993e+03 1.5757414345559248e+03 -6.4102879602797229e+03
1.3686159153068714e+07 2.3410751259598446e+03 1.6911817252483090e+03 -6.2424379402951836e+03
1.3686160153068714e+07 2.7394722463127896e+03 1.7991668279936157e+03 -6.0470695599827841e+03
1.3686161153068714e+07 3.1257930296125073e+03 1.8992207151348205e+03 -5.8250440561062278e+03
1.3686162153068714e+07 3.4983344689818882e+03 1.9909023219658945e+03 -5.5773401772664611e+03
1.3686163153068714e+07 3.8554543006158015e+03 2.0738074910610471e+03 -5.3050498693228092e+03
1.3686164153068714e+07 4.1955782433401355e+03 2.1475707539142227e+03 -5.0093734617918590e+03
1.3686165153068714e+07 4.5172069384665892e+03 2.2118669420226133e+03 -4.6916143764724584e+03
1.3686166153068714e+07 4.8189225593731608e+03 2.2664126203180135e+03 -4.3531733816100168e+03
1.3686167153068714e+07 5.0993950616712336e+03 2.3109673366262632e+03 -3.9955424169290063e+03
1.3686168153068714e+07 5.3573880464019976e+03 2.3453346816459289e+03 -3.6202980167598971e+03
1.3686169153068714e+07 5.5917642104212691e+03 2.3693631547745263e+03 -3.2290943602467000e+03
1.3686170153068714e+07 5.8014903599439995e+03 2.3829468319648140e+03 -2.8236559792714033e+03
1.3686171153068714e+07 5.9856419651401411e+03 2.3860258326665621e+03 -2.4057701562547018e+03
1.3686172153068714e+07 6.1434072357151481e+03 2.3785865837968599e+03 -1.9772790453291821e+03
1.3686173153068714e+07 6.2740906995041159e+03 2.3606618795741774e+03 -1.5400715516202622e+03
1.3686174153068714e+07 6.3771162683026178e+03 2.3323307369525455e+03 -1.0960750044378599e+03
1.3686175153068714e+07 6.4520297774193168e+03 2.2937180472937134e+03 -6.4724666108937959e+02
1.3686176153068714e+07 6.4985009877590519e+03 2.2449940258118709e+03 -1.9556507875201734e+02
1.3686177153068714e+07 6.5163250416060546e+03 2.1863734612189460e+03 2.5697860754235717e+02
1.3686178153068714e+07 6.5054233656927836e+03 2.1181147688774381e+03 7.0838946237339621e+02
1.3686179153068714e+07 6.4658440175724481e+03 2.0405188516354424e+03 1.1566775441490806e+03
1.3686180153068714e+07 6.3977614737678359e+03 1.9539277733644701e+03 1.5998666773126351e+03
1.3686181153068714e+07 6.3014758606315099e+03 1.8587232510494991e+03 2.0360031638577998e+03
1.3686182153068714e+07 6.1774116313063005e+03 1.7553249720757876e+03 2.4631643957651249e+03
1.3686183153068714e+07 6.0261156946203300e+03 1.6441887441330457e+03 2.8794673303786426e+03
1.3686184153068714e+07 5.8482550041649956e+03 1.5258044858918508e+03 3.2830767913672903e+03
1.3686185153068714e+07 5.6446136181775355e+03 1.4006940673059858e+03 3.6722135586907134e+03
1.3686186153068714e+07 5.4160892432036690e+03 1.2694090090711220e+03 4.0451622118724472e+03
1.3686187153068714e+07 5.1636892767594427e+03 1.1325280513693729e+03 4.4002786920470044e+03
1.3686188153068714e+07 4.8885263664456770e+03 9.9065460262384624e+02 4.7359975494198306e+03
1.3686189153068714e+07 4.5918135051028521e+03 8.4441407951461269e+02 5.0508388441843072e+03
1.3686190153068714e+07 4.2748586835957612e+03 6.9445114996548386e+02 5.3434146705126386e+03
1.3686191153068714e+07 3.9390591248446326e+03 5.4142689127801418e+02 5.6124352748087376e+03
1.3686192153068714e+07 3.5858951244801533e+03 3.8601587592005137e+02 5.8567147412980739e+03
1.3686193153068714e+07 3.2169235252975218e+03 2.2890319782705879e+02 6.0751762198648757e+03
1.3686194153068714e+07 2.8337708542715150e+03 7.0781452322632504e+01 6.2668566730975754e+03
1.3686195153068714e+07 2.4381261523821736e+03 -8.7652317030292835e+01 6.4309111216188567e+03
1.3686196153068714e+07 2.0317335288620502e+03 -2.4569969118708505e+02 6.5666163689830510e+03
1.3686197153068714e+07 1.6163844726907635e+03 -4.0266395444136765e+02 6.6733741897204873e+03
1.3686198153068714e+07 1.1939099552215062e+03 -5.5785316573819955e+02 6.7507139664772985e+03
1.3686199153068714e+07 7.6617235876498478e+02 -7.1058320893682560e+02 6.7982947646221437e+03
1.3686200153068714e+07 3.3505726669983051e+02 -8.6018080858113387e+02 6.8159068351775168e+03
1.3686201153068714e+07 -9.7534848689094829e+01 -1.0059864978797908e+03 6.8034725394483385e+03
1.3686202153068714e+07 -5.2969700400919658e+02 -1.1473575258149065e+03 6.7610466912727816e+03
1.3686203153068714e+07 -9.5952411125913261e+02 -1.2836706905623025e+03 6.6888163153866353e+03
1.3686204153068714e+07 -1.3851213759746536e+03 -1.4143250867343593e+03 6.5870998229658717e+03
1.3686205153068714e+07 -1.8046126499953052e+03 -1.5387447543333251e+03 6.4563456079823682e+03
1.3686206153068714e+07 -2.2161487020345949e+03 -1.6563812177390344e+03 6.2971300705599779e+03
1.3686207153068714e+07 -2.6179153695895457e+03 -1.7667159035369878e+03 6.1101550760463688e+03
1.3686208153068714e+07 -3.0081415562684097e+03 -1.8692624265323891e+03 5.8962448609950470e+03
1.3686209153068714e+07 -3.3851070392481824e+03 -1.9635687338635607e+03 5.6563423997135960e+03
1.3686210153068714e+07 -3.7471500524995904e+03 -2.0492190977776004e+03 5.3915052473666901e+03
1.3686211153068714e+07 -4.0926746122890022e+03 -2.1258359482673241e+03 5.1029008779919895e+03
1.3686212153068714e+07 -4.4201575527081186e+03 -2.1930815375023817e+03 4.7918015379574999e+03
1.3686213153068714e+07 -4.7281552402049056e+03 -2.2506594287136127e+03 4.4595786375508214e+03
1.3686214153068714e+07 -5.0153099375085612e+03 -2.2983158029657575e+03 4.1076967054316210e+03
1.3686215153068714e+07 -5.2803557889020767e+03 -2.3358405780596254e+03 3.7377069325921502e+03
1.3686216153068714e+07 -5.5221244004562386e+03 -2.3630683346309420e+03 3.3512403342864941e+03
1.3686217153068714e+07 -5.7395499906235500e+03 -2.3798790453631773e+03 2.9500005600769514e+03
1.3686218153068714e+07 -5.9316740884934979e+03 -2.3861986041005744e+03 2.5357563836824238e+03
1.3686219153068714e+07 -6.0976497589924847e+03 -2.3819991525276705e+03 2.1103339057400876e+03
1.3686220153068714e+07 -6.2367453363976247e+03 -2.3672992029760221e+03 1.6756085038701151e+03
1.3686221153068714e+07 -6.3483476497202082e+03 -2.3421635568167649e+03 1.2334965654960677e+03
1.3686222153068714e+07 -6.4319647257280494e+03 -2.3067030187984215e+03 7.8594703989215634e+02
1.3686223153068714e+07 -6.4872279576961873e+03 -2.2610739085893747e+03 3.3493284668701904e+02
1.3686224153068714e+07 -6.5138937303244547e+03 -2.2054773716786613e+03 -1.1755782129706533e+02
1.3686225153068714e+07 -6.5118444936598726e+03 -2.1401584926719706e+03 -5.6953026253845940e+02
1.3686226153068714e+07 -6.4810892812885868e+03 -2.0654052148926039e+03 -1.0189920599985697e+03
1.3686227153068714e+07 -6.4217636705133291e+03 -1.9815470710491186e+03 -1.4639618642370340e+03
1.3686228153068714e+07 -6.3341291846925278e+03 -1.8889537305667234e+03 -1.9024781277323273e+03
1.3686229153068714e+07 -6.2185721403747029e+03 -1.7880333699840344e+03 -2.3326077519170144e+03
1.3686230153068714e+07 -6.0756019443100686e+03 -1.6792308736000512e+03 -2.7524546088008328e+03
1.3686231153068714e+07 -5.9058488478501795e+03 -1.5630258723054831e+03 -3.1601678996098822e+03
1.3686232153068714e+07 -5.7100611686280808e+03 -1.4399306292386925e+03 -3.5539503136143808e+03
1.3686233153068714e+07 -5.4891019917744507e+03 -1.3104877815927046e+03 -3.9320659511564791e+03
1.3686234153068714e+07 -5.2439453652008988e+03 -1.1752679485211879e+03 -4.2928479759734546e+03
1.3686235153068714e+07 -4.9756720057425891e+03 -1.0348672156998512e+03 -4.6347059630501926e+03
1.3686236153068714e+07 -4.6854645350550181e+03 -8.8990450761325269e+02 -4.9561329096604159e+03
1.3686237153068714e+07 -4.3746022663107560e+03 -7.4101885917480547e+02 -5.2557118786273022e+03
1.3686238153068714e+07 -4.0444555646299227e+03 -5.8886659868222830e+02 -5.5321222445801050e+03
1.3686239153068714e+07 -3.6964798061497586e+03 -4.3411845454936878e+02 -5.7841455156196935e+03
1.3686240153068714e+07 -3.3322089623278339e+03 -2.7745659855124956e+02 -6.0106707047670106e+03
1.3686241153068714e+07 -2.9532488377836221e+03 -1.1957163862735800e+02 -6.2106992274936110e+03
1.3686242153068714e+07 -2.5612699914760010e+03 3.8840425505785433e+01 -6.3833493037549042e+03
1.3686243153068714e+07 -2.1580003724282801e+03 1.9708127050951515e+02 -6.5278598451161033e+03
1.3686244153068714e+07 -1.7452177024616653e+03 3.5445332782139224e+02 -6.6435938098377219e+03
1.3686245153068714e+07 -1.3247416395152870e+03 5.1026285872687066e+02 -6.7300410111300134e+03
1.3686246153068714e+07 -8.9842575610106496e+02 6.6382301254768606e+02 -6.7868203661959597e+03
1.3686247153068714e+07 -4.6814936825549898e+02 8.1445685446537482e+02 -6.8136815761488224e+03
1.3686248153068714e+07 -3.5809251002683169e+01 9.6150034963456460e+02 -6.8105062293993833e+03
1.3686249153068714e+07 3.9668872314203236e+02 1.1043052904280337e+03 -6.7773083236476386e+03
1.3686250153068714e+07 8.2743798577599671e+02 1.2422421539123236e+03 -6.7142342041788370e+03
1.3686251153068714e+07 1.2545396772793736e+03 1.3747028769556603e+03 -6.6215619187356233e+03
1.3686252153068714e+07 1.6761110175061210e+03 1.5011035367362333e+03 -6.4996999918090933e+03
1.3686253153068714e+07 2.0902936055874966e+03 1.6208869248319422e+03 -6.3491856237539105e+03
1.3686254153068714e+07 2.4952616122696477e+03 1.7335250035472407e+03 -6.1706823226643546e+03
1.3686255153068714e+07 2.8892298286608911e+03 1.8385212336458653e+03 -5.9649769794539798e+03
1.3686256153068714e+07 3.2704615359291029e+03 1.9354127632340098e+03 -5.7329763990222527e+03
1.3686257153068714e+07 3.6372761612136965e+03 2.0237724681331142e+03 -5.4757033028227597e+03
1.3686258153068714e+07 3.9880566860633635e+03 2.1032108347636613e+03 -5.1942918204216367e+03
1.3686259153068714e+07 4.3212567746865880e+03 2.1733776772254155e+03 -4.8899824899508594e+03
1.3686260153068714e+07 4.6354075906205881e+03 2.2339636810124225e+03 -4.5641167894804366e+03
1.3686261153068714e+07 4.9291242717625955e+03 2.2847017665559060e+03 -4.2181312234196221e+03
1.3686262153068714e+07 5.2011120352197604e+03 2.3253682665841156e+03 -3.8535509900154543e+03
1.3686263153068714e+07 5.4501718850656007e+03 2.3557839121089178e+03 -3.4719832578638934e+03
1.3686264153068714e+07 5.6752058978413843e+03 2.3758146226925332e+03 -3.0751100810725575e+03
1.3686265153068714e+07 5.8752220624999645e+03 2.3853720975105230e+03 -2.6646809843116848e+03
1.3686266153068714e+07 6.0493386534593346e+03 2.3844142046063062e+03 -2.2425052504390555e+03
1.3686267153068714e+07 6.1967881174950780e+03 2.3729451666205941e+03 -1.8104439446763026e+03
1.3686268153068714e+07 6.3169204573188599e+03 2.3510155421769491e+03 -1.3704017105396267e+03
1.3686269153068714e+07 6.4092060969461181e+03 2.3187220030058297e+03 -9.2431837364778619e+02
1.3686270153068714e+07 6.4732382162112008e+03 2.2762069077893229e+03 -4.7416039044288874e+02
1.3686271153068714e+07 6.5087345441411599e+03 2.2236576746056248e+03 -2.1912179517774383e+01
1.3686272153068714e+07 6.5155386032834449e+03 2.1613059547389962e+03 4.3043262624323881e+02
1.3686273153068714e+07 6.4936203995009764e+03 2.0894266114980528e+03 8.8087996813905659e+02
1.3686274153068714e+07 6.4430765541944611e+03 2.0083365085433265e+03 1.3274441520063892e+03
1.3686275153068714e+07 6.3641298783690681e+03 1.9183931130664721e+03 1.7681566016971174e+03
1.3686276153068714e+07 6.2571283904222946e+03 1.8199929199769281e+03 2.2010745371009925e+03
1.3686277153068714e+07 6.1225437819843983e+03 1.7135697040450264e+03 2.6242895384456497e+03
1.3686278153068714e+07 5.9609693385709643e+03 1.5995926077031577e+03 3.0359359591358721e+03
1.3686279153068714e+07 5.7731173242231844e+03 1.4785640729415688e+03 3.4341991500185618e+03
1.3686280153068714e+07 5.5598158416461665e+03 1.3510176264021418e+03 3.8173234588673913e+03
1.3686281153068714e+07 5.3220051817155190e+03 1.2175155274535693e+03 4.1836199697556513e+03
1.3686282153068714e+07 5.0607336784101180e+03 1.0786462895936768e+03 4.5314739482729628e+03
1.3686283153068714e+07 4.7771530874750260e+03 9.3502208612474010e+02 4.8593519597036729e+03
1.3686284153068714e+07 4.4725135091685024e+03 7.8727605152686760e+02 5.1658086288245686e+03
1.3686285153068714e+07 4.1481578774769168e+03 6.3605949042770305e+02 5.4494930115136294e+03
1.3686286153068714e+07 3.8055160400964037e+03 4.8203900647475041e+02 5.7091545500771063e+03
1.3686287153068714e+07 3.4460984552768041e+03 3.2589356376609607e+02 5.9436485860451439e+03
1.3686288153068714e+07 3.0714895333094191e+03 1.6831149379152379e+02 6.1519414061374864e+03
1.3686289153068714e+07 2.6833406520141602e+03 9.9874610797648042e+00 6.3331147991518374e+03
1.3686290153068714e+07 2.2833628770183618e+03 -1.4838059907083874e+02 6.4863701036859866e+03
1.3686291153068714e+07 1.8733194189136677e+03 -3.0609455728092661e+02 6.6110317288532306e+03
1.3686292153068714e+07 1.4550178605451651e+03 -4.6245916763372003e+02 6.7065501324690231e+03
1.3686293153068714e+07 1.0303021886921226e+03 -6.1678513250878166e+02 6.7725042435811756e+03
1.3686294153068714e+07 6.0104466527876241e+02 -7.6839214119094811e+02 6.8086033186623554e+03
1.3686295153068714e+07 1.6913757392865682e+02 -9.1661186886687483e+02 6.8146882232858961e+03
1.3686296153068714e+07 -2.6351512172922321e+02 -1.0607909227798882e+03 6.7907321336312962e+03
1.3686297153068714e+07 -6.9500617125273254e+02 -1.2002937225636840e+03 6.7368406547294617e+03
1.3686298153068714e+07 -1.1234334450610963e+03 -1.3345053020518592e+03 6.6532513549257956e+03
1.3686299153068714e+07 -1.5469083195403223e+03 -1.4628340202160778e+03 6.5403327186125143e+03
1.3686300153068714e+07 -1.9635640026050519e+03 -1.5847141692789482e+03 6.3985825218486652e+03
1.3686301153068714e+07 -2.3715637630256651e+03 -1.6996084685075332e+03 6.2286256380265386e+03
1.3686302153068714e+07 -2.7691090272399993e+03 -1.8070104326928886e+03 6.0312112832572366e+03
1.3686303153068714e+07 -3.1544473079425070e+03 -1.9064466048710487e+03 5.8072097136265993e+03
1.3686304153068714e+07 -3.5258799295374206e+03 -1.9974786434531670e+03 5.5576083888614112e+03
1.3686305153068714e+07 -3.8817695163440158e+03 -2.0797052545494225e+03 5.2835076193479008e+03
1.3686306153068714e+07 -4.2205472106037896e+03 -2.1527639609839398e+03 4.9861157156569607e+03
1.3686307153068714e+07 -4.5407195884257053e+03 -2.2163327001908924e+03 4.6667436619848095e+03
1.3686308153068714e+07 -4.8408752432010897e+03 -2.2701312439528633e+03 4.3267993369799860e+03
1.3686309153068714e+07 -5.1196910074663001e+03 -2.3139224337225423e+03 3.9677813074315013e+03
1.3686310153068714e+07 -5.3759377857813752e+03 -2.3475132260813184e+03 3.5912722221814947e+03
1.3686311153068714e+07 -5.6084859729148757e+03 -2.3707555437267379e+03 3.1989318353807562e+03
1.3686312153068714e+07 -5.8163104334520540e+03 -2.3835469282373156e+03 2.7924896898369425e+03
1.3686313153068714e+07 -5.9984950208645914e+03 -2.3858309917361548e+03 2.3737374927270193e+03
1.3686314153068714e+07 -6.1542366161320788e+03 -2.3775976654640040e+03 1.9445212172682068e+03
1.3686315153068714e+07 -6.2828486681091154e+03 -2.3588832441648933e+03 1.5067329651645600e+03
1.3686316153068714e+07 -6.3837642200276987e+03 -2.3297702260887490e+03 1.0623026257103459e+03
1.3686317153068714e+07 -6.4565384087945313e+03 -2.2903869493169100e+03 6.1318936832036638e+02
1.3686318153068714e+07 -6.5008504260688451e+03 -2.2409070260126955e+03 1.6137300597570598e+02
1.3686319153068714e+07 -6.5165049324712854e+03 -2.1815485770923201e+03 -2.9115473232281386e+02
1.3686320153068714e+07 -6.5034329186930490e+03 -2.1125732706886065e+03 -7.4239898163759983e+02
1.3686321153068714e+07 -6.4616920097075936e+03 -2.0342851686472638e+03 -1.1903705349972711e+03
1.3686322153068714e+07 -6.3914662107443201e+03 -1.9470293861400330e+03 -1.6330946123593278e+03
1.3686323153068714e+07 -6.2930650961437286e+03 -1.8511905703035366e+03 -2.0686195659755622e+03
1.3686324153068714e+07 -6.1669224446703356e+03 -1.7471912046108753e+03 -2.4950254837825432e+03
1.3686325153068714e+07 -6.0135943273001749e+03 -1.6354897464511664e+03 -2.9104326528904230e+03
1.3686326153068714e+07 -5.8337566559065945e+03 -1.5165786061230058e+03 -3.3130098458753255e+03
1.3686327153068714e+07 -5.6282022036640083e+03 -1.3909819761606984e+03 -3.7009823933116350e+03
1.3686328153068714e+07 -5.3978371102821993e+03 -1.2592535205469678e+03 -4.0726400070115428e+03
1.3686329153068714e+07 -5.1436768875075732e+03 -1.1219739340182673e+03 -4.4263443194210149e+03
1.3686330153068714e+07 -4.8668419424633266e+03 -9.7974838219964511e+02 -4.7605361060043851e+03
1.3686331153068714e+07 -4.5685526386002257e+03 -8.3320383387545644e+02 -5.0737421587166764e+03
1.3686332153068714e+07 -4.2501239159995821e+03 -6.8298629713854348e+02 -5.3645817803114005e+03
1.3686333153068714e+07 -3.9129594947670844e+03 -5.2975797161425317e+02 -5.6317728708233481e+03
1.3686334153068714e+07 -3.5585456870505122e+03 -3.7419432930303873e+02 -5.8741375794179176e+03
1.3686335153068714e+07 -3.1884448449772931e+03 -2.1698113691859427e+02 -6.0906074966746883e+03
1.3686336153068714e+07 -2.8042884733814731e+03 -5.8811432841474840e+01 -6.2802283644282488e+03
1.3686337153068714e+07 -2.4077700376922598e+03 9.9617527980452536e+01 -6.4421642823962120e+03
1.3686338153068714e+07 -2.0006374986769374e+03 2.5760734772205382e+02 -6.5757013930570492e+03
1.3686339153068714e+07 -1.5846856069596299e+03 4.1446156440665101e+02 -6.6802510285278331e+03
1.3686340153068714e+07 -1.1617479912718863e+03 5.6948872210026741e+02 -6.7553523055740943e+03
1.3686341153068714e+07 -7.3368907532261142e+02 7.2200541903612179e+02 -6.8006741573089766e+03
1.3686342153068714e+07 -3.0239585891190740e+02 8.7133932023548277e+02 -6.8160167926275908e+03
1.3686343153068714e+07 1.3023040047486248e+02 1.0168321213424847e+03 -6.8013125769418739e+03
1.3686344153068714e+07 5.6228256892628440e+02 1.1578424506086767e+03 -6.7566263303336864e+03
1.3686345153068714e+07 9.9185604326784971e+02 1.2937486962336889e+03 -6.6821550418120287e+03
1.3686346153068714e+07 1.4170571470690554e+03 1.4239517465988151e+03 -6.5782270009338681e+03
1.3686347153068714e+07 1.8360114784861453e+03 1.5478776313147946e+03 -6.4453003506154901e+03
1.3686348153068714e+07 2.2468721731316991e+03 1.6649800514385074e+03 -6.2839610675161139e+03
1.3686349153068714e+07 2.6478280455535969e+03 1.7747427877071311e+03 -6.0949203788959912e+03
1.3686350153068714e+07 3.0371115734378432e+03 1.8766819761745789e+03 -5.8790116273325602e+03
1.3686351153068714e+07 3.4130066893208832e+03 1.9703482412137764e+03 -5.6371865971246743e+03
1.3686352153068714e+07 3.7738563454900886e+03 2.0553286764889767e+03 -5.3705113185648870e+03
1.3686353153068714e+07 4.1180698186905793e+03 2.1312486651569093e+03 -5.0801613685963084e+03
1.3686354153068714e+07 4.4441297224734490e+03 2.1977735312818227e+03 -4.7674166885466202e+03
1.3686355153068714e+07 4.7505986962477182e+03 2.2546100151780902e+03 -4.4336559417995031e+03
1.3686356153068714e+07 5.0361257415558275e+03 2.3015075661786555e+03 -4.0803504362735971e+03
1.3686357153068714e+07 5.2994521776430111e+03 2.3382594471308721e+03 -3.7090576384977599e+03
1.3686358153068714e+07 5.5394171900650763e+03 2.3647036457503959e+03 -3.3214143078754942e+03
1.3686359153068714e+07 5.7549629478722991e+03 2.3807235888155628e+03 -2.9191292814099661e+03
1.3686360153068714e+07 5.9451392668229901e+03 2.3862486560547081e+03 -2.5039759406749104e+03
1.3686361153068714e+07 6.1091077980482005e+03 2.3812544914591649e+03 -2.0777843942777990e+03
1.3686362153068714e+07 6.2461457237259183e+03 2.3657631106516515e+03 -1.6424334102361984e+03
1.3686363153068714e+07 6.3556489434567293e+03 2.3398428038356460e+03 -1.1998421338635042e+03
1.3686364153068714e+07 6.4371347373049530e+03 2.3036078347536231e+03 -7.5196162764918529e+02
1.3686365153068714e+07 6.4902438937588231e+03 2.2572179369815176e+03 -3.0076627044690275e+02
1.3686366153068714e+07 6.5147422932328309e+03 2.2008776097798382e+03 1.5175494612405075e+02
1.3686367153068714e+07 6.5105219401307431e+03 2.1348352166052118e+03 6.0360718569596474e+02
1.3686368153068714e+07 6.4776014389196898e+03 2.0593818902568787e+03 1.0527985609331286e+03
1.3686369153068714e+07 6.4161259121162893e+03 1.9748502494836439e+03 1.4973489143156116e+03
1.3686370153068714e+07 6.3263663605474112e+03 1.8816129327107003e+03 1.9352985472076946e+03
1.3686371153068714e+07 6.2087184687042445e+03 1.7800809553473489e+03 2.3647168587463671e+03
1.3686372153068714e+07 6.0637008604561079e+03 1.6707018979186191e+03 2.7837108564564833e+03
1.3686373153068714e+07 5.8919528128170386e+03 1.5539579330100883e+03 3.1904335010698619e+03
1.3686374153068714e+07 5.6942314378358951e+03 1.4303636997180170e+03 3.5830918487834610e+03
1.3686375153068714e+07 5.4714083450428461e+03 1.3004640349819620e+03 3.9599549550368165e+03
1.3686376153068714e+07 5.2244657991513577e+03 1.1648315717920045e+03 4.3193615049952550e+03
1.3686377153068714e+07 4.9544923899767318e+03 1.0240642148718332e+03 4.6597271370626304e+03
1.3686378153068714e+07 4.6626782336238639e+03 8.7878250494564134e+02 4.9795514271941056e+03
1.3686379153068714e+07 4.3503097261429302e+03 7.2962688323195368e+02 5.2774245031573128e+03
1.3686380153068714e+07 4.0187638727341787e+03 5.7725486819897583e+02 5.5520332596440048e+03
1.3686381153068714e+07 3.6695022175427598e+03 4.2233815704862945e+02 5.8021671467852675e+03
1.3686382153068714e+07 3.3040644007688616e+03 2.6555966469009860e+02 6.0267235065882905e+03
1.3686383153068714e+07 2.9240613715175487e+03 1.0761051326657905e+02 6.2247124337490513e+03
1.3686384153068714e+07 2.5311682862945609e+03 -5.0813014499904618e+01 6.3952611394240257e+03
1.3686385153068714e+07 2.1271171244618886e+03 -2.0901254471139782e+02 6.5376177987183200e+03
1.3686386153068714e+07 1.7136890532021725e+03 -3.6629069091570886e+02 6.6511548649327178e+03
1.3686387153068714e+07 1.2927065756498553e+03 -5.2195412837515607e+02 6.7353718359586210e+03
1.3686388153068714e+07 8.6602549679908032e+02 -6.7531665043128919e+02 6.7898974606262100e+03
1.3686389153068714e+07 4.3552674261688765e+02 -8.2570219348791636e+02 6.8144913752778448e+03
1.3686390153068714e+07 3.1080684053403864e+00 -9.7244781728477062e+02 6.8090451633555776e+03
1.3686391153068714e+07 -4.2932430701606756e+02 -1.1149066273168321e+03 6.7735828333286554e+03
1.3686392153068714e+07 -8.5986410444000296e+02 -1.2524506265205714e+03 6.7082607128562995e+03
1.3686393153068714e+07 -1.2866133876680890e+03 -1.3844734836554578e+03 6.6133667596514342e+03
1.3686394153068714e+07 -1.7076909301273417e+03 -1.5103932061759290e+03 6.4893192920834517e+03
1.3686395153068714e+07 -2.1212405078260813e+03 -1.6296547058118656e+03 6.3366651451162834e+03
1.3686396153068714e+07 -2.5254390820952417e+03 -1.7417322455487176e+03 6.1560772597089581e+03
1.3686397153068714e+07 -2.9185048360327487e+03 -1.8461317572173193e+03 5.9483517163093647e+03
1.3686398153068714e+07 -3.2987050292348545e+03 -1.9423930194799814e+03 5.7144042255149361e+03
1.3686399153068714e+07 -3.6643636361871609e+03 -2.0300916866111411e+03 5.4552660913699274e+03
1.3686400153068714e+07 -4.0138687346393131e+03 -2.1088411591279782e+03 5.1720796650952470e+03
1.3686401153068714e+07 -4.3456796113894488e+03 -2.1782942880241435e+03 4.8660933092973000e+03
1.3686402153068714e+07 -4.6583335541664710e+03 -2.2381449050967831e+03 4.5386558948459724e+03
1.3686403153068714e+07 -4.9504522996628930e+03 -2.2881291726188679e+03 4.1912108546838717e+03
1.3686404153068714e+07 -5.2207481092908984e+03 -2.3280267464067124e+03 3.8252898207830494e+03
1.3686405153068714e+07 -5.4680294458819972e+03 -2.3576617471564196e+03 3.4425058722955805e+03
1.3686406153068714e+07 -5.6912062263042453e+03 -2.3769035357670082e+03 3.0445464246636420e+03
1.3686407153068714e+07 -5.8892946268399064e+03 -2.3856672892325382e+03 2.6331657910418890e+03
1.3686408153068714e+07 -6.0614214201535642e+03 -2.3839143745651045e+03 2.2101774487954285e+03
1.3686409153068714e+07 -6.2068278247057433e+03 -2.3716525190988568e+03 1.7774460452172589e+03
1.3686410153068714e+07 -6.3248728496728218e+03 -2.3489357764257002e+03 1.3368791776443461e+03
1.3686411153068714e+07 -6.4150361206040216e+03 -2.3158642881123210e+03 8.9041898426111493e+02
1.3686412153068714e+07 -6.4769201733734317e+03 -2.2725838422491015e+03 4.4003358262759849e+02
1.3686413153068714e+07 -6.5102522063097003e+03 -2.2192852307763160e+03 -1.2291606319191690e+01
1.3686414153068714e+07 -6.5148852827786532e+03 -2.1562034084219167e+03 -4.6456261053365614e+02
1.3686415153068714e+07 -6.4907989789200255e+03 -2.0836164569574530e+03 -9.1478569683107673e+02
1.3686416153068714e+07 -6.4380994736815428e+03 -2.0018443593385032e+03 -1.3609761598025300e+03
1.3686417153068714e+07 -6.3570190807533118e+03 -1.9112475891330309e+03 -1.8011670709345055e+03
1.3686418153068714e+07 -6.2479152244664565e+03 -1.8122255214566339e+03 -2.2334179493606812e+03
1.3686419153068714e+07 -6.1112688641708401e+03 -1.7052146724194654e+03 -2.6558233160253030e+03
1.3686420153068714e+07 -5.9476823740362897e+03 -1.5906867748449113e+03 -3.0665210935522200e+03
1.3686421153068714e+07 -5.7578768876236172e+03 -1.4691466987431090e+03 -3.4637008147881588e+03
1.3686422153068714e+07 -5.5426891189358921e+03 -1.3411302257092548e+03 -3.8456116038258447e+03
1.3686423153068714e+07 -5.3030676739560649e+03 -1.2072016870524640e+03 -4.2105698943434600e+03
1.3686424153068714e+07 -5.0400688689326671e+03 -1.0679514760692919e+03 -4.5569668512242833e+03
1.3686425153068714e+07 -4.7548520738614588e+03 -9.2399344543514997e+02 -4.8832754627261520e+03
1.3686426153068714e+07 -4.4486746016567849e+03 -7.7596220116910774e+02 -5.1880572719792954e+03
1.3686427153068714e+07 -4.1228861655896990e+03 -6.2451030512555087e+02 -5.4699687180791325e+03
1.3686428153068714e+07 -3.7789229293775738e+03 -4.7030539832020258e+02 -5.7277670588778592e+03
1.3686429153068714e+07 -3.4183011761907892e+03 -3.1402725779006056e+02 -5.9603158493246319e+03
1.3686430153068714e+07 -3.0426106244661210e+03 -1.5636479995194341e+02 -6.1665899512249480e+03
1.3686431153068714e+07 -2.6535074199972082e+03 1.9869563279347737e+00 -6.3456800523291095e+03
1.3686432153068714e+07 -2.2527068351960688e+03 1.6032995356526663e+02 -6.4967966748279568e+03
1.3686433153068714e+07 -1.8419757077090951e+03 3.1796617288380486e+02 -6.6192736555859892e+03
1.3686434153068714e+07 -1.4231246517172426e+03 4.7420071107224146e+02 -6.7125710827710091e+03
1.3686435153068714e+07 -9.9800007625936553e+02 6.2834484390559123e+02 -6.7762776759329117e+03
1.3686436153068714e+07 -5.6847604575958258e+02 7.7971906222889402e+02 -6.8101125990411892e+03
1.3686437153068714e+07 -1.3644601864548275e+02 9.2765606741719887e+02 -6.8139266984875458e+03
1.3686438153068714e+07 2.9618549953270394e+02 1.0715037130100004e+03 -6.7877031605971906e+03
1.3686439153068714e+07 7.2751135167610732e+02 1.2106278795489002e+03 -6.7315575857495669e+03
1.3686440153068714e+07 1.1556301364060466e+03 1.3444152699494362e+03 -6.6457374787820663e+03
1.3686441153068714e+07 1.5786545899539090e+03 1.4722761130802053e+03 -6.5306211579236324e+03
1.3686442153068714e+07 1.9947199057369303e+03 1.5936467636358111e+03 -6.3867160870658081e+03
1.3686443153068714e+07 2.4019919549279275e+03 1.7079921868374006e+03 -6.2146566387266366e+03
1.3686444153068714e+07 2.7986753717943411e+03 1.8148083170118728e+03 -6.0152012975659900e+03
1.3686445153068714e+07 3.1830214681640696e+03 1.9136242796520953e+03 -5.7892293167774606e+03
1.3686446153068714e+07 3.5533359421075315e+03 2.0040044671570899e+03 -5.5377368421084766e+03
1.3686447153068714e+07 3.9079863468905569e+03 2.0855504591115150e+03 -5.2618325205759038e+03
1.3686448153068714e+07 4.2454092872425426e+03 2.1579027786310198e+03 -4.9627326132495846e+03
1.3686449153068714e+07 4.5641173112251181e+03 2.2207424770336684e+03 -4.6417556336464695e+03
1.3686450153068714e+07 4.8627054673266630e+03 2.2737925398531502e+03 -4.3003165353648201e+03
1.3686451153068714e+07 5.1398574978707938e+03 2.3168191079941789e+03 -3.9399204745856669e+03
1.3686452153068714e+07 5.3943516414399173e+03 2.3496325086475217e+03 -3.5621561749346120e+03
1.3686453153068714e+07 5.6250660187331378e+03 2.3720880914196487e+03 -3.1686889239551542e+03
1.3686454153068714e+07 5.8309835781150850e+03 2.3840868659910316e+03 -2.7612532320690566e+03
1.3686455153068714e+07 6.0111965790527956e+03 2.3855759384926055e+03 -2.3416451863920774e+03
1.3686456153068714e+07 6.1649105936915839e+03 2.3765487446769002e+03 -1.9117145330766903e+03
1.3686457153068714e+07 6.2914480089020080e+03 2.3570450788550452e+03 -1.4733565231449550e+03
1.3686458153068714e+07 6.3902510133876185e+03 2.3271509184728475e+03 -1.0285035576967207e+03
1.3686459153068714e+07 6.4608840566681502e+03 2.2869980450988410e+03 -5.7911666936182962e+02
1.3686460153068714e+07 6.5030357691043891e+03 2.2367634634955571e+03 -1.2717687753702847e+02
1.3686461153068714e+07 6.5165203345008622e+03 2.1766686213342614e+03 3.2532354448872877e+02
1.3686462153068714e+07 6.5012783092339960e+03 2.1069784329935064e+03 7.7638985201558137e+02
1.3686463153068714e+07 6.4573768842960808e+03 2.0280001117445922e+03 1.2240336223099830e+03
1.3686464153068714e+07 6.3850095890985749e+03 1.9400818154713554e+03 1.6662815201155772e+03
1.3686465153068714e+07 6.2844954383422328e+03 1.8436111118963213e+03 2.1011839966471093e+03
1.3686466153068714e+07 6.1562775257123149e+03 1.7390132700755842e+03 2.5268238837371018e+03
1.3686467153068714e+07 6.0009210706008216e+03 1.6267493856973874e+03 2.9413248452321791e+03
1.3686468153068714e+07 5.8191109264674014e+03 1.5073143484482202e+03 3.3428596483881593e+03
1.3686469153068714e+07 5.6116485618132701e+03 1.3812346604007678e+03 3.7296582188211696e+03
1.3686470153068714e+07 5.3794485270957339e+03 1.2490661150536259e+03 4.1000154434621418e+03
1.3686471153068714e+07 5.1235344231365298e+03 1.1113913472396164e+03 4.4522986871676512e+03
1.3686472153068714e+07 4.8450343888084981e+03 9.6881726471213983e+02 4.7849549898195792e+03
1.3686473153068714e+07 4.5451761279000839e+03 8.2197237273475434e+02 5.0965179121853917e+03
1.3686474153068714e+07 4.2252814970509780e+03 6.7150400345311493e+02 5.3856140003935325e+03
1.3686475153068714e+07 3.8867606786577994e+03 5.1807546228367937e+02 5.6509688404797289e+03
1.3686476153068714e+07 3.5311059644015645e+03 3.6236310388078869e+02 5.8914126763541190e+03
1.3686477153068714e+07 3.1598851768189852e+03 2.0505335058120696e+02 6.1058855664029415e+03
1.3686478153068714e+07 2.7747347579174884e+03 4.6839666469370194e+01 6.2934420559958335e+03
1.3686479153068714e+07 2.3773525552894462e+03 -1.1158049960250520e+02 6.4532553453078463e+03
1.3686480153068714e+07 1.9694903375419474e+03 -2.6950878855686233e+02 6.5846209340743435e+03
