1.3685041153068714e+07 4.3847253468140505e+07 -1.2883809959568772e+08 -5.5849320589737706e+07
1.3685042153068714e+07 4.3848988354989007e+07 -1.2883760521660726e+08 -5.5849106367324919e+07
1.3685043153068714e+07 4.3850723235372715e+07 -1.2883711081821762e+08 -5.5848892136540510e+07
1.3685044153068714e+07 4.3852458109291382e+07 -1.2883661640051885e+08 -5.5848677897384532e+07
1.3685045153068714e+07 4.3854192976744734e+07 -1.2883612196351106e+08 -5.5848463649857000e+07
1.3685046153068714e+07 4.3855927837732531e+07 -1.2883562750719427e+08 -5.5848249393957913e+07
1.3685047153068714e+07 4.3857662692254491e+07 -1.2883513303156856e+08 -5.5848035129687317e+07
1.3685048153068714e+07 4.3859397540310375e+07 -1.2883463853663395e+08 -5.5847820857045241e+07
1.3685049153068714e+07 4.3861132381899923e+07 -1.2883414402239054e+08 -5.5847606576031700e+07
1.3685050153068714e+07 4.3862867217022873e+07 -1.2883364948883840e+08 -5.5847392286646709e+07
1.3685051153068714e+07 4.3864602045678966e+07 -1.2883315493597753e+08 -5.5847177988890305e+07
1.3685052153068714e+07 4.3866336867867947e+07 -1.2883266036380804e+08 -5.5846963682762504e+07
1.3685053153068714e+07 4.3868071683589555e+07 -1.2883216577232996e+08 -5.5846749368263327e+07
1.3685054153068714e+07 4.3869806492843524e+07 -1.2883167116154337e+08 -5.5846535045392811e+07
1.3685055153068714e+07 4.3871541295629621e+07 -1.2883117653144830e+08 -5.5846320714150965e+07
1.3685056153068714e+07 4.3873276091947556e+07 -1.2883068188204484e+08 -5.5846106374537826e+07
1.3685057153068714e+07 4.3875010881797090e+07 -1.2883018721333303e+08 -5.5845892026553400e+07
1.3685058153068714e+07 4.3876745665177956e+07 -1.2882969252531295e+08 -5.5845677670197733e+07
1.3685059153068714e+07 4.3878480442089908e+07 -1.2882919781798461e+08 -5.5845463305470832e+07
1.3685060153068714e+07 4.3880215212532669e+07 -1.2882870309134814e+08 -5.5845248932372719e+07
1.3685061153068714e+07 4.3881949976506002e+07 -1.2882820834540355e+08 -5.5845034550903440e+07
1.3685062153068714e+07 4.3883684734009638e+07 -1.2882771358015090e+08 -5.5844820161062986e+07
1.3685063153068714e+07 4.3885419485043302e+07 -1.2882721879559027e+08 -5.5844605762851410e+07
1.3685064153068714e+07 4.3887154229606770e+07 -1.2882672399172170e+08 -5.5844391356268726e+07
1.3685065153068714e+07 4.3888888967699759e+07 -1.2882622916854526e+08 -5.5844176941314943e+07
1.3685066153068714e+07 4.3890623699322030e+07 -1.2882573432606101e+08 -5.5843962517990112e+07
1.3685067153068714e+07 4.3892358424473301e+07 -1.2882523946426900e+08 -5.5843748086294241e+07
1.3685068153068714e+07 4.3894093143153317e+07 -1.2882474458316930e+08 -5.5843533646227337e+07
1.3685069153068714e+07 4.3895827855361842e+07 -1.2882424968276194e+08 -5.5843319197789460e+07
1.3685070153068714e+07 4.3897562561098605e+07 -1.2882375476304701e+08 -5.5843104740980595e+07
1.3685071153068714e+07 4.3899297260363340e+07 -1.2882325982402457e+08 -5.5842890275800794e+07
1.3685072153068714e+07 4.3901031953155793e+07 -1.2882276486569466e+08 -5.5842675802250080e+07
1.3685073153068714e+07 4.3902766639475711e+07 -1.2882226988805735e+08 -5.5842461320328467e+07
1.3685074153068714e+07 4.3904501319322832e+07 -1.2882177489111269e+08 -5.5842246830035970e+07
1.3685075153068714e+07 4.3906235992696911e+07 -1.2882127987486076e+08 -5.5842032331372634e+07
1.3685076153068714e+07 4.3907970659597665e+07 -1.2882078483930159e+08 -5.5841817824338473e+07
1.3685077153068714e+07 4.3909705320024848e+07 -1.2882028978443526e+08 -5.5841603308933504e+07
1.3685078153068714e+07 4.3911439973978207e+07 -1.2881979471026181e+08 -5.5841388785157755e+07
1.3685079153068714e+07 4.3913174621457472e+07 -1.2881929961678131e+08 -5.5841174253011256e+07
1.3685080153068714e+07 4.3914909262462392e+07 -1.2881880450399382e+08 -5.5840959712494023e+07
1.3685081153068714e+07 4.3916643896992706e+07 -1.2881830937189941e+08 -5.5840745163606092e+07
1.3685082153068714e+07 4.3918378525048159e+07 -1.2881781422049813e+08 -5.5840530606347464e+07
1.3685083153068714e+07 4.3920113146628492e+07 -1.2881731904979002e+08 -5.5840316040718183e+07
1.3685084153068714e+07 4.3921847761733443e+07 -1.2881682385977516e+08 -5.5840101466718271e+07
1.3685085153068714e+07 4.3923582370362751e+07 -1.2881632865045360e+08 -5.5839886884347737e+07
1.3685086153068714e+07 4.3925316972516179e+07 -1.2881583342182539e+08 -5.5839672293606617e+07
1.3685087153068714e+07 4.3927051568193443e+07 -1.2881533817389062e+08 -5.5839457694494933e+07
1.3685088153068714e+07 4.3928786157394290e+07 -1.2881484290664934e+08 -5.5839243087012708e+07
1.3685089153068714e+07 4.3930520740118474e+07 -1.2881434762010156e+08 -5.5839028471159972e+07
1.3685090153068714e+07 4.3932255316365726e+07 -1.2881385231424740e+08 -5.5838813846936725e+07
1.3685091153068714e+07 4.3933989886135787e+07 -1.2881335698908691e+08 -5.5838599214343026e+07
1.3685092153068714e+07 4.3935724449428409e+07 -1.2881286164462014e+08 -5.5838384573378876e+07
1.3685093153068714e+07 4.3937459006243318e+07 -1.2881236628084712e+08 -5.5838169924044296e+07
1.3685094153068714e+07 4.3939193556580275e+07 -1.2881187089776795e+08 -5.5837955266339332e+07
1.3685095153068714e+07 4.3940928100439005e+07 -1.2881137549538264e+08 -5.5837740600263976e+07
1.3685096153068714e+07 4.3942662637819253e+07 -1.2881088007369131e+08 -5.5837525925818279e+07
1.3685097153068714e+07 4.3944397168720767e+07 -1.2881038463269399e+08 -5.5837311243002258e+07
1.3685098153068714e+07 4.3946131693143286e+07 -1.2880988917239073e+08 -5.5837096551815927e+07
1.3685099153068714e+07 4.3947866211086549e+07 -1.2880939369278160e+08 -5.5836881852259316e+07
1.3685100153068714e+07 4.3949600722550295e+07 -1.2880889819386667e+08 -5.5836667144332446e+07
1.3685101153068714e+07 4.3951335227534272e+07 -1.2880840267564596e+08 -5.5836452428035349e+07
1.3685102153068714e+07 4.3953069726038225e+07 -1.2880790713811956e+08 -5.5836237703368053e+07
1.3685103153068714e+07 4.3954804218061887e+07 -1.2880741158128753e+08 -5.5836022970330559e+07
1.3685104153068714e+07 4.3956538703605004e+07 -1.2880691600514993e+08 -5.5835808228922904e+07
1.3685105153068714e+07 4.3958273182667308e+07 -1.2880642040970682e+08 -5.5835593479145110e+07
1.3685106153068714e+07 4.3960007655248560e+07 -1.2880592479495822e+08 -5.5835378720997207e+07
1.3685107153068714e+07 4.3961742121348485e+07 -1.2880542916090423e+08 -5.5835163954479218e+07
1.3685108153068714e+07 4.3963476580966838e+07 -1.2880493350754490e+08 -5.5834949179591157e+07
1.3685109153068714e+07 4.3965211034103349e+07 -1.2880443783488031e+08 -5.5834734396333054e+07
1.3685110153068714e+07 4.3966945480757765e+07 -1.2880394214291047e+08 -5.5834519604704939e+07
1.3685111153068714e+07 4.3968679920929812e+07 -1.2880344643163547e+08 -5.5834304804706819e+07
1.3685112153068714e+07 4.3970414354619272e+07 -1.2880295070105535e+08 -5.5834089996338733e+07
1.3685113153068714e+07 4.3972148781825840e+07 -1.2880245495117022e+08 -5.5833875179600701e+07
1.3685114153068714e+07 4.3973883202549286e+07 -1.2880195918198009e+08 -5.5833660354492746e+07
1.3685115153068714e+07 4.3975617616789341e+07 -1.2880146339348501e+08 -5.5833445521014892e+07
1.3685116153068714e+07 4.3977352024545752e+07 -1.2880096758568507e+08 -5.5833230679167166e+07
1.3685117153068714e+07 4.3979086425818257e+07 -1.2880047175858031e+08 -5.5833015828949578e+07
1.3685118153068714e+07 4.3980820820606597e+07 -1.2879997591217083e+08 -5.5832800970362172e+07
1.3685119153068714e+07 4.3982555208910517e+07 -1.2879948004645663e+08 -5.5832586103404954e+07
1.3685120153068714e+07 4.3984289590729758e+07 -1.2879898416143779e+08 -5.5832371228077963e+07
1.3685121153068714e+07 4.3986023966064066e+07 -1.2879848825711438e+08 -5.5832156344381213e+07
1.3685122153068714e+07 4.3987758334913172e+07 -1.2879799233348647e+08 -5.5831941452314727e+07
1.3685123153068714e+07 4.3989492697276816e+07 -1.2879749639055412e+08 -5.5831726551878534e+07
1.3685124153068714e+07 4.3991227053154752e+07 -1.2879700042831732e+08 -5.5831511643072642e+07
1.3685125153068714e+07 4.3992961402546719e+07 -1.2879650444677621e+08 -5.5831296725897111e+07
1.3685126153068714e+07 4.3994695745452456e+07 -1.2879600844593082e+08 -5.5831081800351925e+07
1.3685127153068714e+07 4.3996430081871688e+07 -1.2879551242578122e+08 -5.5830866866437130e+07
1.3685128153068714e+07 4.3998164411804199e+07 -1.2879501638632745e+08 -5.5830651924152754e+07
1.3685129153068714e+07 4.3999898735249683e+07 -1.2879452032756956e+08 -5.5830436973498806e+07
1.3685130153068714e+07 4.4001633052207917e+07 -1.2879402424950764e+08 -5.5830222014475316e+07
1.3685131153068714e+07 4.4003367362678625e+07 -1.2879352815214173e+08 -5.5830007047082298e+07
1.3685132153068714e+07 4.4005101666661546e+07 -1.2879303203547190e+08 -5.5829792071319789e+07
1.3685133153068714e+07 4.4006835964156434e+07 -1.2879253589949819e+08 -5.5829577087187819e+07
1.3685134153068714e+07 4.4008570255163021e+07 -1.2879203974422069e+08 -5.5829362094686396e+07
1.3685135153068714e+07 4.4010304539681062e+07 -1.2879154356963946e+08 -5.5829147093815550e+07
1.3685136153068714e+07 4.4012038817710273e+07 -1.2879104737575449e+08 -5.5828932084575303e+07
1.3685137153068714e+07 4.4013773089250423e+07 -1.2879055116256593e+08 -5.5828717066965677e+07
1.3685138153068714e+07 4.4015507354301237e+07 -1.2879005493007377e+08 -5.5828502040986709e+07
1.3685139153068714e+07 4.4017241612862460e+07 -1.2878955867827812e+08 -5.5828287006638400e+07
1.3685140153068714e+07 4.4018975864933841e+07 -1.2878906240717901e+08 -5.5828071963920787e+07
1.3685141153068714e+07 4.4020710110515103e+07 -1.2878856611677651e+08 -5.5827856912833907e+07
1.3685142153068714e+07 4.4022444349606007e+07 -1.2878806980707066e+08 -5.5827641853377759e+07
1.3685143153068714e+07 4.4024178582206294e+07 -1.2878757347806156e+08 -5.5827426785552382e+07
1.3685144153068714e+07 4.4025912808315694e+07 -1.2878707712974921e+08 -5.5827211709357798e+07
1.3685145153068714e+07 4.4027647027933948e+07 -1.2878658076213372e+08 -5.5826996624794021e+07
1.3685146153068714e+07 4.4029381241060816e+07 -1.2878608437521514e+08 -5.5826781531861089e+07
1.3685147153068714e+07 4.4031115447696015e+07 -1.2878558796899350e+08 -5.5826566430559024e+07
1.3685148153068714e+07 4.4032849647839300e+07 -1.2878509154346889e+08 -5.5826351320887841e+07
1.3685149153068714e+07 4.4034583841490418e+07 -1.2878459509864135e+08 -5.5826136202847563e+07
1.3685150153068714e+07 4.4036318028649099e+07 -1.2878409863451096e+08 -5.5825921076438226e+07
1.3685151153068714e+07 4.4038052209315091e+07 -1.2878360215107778e+08 -5.5825705941659845e+07
1.3685152153068714e+07 4.4039786383488134e+07 -1.2878310564834182e+08 -5.5825490798512444e+07
1.3685153153068714e+07 4.4041520551167965e+07 -1.2878260912630320e+08 -5.5825275646996051e+07
1.3685154153068714e+07 4.4043254712354332e+07 -1.2878211258496194e+08 -5.5825060487110689e+07
1.3685155153068714e+07 4.4044988867046982e+07 -1.2878161602431813e+08 -5.5824845318856381e+07
1.3685156153068714e+07 4.4046723015245639e+07 -1.2878111944437180e+08 -5.5824630142233141e+07
1.3685157153068714e+07 4.4048457156950049e+07 -1.2878062284512301e+08 -5.5824414957241006e+07
1.3685158153068714e+07 4.4050191292159975e+07 -1.2878012622657186e+08 -5.5824199763880000e+07
1.3685159153068714e+07 4.4051925420875132e+07 -1.2877962958871837e+08 -5.5823984562150136e+07
1.3685160153068714e+07 4.4053659543095276e+07 -1.2877913293156260e+08 -5.5823769352051444e+07
1.3685161153068714e+07 4.4055393658820152e+07 -1.2877863625510463e+08 -5.5823554133583955e+07
1.3685162153068714e+07 4.4057127768049471e+07 -1.2877813955934449e+08 -5.5823338906747684e+07
1.3685163153068714e+07 4.4058861870783016e+07 -1.2877764284428227e+08 -5.5823123671542659e+07
1.3685164153068714e+07 4.4060595967020512e+07 -1.2877714610991800e+08 -5.5822908427968904e+07
1.3685165153068714e+07 4.4062330056761689e+07 -1.2877664935625176e+08 -5.5822693176026441e+07
1.3685166153068714e+07 4.4064064140006304e+07 -1.2877615258328362e+08 -5.5822477915715285e+07
1.3685167153068714e+07 4.4065798216754094e+07 -1.2877565579101360e+08 -5.5822262647035472e+07
1.3685168153068714e+07 4.4067532287004791e+07 -1.2877515897944181e+08 -5.5822047369987026e+07
1.3685169153068714e+07 4.4069266350758158e+07 -1.2877466214856826e+08 -5.5821832084569968e+07
1.3685170153068714e+07 4.4071000408013918e+07 -1.2877416529839304e+08 -5.5821616790784322e+07
1.3685171153068714e+07 4.4072734458771810e+07 -1.2877366842891619e+08 -5.5821401488630101e+07
1.3685172153068714e+07 4.4074468503031597e+07 -1.2877317154013780e+08 -5.5821186178107344e+07
1.3685173153068714e+07 4.4076202540792994e+07 -1.2877267463205789e+08 -5.5820970859216079e+07
1.3685174153068714e+07 4.4077936572055764e+07 -1.2877217770467654e+08 -5.5820755531956308e+07
1.3685175153068714e+07 4.4079670596819632e+07 -1.2877168075799380e+08 -5.5820540196328074e+07
1.3685176153068714e+07 4.4081404615084358e+07 -1.2877118379200974e+08 -5.5820324852331392e+07
1.3685177153068714e+07 4.4083138626849659e+07 -1.2877068680672441e+08 -5.5820109499966294e+07
1.3685178153068714e+07 4.4084872632115304e+07 -1.2877018980213790e+08 -5.5819894139232799e+07
1.3685179153068714e+07 4.4086606630881019e+07 -1.2876969277825022e+08 -5.5819678770130925e+07
1.3685180153068714e+07 4.4088340623146541e+07 -1.2876919573506145e+08 -5.5819463392660707e+07
1.3685181153068714e+07 4.4090074608911626e+07 -1.2876869867257166e+08 -5.5819248006822161e+07
1.3685182153068714e+07 4.4091808588175997e+07 -1.2876820159078090e+08 -5.5819032612615302e+07
1.3685183153068714e+07 4.4093542560939409e+07 -1.2876770448968922e+08 -5.5818817210040182e+07
1.3685184153068714e+07 4.4095276527201615e+07 -1.2876720736929670e+08 -5.5818601799096785e+07
1.3685185153068714e+07 4.4097010486962318e+07 -1.2876671022960339e+08 -5.5818386379785173e+07
1.3685186153068714e+07 4.4098744440221302e+07 -1.2876621307060935e+08 -5.5818170952105358e+07
1.3685187153068714e+07 4.4100478386978284e+07 -1.2876571589231463e+08 -5.5817955516057357e+07
1.3685188153068714e+07 4.4102212327233009e+07 -1.2876521869471928e+08 -5.5817740071641192e+07
1.3685189153068714e+07 4.4103946260985218e+07 -1.2876472147782341e+08 -5.5817524618856899e+07
1.3685190153068714e+07 4.4105680188234664e+07 -1.2876422424162702e+08 -5.5817309157704495e+07
1.3685191153068714e+07 4.4107414108981080e+07 -1.2876372698613022e+08 -5.5817093688183993e+07
1.3685192153068714e+07 4.4109148023224197e+07 -1.2876322971133302e+08 -5.5816878210295446e+07
1.3685193153068714e+07 4.4110881930963777e+07 -1.2876273241723551e+08 -5.5816662724038854e+07
1.3685194153068714e+07 4.4112615832199544e+07 -1.2876223510383774e+08 -5.5816447229414240e+07
1.3685195153068714e+07 4.4114349726931252e+07 -1.2876173777113976e+08 -5.5816231726421632e+07
1.3685196153068714e+07 4.4116083615158640e+07 -1.2876124041914165e+08 -5.5816016215061076e+07
1.3685197153068714e+07 4.4117817496881433e+07 -1.2876074304784347e+08 -5.5815800695332564e+07
1.3685198153068714e+07 4.4119551372099400e+07 -1.2876024565724526e+08 -5.5815585167236127e+07
1.3685199153068714e+07 4.4121285240812272e+07 -1.2875974824734709e+08 -5.5815369630771808e+07
1.3685200153068714e+07 4.4123019103019774e+07 -1.2875925081814902e+08 -5.5815154085939601e+07
1.3685201153068714e+07 4.4124752958721668e+07 -1.2875875336965109e+08 -5.5814938532739557e+07
1.3685202153068714e+07 4.4126486807917692e+07 -1.2875825590185341e+08 -5.5814722971171685e+07
1.3685203153068714e+07 4.4128220650607571e+07 -1.2875775841475597e+08 -5.5814507401236013e+07
1.3685204153068714e+07 4.4129954486791074e+07 -1.2875726090835887e+08 -5.5814291822932571e+07
1.3685205153068714e+07 4.4131688316467911e+07 -1.2875676338266218e+08 -5.5814076236261375e+07
1.3685206153068714e+07 4.4133422139637850e+07 -1.2875626583766593e+08 -5.5813860641222447e+07
1.3685207153068714e+07 4.4135155956300631e+07 -1.2875576827337019e+08 -5.5813645037815817e+07
1.3685208153068714e+07 4.4136889766455971e+07 -1.2875527068977503e+08 -5.5813429426041514e+07
1.3685209153068714e+07 4.4138623570103630e+07 -1.2875477308688051e+08 -5.5813213805899546e+07
1.3685210153068714e+07 4.4140357367243350e+07 -1.2875427546468668e+08 -5.5812998177389950e+07
1.3685211153068714e+07 4.4142091157874867e+07 -1.2875377782319359e+08 -5.5812782540512733e+07
1.3685212153068714e+07 4.4143824941997930e+07 -1.2875328016240130e+08 -5.5812566895267949e+07
1.3685213153068714e+07 4.4145558719612263e+07 -1.2875278248230991e+08 -5.5812351241655596e+07
1.3685214153068714e+07 4.4147292490717627e+07 -1.2875228478291942e+08 -5.5812135579675704e+07
1.3685215153068714e+07 4.4149026255313769e+07 -1.2875178706422991e+08 -5.5811919909328312e+07
1.3685216153068714e+07 4.4150760013400406e+07 -1.2875128932624146e+08 -5.5811704230613418e+07
1.3685217153068714e+07 4.4152493764977284e+07 -1.2875079156895413e+08 -5.5811488543531068e+07
1.3685218153068714e+07 4.4154227510044158e+07 -1.2875029379236794e+08 -5.5811272848081268e+07
1.3685219153068714e+07 4.4155961248600759e+07 -1.2874979599648300e+08 -5.5811057144264057e+07
1.3685220153068714e+07 4.4157694980646834e+07 -1.2874929818129933e+08 -5.5810841432079464e+07
1.3685221153068714e+07 4.4159428706182130e+07 -1.2874880034681700e+08 -5.5810625711527489e+07
1.3685222153068714e+07 4.4161162425206371e+07 -1.2874830249303606e+08 -5.5810409982608177e+07
1.3685223153068714e+07 4.4162896137719318e+07 -1.2874780461995660e+08 -5.5810194245321527e+07
1.3685224153068714e+07 4.4164629843720682e+07 -1.2874730672757865e+08 -5.5809978499667600e+07
1.3685225153068714e+07 4.4166363543210246e+07 -1.2874680881590229e+08 -5.5809762745646402e+07
1.3685226153068714e+07 4.4168097236187726e+07 -1.2874631088492759e+08 -5.5809546983257942e+07
1.3685227153068714e+07 4.4169830922652863e+07 -1.2874581293465456e+08 -5.5809331212502263e+07
1.3685228153068714e+07 4.4171564602605417e+07 -1.2874531496508330e+08 -5.5809115433379382e+07
1.3685229153068714e+07 4.4173298276045099e+07 -1.2874481697621386e+08 -5.5808899645889319e+07
1.3685230153068714e+07 4.4175031942971677e+07 -1.2874431896804628e+08 -5.5808683850032113e+07
1.3685231153068714e+07 4.4176765603384875e+07 -1.2874382094058065e+08 -5.5808468045807779e+07
1.3685232153068714e+07 4.4178499257284448e+07 -1.2874332289381702e+08 -5.5808252233216323e+07
1.3685233153068714e+07 4.4180232904670134e+07 -1.2874282482775545e+08 -5.5808036412257798e+07
1.3685234153068714e+07 4.4181966545541659e+07 -1.2874232674239598e+08 -5.5807820582932219e+07
1.3685235153068714e+07 4.4183700179898791e+07 -1.2874182863773870e+08 -5.5807604745239601e+07
1.3685236153068714e+07 4.4185433807741262e+07 -1.2874133051378365e+08 -5.5807388899179980e+07
1.3685237153068714e+07 4.4187167429068796e+07 -1.2874083237053089e+08 -5.5807173044753365e+07
1.3685238153068714e+07 4.4188901043881141e+07 -1.2874033420798048e+08 -5.5806957181959800e+07
1.3685239153068714e+07 4.4190634652178064e+07 -1.2873983602613248e+08 -5.5806741310799293e+07
1.3685240153068714e+07 4.4192368253959276e+07 -1.2873933782498696e+08 -5.5806525431271881e+07
1.3685241153068714e+07 4.4194101849224523e+07 -1.2873883960454395e+08 -5.5806309543377563e+07
1.3685242153068714e+07 4.4195835437973581e+07 -1.2873834136480357e+08 -5.5806093647116393e+07
1.3685243153068714e+07 4.4197569020206138e+07 -1.2873784310576582e+08 -5.5805877742488377e+07
1.3685244153068714e+07 4.4199302595921971e+07 -1.2873734482743077e+08 -5.5805661829493545e+07
1.3685245153068714e+07 4.4201036165120803e+07 -1.2873684652979851e+08 -5.5805445908131920e+07
1.3685246153068714e+07 4.4202769727802396e+07 -1.2873634821286905e+08 -5.5805229978403516e+07
1.3685247153068714e+07 4.4204503283966459e+07 -1.2873584987664250e+08 -5.5805014040308379e+07
1.3685248153068714e+07 4.4206236833612770e+07 -1.2873535152111888e+08 -5.5804798093846522e+07
1.3685249153068714e+07 4.4207970376741052e+07 -1.2873485314629827e+08 -5.5804582139017962e+07
1.3685250153068714e+07 4.4209703913351044e+07 -1.2873435475218076e+08 -5.5804366175822742e+07
1.3685251153068714e+07 4.4211437443442494e+07 -1.2873385633876634e+08 -5.5804150204260848e+07
1.3685252153068714e+07 4.4213170967015140e+07 -1.2873335790605511e+08 -5.5803934224332348e+07
1.3685253153068714e+07 4.4214904484068722e+07 -1.2873285945404713e+08 -5.5803718236037239e+07
1.3685254153068714e+07 4.4216637994602986e+07 -1.2873236098274244e+08 -5.5803502239375561e+07
1.3685255153068714e+07 4.4218371498617671e+07 -1.2873186249214113e+08 -5.5803286234347329e+07
1.3685256153068714e+07 4.4220104996112518e+07 -1.2873136398224324e+08 -5.5803070220952570e+07
1.3685257153068714e+07 4.4221838487087272e+07 -1.2873086545304884e+08 -5.5802854199191295e+07
1.3685258153068714e+07 4.4223571971541665e+07 -1.2873036690455797e+08 -5.5802638169063546e+07
1.3685259153068714e+07 4.4225305449475445e+07 -1.2872986833677071e+08 -5.5802422130569339e+07
1.3685260153068714e+07 4.4227038920888357e+07 -1.2872936974968711e+08 -5.5802206083708704e+07
1.3685261153068714e+07 4.4228772385780133e+07 -1.2872887114330722e+08 -5.5801990028481655e+07
1.3685262153068714e+07 4.4230505844150521e+07 -1.2872837251763110e+08 -5.5801773964888230e+07
1.3685263153068714e+07 4.4232239295999259e+07 -1.2872787387265885e+08 -5.5801557892928436e+07
1.3685264153068714e+07 4.4233972741326094e+07 -1.2872737520839049e+08 -5.5801341812602304e+07
1.3685265153068714e+07 4.4235706180130765e+07 -1.2872687652482608e+08 -5.5801125723909870e+07
1.3685266153068714e+07 4.4237439612413004e+07 -1.2872637782196568e+08 -5.5800909626851127e+07
1.3685267153068714e+07 4.4239173038172565e+07 -1.2872587909980938e+08 -5.5800693521426134e+07
1.3685268153068714e+07 4.4240906457409188e+07 -1.2872538035835721e+08 -5.5800477407634899e+07
1.3685269153068714e+07 4.4242639870122604e+07 -1.2872488159760922e+08 -5.5800261285477452e+07
1.3685270153068714e+07 4.4244373276312567e+07 -1.2872438281756552e+08 -5.5800045154953808e+07
1.3685271153068714e+07 4.4246106675978810e+07 -1.2872388401822610e+08 -5.5799829016063996e+07
1.3685272153068714e+07 4.4247840069121078e+07 -1.2872338519959107e+08 -5.5799612868808039e+07
1.3685273153068714e+07 4.4249573455739111e+07 -1.2872288636166048e+08 -5.5799396713185959e+07
1.3685274153068714e+07 4.4251306835832655e+07 -1.2872238750443438e+08 -5.5799180549197793e+07
1.3685275153068714e+07 4.4253040209401436e+07 -1.2872188862791282e+08 -5.5798964376843549e+07
1.3685276153068714e+07 4.4254773576445214e+07 -1.2872138973209588e+08 -5.5798748196123257e+07
1.3685277153068714e+07 4.4256506936963722e+07 -1.2872089081698364e+08 -5.5798532007036939e+07
1.3685278153068714e+07 4.4258240290956698e+07 -1.2872039188257611e+08 -5.5798315809584618e+07
1.3685279153068714e+07 4.4259973638423890e+07 -1.2871989292887338e+08 -5.5798099603766330e+07
1.3685280153068714e+07 4.4261706979365028e+07 -1.2871939395587549e+08 -5.5797883389582090e+07
1.3685281153068714e+07 4.4263440313779876e+07 -1.2871889496358252e+08 -5.5797667167031914e+07
1.3685282153068714e+07 4.4265173641668148e+07 -1.2871839595199451e+08 -5.5797450936115839e+07
1.3685283153068714e+07 4.4266906963029608e+07 -1.2871789692111154e+08 -5.5797234696833886e+07
1.3685284153068714e+07 4.4268640277863987e+07 -1.2871739787093367e+08 -5.5797018449186079e+07
1.3685285153068714e+07 4.4270373586171016e+07 -1.2871689880146092e+08 -5.5796802193172440e+07
1.3685286153068714e+07 4.4272106887950458e+07 -1.2871639971269339e+08 -5.5796585928792983e+07
1.3685287153068714e+07 4.4273840183202036e+07 -1.2871590060463114e+08 -5.5796369656047754e+07
1.3685288153068714e+07 4.4275573471925512e+07 -1.2871540147727422e+08 -5.5796153374936767e+07
1.3685289153068714e+07 4.4277306754120603e+07 -1.2871490233062270e+08 -5.5795937085460044e+07
1.3685290153068714e+07 4.4279040029787064e+07 -1.2871440316467661e+08 -5.5795720787617609e+07
1.3685291153068714e+07 4.4280773298924640e+07 -1.2871390397943603e+08 -5.5795504481409483e+07
1.3685292153068714e+07 4.4282506561533064e+07 -1.2871340477490100e+08 -5.5795288166835696e+07
1.3685293153068714e+07 4.4284239817612067e+07 -1.2871290555107161e+08 -5.5795071843896277e+07
1.3685294153068714e+07 4.4285973067161418e+07 -1.2871240630794792e+08 -5.5794855512591235e+07
1.3685295153068714e+07 4.4287706310180828e+07 -1.2871190704552995e+08 -5.5794639172920600e+07
1.3685296153068714e+07 4.4289439546670064e+07 -1.2871140776381780e+08 -5.5794422824884407e+07
1.3685297153068714e+07 4.4291172776628844e+07 -1.2871090846281151e+08 -5.5794206468482666e+07
1.3685298153068714e+07 4.4292906000056945e+07 -1.2871040914251113e+08 -5.5793990103715405e+07
1.3685299153068714e+07 4.4294639216954067e+07 -1.2870990980291677e+08 -5.5793773730582662e+07
1.3685300153068714e+07 4.4296372427319974e+07 -1.2870941044402844e+08 -5.5793557349084444e+07
1.3685301153068714e+07 4.4298105631154403e+07 -1.2870891106584620e+08 -5.5793340959220774e+07
1.3685302153068714e+07 4.4299838828457095e+07 -1.2870841166837013e+08 -5.5793124560991682e+07
1.3685303153068714e+07 4.4301572019227795e+07 -1.2870791225160030e+08 -5.5792908154397197e+07
1.3685304153068714e+07 4.4303305203466237e+07 -1.2870741281553674e+08 -5.5792691739437327e+07
1.3685305153068714e+07 4.4305038381172165e+07 -1.2870691336017950e+08 -5.5792475316112123e+07
1.3685306153068714e+07 4.4306771552345328e+07 -1.2870641388552870e+08 -5.5792258884421587e+07
1.3685307153068714e+07 4.4308504716985449e+07 -1.2870591439158434e+08 -5.5792042444365755e+07
1.3685308153068714e+07 4.4310237875092290e+07 -1.2870541487834650e+08 -5.5791825995944642e+07
1.3685309153068714e+07 4.4311971026665576e+07 -1.2870491534581526e+08 -5.5791609539158277e+07
1.3685310153068714e+07 4.4313704171705052e+07 -1.2870441579399063e+08 -5.5791393074006677e+07
1.3685311153068714e+07 4.4315437310210466e+07 -1.2870391622287270e+08 -5.5791176600489877e+07
1.3685312153068714e+07 4.4317170442181557e+07 -1.2870341663246156e+08 -5.5790960118607901e+07
1.3685313153068714e+07 4.4318903567618065e+07 -1.2870291702275723e+08 -5.5790743628360763e+07
1.3685314153068714e+07 4.4320636686519742e+07 -1.2870241739375977e+08 -5.5790527129748493e+07
1.3685315153068714e+07 4.4322369798886307e+07 -1.2870191774546924e+08 -5.5790310622771114e+07
1.3685316153068714e+07 4.4324102904717512e+07 -1.2870141807788573e+08 -5.5790094107428648e+07
1.3685317153068714e+07 4.4325836004013099e+07 -1.2870091839100929e+08 -5.5789877583721124e+07
1.3685318153068714e+07 4.4327569096772812e+07 -1.2870041868483993e+08 -5.5789661051648565e+07
1.3685319153068714e+07 4.4329302182996385e+07 -1.2869991895937777e+08 -5.5789444511210993e+07
1.3685320153068714e+07 4.4331035262683570e+07 -1.2869941921462286e+08 -5.5789227962408438e+07
1.3685321153068714e+07 4.4332768335834101e+07 -1.2869891945057522e+08 -5.5789011405240923e+07
1.3685322153068714e+07 4.4334501402447715e+07 -1.2869841966723494e+08 -5.5788794839708455e+07
1.3685323153068714e+07 4.4336234462524168e+07 -1.2869791986460209e+08 -5.5788578265811078e+07
1.3685324153068714e+07 4.4337967516063176e+07 -1.2869742004267670e+08 -5.5788361683548816e+07
1.3685325153068714e+07 4.4339700563064501e+07 -1.2869692020145887e+08 -5.5788145092921682e+07
1.3685326153068714e+07 4.4341433603527889e+07 -1.2869642034094861e+08 -5.5787928493929707e+07
1.3685327153068714e+07 4.4343166637453064e+07 -1.2869592046114604e+08 -5.5787711886572912e+07
1.3685328153068714e+07 4.4344899664839782e+07 -1.2869542056205116e+08 -5.5787495270851329e+07
1.3685329153068714e+07 4.4346632685687773e+07 -1.2869492064366405e+08 -5.5787278646764964e+07
1.3685330153068714e+07 4.4348365699996769e+07 -1.2869442070598480e+08 -5.5787062014313854e+07
1.3685331153068714e+07 4.4350098707766533e+07 -1.2869392074901342e+08 -5.5786845373498023e+07
1.3685332153068714e+07 4.4351831708996803e+07 -1.2869342077274999e+08 -5.5786628724317499e+07
1.3685333153068714e+07 4.4353564703687310e+07 -1.2869292077719460e+08 -5.5786412066772304e+07
1.3685334153068714e+07 4.4355297691837795e+07 -1.2869242076234725e+08 -5.5786195400862448e+07
1.3685335153068714e+07 4.4357030673448019e+07 -1.2869192072820807e+08 -5.5785978726587974e+07
1.3685336153068714e+07 4.4358763648517691e+07 -1.2869142067477706e+08 -5.5785762043948896e+07
1.3685337153068714e+07 4.4360496617046587e+07 -1.2869092060205431e+08 -5.5785545352945246e+07
1.3685338153068714e+07 4.4362229579034418e+07 -1.2869042051003988e+08 -5.5785328653577045e+07
1.3685339153068714e+07 4.4363962534480937e+07 -1.2868992039873382e+08 -5.5785111945844300e+07
1.3685340153068714e+07 4.4365695483385891e+07 -1.2868942026813619e+08 -5.5784895229747057e+07
1.3685341153068714e+07 4.4367428425749011e+07 -1.2868892011824705e+08 -5.5784678505285345e+07
1.3685342153068714e+07 4.4369161361570053e+07 -1.2868841994906646e+08 -5.5784461772459164e+07
1.3685343153068714e+07 4.4370894290848739e+07 -1.2868791976059450e+08 -5.5784245031268552e+07
1.3685344153068714e+07 4.4372627213584833e+07 -1.2868741955283119e+08 -5.5784028281713538e+07
1.3685345153068714e+07 4.4374360129778057e+07 -1.2868691932577661e+08 -5.5783811523794144e+07
1.3685346153068714e+07 4.4376093039428160e+07 -1.2868641907943083e+08 -5.5783594757510379e+07
1.3685347153068714e+07 4.4377825942534864e+07 -1.2868591881379391e+08 -5.5783377982862286e+07
1.3685348153068714e+07 4.4379558839097947e+07 -1.2868541852886589e+08 -5.5783161199849874e+07
1.3685349153068714e+07 4.4381291729117125e+07 -1.2868491822464684e+08 -5.5782944408473186e+07
1.3685350153068714e+07 4.4383024612592153e+07 -1.2868441790113683e+08 -5.5782727608732224e+07
1.3685351153068714e+07 4.4384757489522755e+07 -1.2868391755833589e+08 -5.5782510800627030e+07
1.3685352153068714e+07 4.4386490359908685e+07 -1.2868341719624411e+08 -5.5782293984157629e+07
1.3685353153068714e+07 4.4388223223749675e+07 -1.2868291681486157e+08 -5.5782077159324028e+07
1.3685354153068714e+07 4.4389956081045479e+07 -1.2868241641418825e+08 -5.5781860326126255e+07
1.3685355153068714e+07 4.4391688931795828e+07 -1.2868191599422430e+08 -5.5781643484564349e+07
1.3685356153068714e+07 4.4393421776000470e+07 -1.2868141555496973e+08 -5.5781426634638324e+07
1.3685357153068714e+07 4.4395154613659136e+07 -1.2868091509642458e+08 -5.5781209776348211e+07
1.3685358153068714e+07 4.4396887444771573e+07 -1.2868041461858898e+08 -5.5780992909694023e+07
1.3685359153068714e+07 4.4398620269337535e+07 -1.2867991412146293e+08 -5.5780776034675784e+07
1.3685360153068714e+07 4.4400353087356739e+07 -1.2867941360504650e+08 -5.5780559151293539e+07
1.3685361153068714e+07 4.4402085898828939e+07 -1.2867891306933978e+08 -5.5780342259547278e+07
1.3685362153068714e+07 4.4403818703753881e+07 -1.2867841251434278e+08 -5.5780125359437056e+07
1.3685363153068714e+07 4.4405551502131298e+07 -1.2867791194005562e+08 -5.5779908450962886e+07
1.3685364153068714e+07 4.4407284293960936e+07 -1.2867741134647831e+08 -5.5779691534124792e+07
1.3685365153068714e+07 4.4409017079242527e+07 -1.2867691073361094e+08 -5.5779474608922794e+07
1.3685366153068714e+07 4.4410749857975826e+07 -1.2867641010145356e+08 -5.5779257675356925e+07
1.3685367153068714e+07 4.4412482630160555e+07 -1.2867590945000620e+08 -5.5779040733427204e+07
1.3685368153068714e+07 4.4414215395796493e+07 -1.2867540877926898e+08 -5.5778823783133656e+07
1.3685369153068714e+07 4.4415948154883333e+07 -1.2867490808924192e+08 -5.5778606824476302e+07
1.3685370153068714e+07 4.4417680907420851e+07 -1.2867440737992507e+08 -5.5778389857455179e+07
1.3685371153068714e+07 4.4419413653408766e+07 -1.2867390665131854e+08 -5.5778172882070296e+07
1.3685372153068714e+07 4.4421146392846830e+07 -1.2867340590342233e+08 -5.5777955898321673e+07
1.3685373153068714e+07 4.4422879125734776e+07 -1.2867290513623653e+08 -5.5777738906209357e+07
1.3685374153068714e+07 4.4424611852072366e+07 -1.2867240434976122e+08 -5.5777521905733347e+07
1.3685375153068714e+07 4.4426344571859322e+07 -1.2867190354399641e+08 -5.5777304896893688e+07
1.3685376153068714e+07 4.4428077285095394e+07 -1.2867140271894221e+08 -5.5777087879690394e+07
1.3685377153068714e+07 4.4429809991780318e+07 -1.2867090187459865e+08 -5.5776870854123488e+07
1.3685378153068714e+07 4.4431542691913836e+07 -1.2867040101096579e+08 -5.5776653820193008e+07
1.3685379153068714e+07 4.4433275385495692e+07 -1.2866990012804370e+08 -5.5776436777898960e+07
1.3685380153068714e+07 4.4435008072525628e+07 -1.2866939922583245e+08 -5.5776219727241367e+07
1.3685381153068714e+07 4.4436740753003374e+07 -1.2866889830433205e+08 -5.5776002668220267e+07
1.3685382153068714e+07 4.4438473426928677e+07 -1.2866839736354265e+08 -5.5775785600835688e+07
1.3685383153068714e+07 4.4440206094301283e+07 -1.2866789640346420e+08 -5.5775568525087640e+07
1.3685384153068714e+07 4.4441938755120941e+07 -1.2866739542409685e+08 -5.5775351440976150e+07
1.3685385153068714e+07 4.4443671409387372e+07 -1.2866689442544062e+08 -5.5775134348501250e+07
1.3685386153068714e+07 4.4445404057100333e+07 -1.2866639340749559e+08 -5.5774917247662961e+07
1.3685387153068714e+07 4.4447136698259555e+07 -1.2866589237026179e+08 -5.5774700138461292e+07
1.3685388153068714e+07 4.4448869332864776e+07 -1.2866539131373928e+08 -5.5774483020896286e+07
1.3685389153068714e+07 4.4450601960915752e+07 -1.2866489023792818e+08 -5.5774265894967966e+07
1.3685390153068714e+07 4.4452334582412213e+07 -1.2866438914282848e+08 -5.5774048760676354e+07
1.3685391153068714e+07 4.4454067197353907e+07 -1.2866388802844027e+08 -5.5773831618021466e+07
1.3685392153068714e+07 4.4455799805740580e+07 -1.2866338689476360e+08 -5.5773614467003338e+07
1.3685393153068714e+07 4.4457532407571949e+07 -1.2866288574179855e+08 -5.5773397307621986e+07
1.3685394153068714e+07 4.4459265002847776e+07 -1.2866238456954515e+08 -5.5773180139877439e+07
1.3685395153068714e+07 4.4460997591567799e+07 -1.2866188337800349e+08 -5.5772962963769712e+07
1.3685396153068714e+07 4.4462730173731752e+07 -1.2866138216717362e+08 -5.5772745779298849e+07
1.3685397153068714e+07 4.4464462749339387e+07 -1.2866088093705559e+08 -5.5772528586464852e+07
1.3685398153068714e+07 4.4466195318390444e+07 -1.2866037968764947e+08 -5.5772311385267764e+07
1.3685399153068714e+07 4.4467927880884647e+07 -1.2865987841895531e+08 -5.5772094175707586e+07
1.3685400153068714e+07 4.4469660436821759e+07 -1.2865937713097318e+08 -5.5771876957784362e+07
1.3685401153068714e+07 4.4471392986201510e+07 -1.2865887582370314e+08 -5.5771659731498122e+07
1.3685402153068714e+07 4.4473125529023640e+07 -1.2865837449714525e+08 -5.5771442496848874e+07
1.3685403153068714e+07 4.4474858065287888e+07 -1.2865787315129954e+08 -5.5771225253836647e+07
1.3685404153068714e+07 4.4476590594994009e+07 -1.2865737178616612e+08 -5.5771008002461456e+07
1.3685405153068714e+07 4.4478323118141733e+07 -1.2865687040174501e+08 -5.5770790742723353e+07
1.3685406153068714e+07 4.4480055634730794e+07 -1.2865636899803630e+08 -5.5770573474622332e+07
1.3685407153068714e+07 4.4481788144760951e+07 -1.2865586757504004e+08 -5.5770356198158428e+07
1.3685408153068714e+07 4.4483520648231938e+07 -1.2865536613275628e+08 -5.5770138913331673e+07
1.3685409153068714e+07 4.4485253145143487e+07 -1.2865486467118509e+08 -5.5769921620142080e+07
1.3685410153068714e+07 4.4486985635495357e+07 -1.2865436319032653e+08 -5.5769704318589687e+07
1.3685411153068714e+07 4.4488718119287260e+07 -1.2865386169018064e+08 -5.5769487008674502e+07
1.3685412153068714e+07 4.4490450596518978e+07 -1.2865336017074750e+08 -5.5769269690396570e+07
1.3685413153068714e+07 4.4492183067190215e+07 -1.2865285863202718e+08 -5.5769052363755889e+07
1.3685414153068714e+07 4.4493915531300724e+07 -1.2865235707401973e+08 -5.5768835028752498e+07
1.3685415153068714e+07 4.4495647988850258e+07 -1.2865185549672519e+08 -5.5768617685386419e+07
1.3685416153068714e+07 4.4497380439838551e+07 -1.2865135390014365e+08 -5.5768400333657682e+07
1.3685417153068714e+07 4.4499112884265326e+07 -1.2865085228427514e+08 -5.5768182973566316e+07
1.3685418153068714e+07 4.4500845322130352e+07 -1.2865035064911976e+08 -5.5767965605112322e+07
1.3685419153068714e+07 4.4502577753433362e+07 -1.2864984899467753e+08 -5.5767748228295736e+07
1.3685420153068714e+07 4.4504310178174093e+07 -1.2864934732094854e+08 -5.5767530843116596e+07
1.3685421153068714e+07 4.4506042596352279e+07 -1.2864884562793282e+08 -5.5767313449574910e+07
1.3685422153068714e+07 4.4507775007967666e+07 -1.2864834391563046e+08 -5.5767096047670707e+07
1.3685423153068714e+07 4.4509507413020000e+07 -1.2864784218404153e+08 -5.5766878637404002e+07
1.3685424153068714e+07 4.4511239811509021e+07 -1.2864734043316603e+08 -5.5766661218774840e+07
1.3685425153068714e+07 4.4512972203434460e+07 -1.2864683866300407e+08 -5.5766443791783229e+07
1.3685426153068714e+07 4.4514704588796079e+07 -1.2864633687355569e+08 -5.5766226356429212e+07
1.3685427153068714e+07 4.4516436967593610e+07 -1.2864583506482098e+08 -5.5766008912712775e+07
1.3685428153068714e+07 4.4518169339826770e+07 -1.2864533323679996e+08 -5.5765791460633986e+07
1.3685429153068714e+07 4.4519901705495343e+07 -1.2864483138949271e+08 -5.5765574000192851e+07
1.3685430153068714e+07 4.4521634064599030e+07 -1.2864432952289930e+08 -5.5765356531389385e+07
1.3685431153068714e+07 4.4523366417137600e+07 -1.2864382763701975e+08 -5.5765139054223627e+07
1.3685432153068714e+07 4.4525098763110787e+07 -1.2864332573185419e+08 -5.5764921568695597e+07
1.3685433153068714e+07 4.4526831102518320e+07 -1.2864282380740260e+08 -5.5764704074805304e+07
1.3685434153068714e+07 4.4528563435359947e+07 -1.2864232186366510e+08 -5.5764486572552808e+07
1.3685435153068714e+07 4.4530295761635415e+07 -1.2864181990064172e+08 -5.5764269061938092e+07
1.3685436153068714e+07 4.4532028081344463e+07 -1.2864131791833253e+08 -5.5764051542961203e+07
1.3685437153068714e+07 4.4533760394486830e+07 -1.2864081591673759e+08 -5.5763834015622169e+07
1.3685438153068714e+07 4.4535492701062255e+07 -1.2864031389585696e+08 -5.5763616479921006e+07
1.3685439153068714e+07 4.4537225001070477e+07 -1.2863981185569070e+08 -5.5763398935857743e+07
1.3685440153068714e+07 4.4538957294511251e+07 -1.2863930979623887e+08 -5.5763181383432388e+07
1.3685441153068714e+07 4.4540689581384301e+07 -1.2863880771750154e+08 -5.5762963822644994e+07
1.3685442153068714e+07 4.4542421861689389e+07 -1.2863830561947875e+08 -5.5762746253495559e+07
1.3685443153068714e+07 4.4544154135426223e+07 -1.2863780350217056e+08 -5.5762528675984122e+07
1.3685444153068714e+07 4.4545886402594566e+07 -1.2863730136557706e+08 -5.5762311090110704e+07
1.3685445153068714e+07 4.4547618663194157e+07 -1.2863679920969829e+08 -5.5762093495875321e+07
1.3685446153068714e+07 4.4549350917224742e+07 -1.2863629703453429e+08 -5.5761875893278018e+07
1.3685447153068714e+07 4.4551083164686054e+07 -1.2863579484008516e+08 -5.5761658282318801e+07
1.3685448153068714e+07 4.4552815405577831e+07 -1.2863529262635092e+08 -5.5761440662997700e+07
1.3685449153068714e+07 4.4554547639899835e+07 -1.2863479039333168e+08 -5.5761223035314739e+07
1.3685450153068714e+07 4.4556279867651775e+07 -1.2863428814102745e+08 -5.5761005399269938e+07
1.3685451153068714e+07 4.4558012088833414e+07 -1.2863378586943831e+08 -5.5760787754863329e+07
1.3685452153068714e+07 4.4559744303444482e+07 -1.2863328357856433e+08 -5.5760570102094933e+07
1.3685453153068714e+07 4.4561476511484735e+07 -1.2863278126840557e+08 -5.5760352440964781e+07
1.3685454153068714e+07 4.4563208712953895e+07 -1.2863227893896207e+08 -5.5760134771472886e+07
1.3685455153068714e+07 4.4564940907851726e+07 -1.2863177659023388e+08 -5.5759917093619272e+07
1.3685456153068714e+07 4.4566673096177951e+07 -1.2863127422222112e+08 -5.5759699407403983e+07
1.3685457153068714e+07 4.4568405277932301e+07 -1.2863077183492380e+08 -5.5759481712827019e+07
1.3685458153068714e+07 4.4570137453114547e+07 -1.2863026942834200e+08 -5.5759264009888418e+07
1.3685459153068714e+07 4.4571869621724404e+07 -1.2862976700247575e+08 -5.5759046298588194e+07
1.3685460153068714e+07 4.4573601783761628e+07 -1.2862926455732515e+08 -5.5758828578926384e+07
1.3685461153068714e+07 4.4575333939225949e+07 -1.2862876209289025e+08 -5.5758610850903012e+07
1.3685462153068714e+07 4.4577066088117130e+07 -1.2862825960917109e+08 -5.5758393114518084e+07
1.3685463153068714e+07 4.4578798230434880e+07 -1.2862775710616776e+08 -5.5758175369771644e+07
1.3685464153068714e+07 4.4580530366178960e+07 -1.2862725458388031e+08 -5.5757957616663717e+07
1.3685465153068714e+07 4.4582262495349117e+07 -1.2862675204230876e+08 -5.5757739855194308e+07
1.3685466153068714e+07 4.4583994617945075e+07 -1.2862624948145323e+08 -5.5757522085363470e+07
1.3685467153068714e+07 4.4585726733966582e+07 -1.2862574690131374e+08 -5.5757304307171196e+07
1.3685468153068714e+07 4.4587458843413368e+07 -1.2862524430189039e+08 -5.5757086520617522e+07
1.3685469153068714e+07 4.4589190946285211e+07 -1.2862474168318319e+08 -5.5756868725702494e+07
1.3685470153068714e+07 4.4590923042581804e+07 -1.2862423904519224e+08 -5.5756650922426112e+07
1.3685471153068714e+07 4.4592655132302918e+07 -1.2862373638791758e+08 -5.5756433110788405e+07
1.3685472153068714e+07 4.4594387215448283e+07 -1.2862323371135929e+08 -5.5756215290789388e+07
1.3685473153068714e+07 4.4596119292017646e+07 -1.2862273101551738e+08 -5.5755997462429106e+07
1.3685474153068714e+07 4.4597851362010747e+07 -1.2862222830039199e+08 -5.5755779625707574e+07
1.3685475153068714e+07 4.4599583425427325e+07 -1.2862172556598312e+08 -5.5755561780624814e+07
1.3685476153068714e+07 4.4601315482267119e+07 -1.2862122281229083e+08 -5.5755343927180849e+07
1.3685477153068714e+07 4.4603047532529868e+07 -1.2862072003931522e+08 -5.5755126065375715e+07
1.3685478153068714e+07 4.4604779576215327e+07 -1.2862021724705632e+08 -5.5754908195209429e+07
1.3685479153068714e+07 4.4606511613323227e+07 -1.2861971443551421e+08 -5.5754690316682011e+07
1.3685480153068714e+07 4.4608243643853299e+07 -1.2861921160468893e+08 -5.5754472429793485e+07
1.3685481153068714e+07 4.4609975667805299e+07 -1.2861870875458054e+08 -5.5754254534543887e+07
1.3685482153068714e+07 4.4611707685178958e+07 -1.2861820588518913e+08 -5.5754036630933225e+07
1.3685483153068714e+07 4.4613439695974030e+07 -1.2861770299651472e+08 -5.5753818718961537e+07
1.3685484153068714e+07 4.4615171700190239e+07 -1.2861720008855739e+08 -5.5753600798628852e+07
1.3685485153068714e+07 4.4616903697827332e+07 -1.2861669716131721e+08 -5.5753382869935177e+07
1.3685486153068714e+07 4.4618635688885063e+07 -1.2861619421479423e+08 -5.5753164932880543e+07
1.3685487153068714e+07 4.4620367673363157e+07 -1.2861569124898849e+08 -5.5752946987464972e+07
1.3685488153068714e+07 4.4622099651261367e+07 -1.2861518826390010e+08 -5.5752729033688508e+07
1.3685489153068714e+07 4.4623831622579418e+07 -1.2861468525952907e+08 -5.5752511071551137e+07
1.3685490153068714e+07 4.4625563587317064e+07 -1.2861418223587549e+08 -5.5752293101052925e+07
1.3685491153068714e+07 4.4627295545474045e+07 -1.2861367919293943e+08 -5.5752075122193888e+07
1.3685492153068714e+07 4.4629027497050099e+07 -1.2861317613072091e+08 -5.5751857134974018e+07
1.3685493153068714e+07 4.4630759442044966e+07 -1.2861267304922003e+08 -5.5751639139393367e+07
1.3685494153068714e+07 4.4632491380458385e+07 -1.2861216994843683e+08 -5.5751421135451950e+07
1.3685495153068714e+07 4.4634223312290102e+07 -1.2861166682837135e+08 -5.5751203123149812e+07
1.3685496153068714e+07 4.4635955237539858e+07 -1.2861116368902369e+08 -5.5750985102486953e+07
1.3685497153068714e+07 4.4637687156207390e+07 -1.2861066053039390e+08 -5.5750767073463403e+07
1.3685498153068714e+07 4.4639419068292446e+07 -1.2861015735248202e+08 -5.5750549036079191e+07
1.3685499153068714e+07 4.4641150973794758e+07 -1.2860965415528814e+08 -5.5750330990334339e+07
1.3685500153068714e+07 4.4642882872714065e+07 -1.2860915093881230e+08 -5.5750112936228871e+07
1.3685501153068714e+07 4.4644614765050121e+07 -1.2860864770305456e+08 -5.5749894873762801e+07
1.3685502153068714e+07 4.4646346650802657e+07 -1.2860814444801500e+08 -5.5749676802936189e+07
1.3685503153068714e+07 4.4648078529971421e+07 -1.2860764117369364e+08 -5.5749458723749012e+07
1.3685504153068714e+07 4.4649810402556136e+07 -1.2860713788009059e+08 -5.5749240636201330e+07
1.3685505153068714e+07 4.4651542268556572e+07 -1.2860663456720589e+08 -5.5749022540293157e+07
1.3685506153068714e+07 4.4653274127972446e+07 -1.2860613123503959e+08 -5.5748804436024509e+07
1.3685507153068714e+07 4.4655005980803505e+07 -1.2860562788359174e+08 -5.5748586323395416e+07
1.3685508153068714e+07 4.4656737827049494e+07 -1.2860512451286243e+08 -5.5748368202405915e+07
1.3685509153068714e+07 4.4658469666710153e+07 -1.2860462112285173e+08 -5.5748150073056005e+07
1.3685510153068714e+07 4.4660201499785230e+07 -1.2860411771355966e+08 -5.5747931935345732e+07
1.3685511153068714e+07 4.4661933326274455e+07 -1.2860361428498630e+08 -5.5747713789275117e+07
1.3685512153068714e+07 4.4663665146177568e+07 -1.2860311083713171e+08 -5.5747495634844169e+07
1.3685513153068714e+07 4.4665396959494308e+07 -1.2860260736999595e+08 -5.5747277472052939e+07
1.3685514153068714e+07 4.4667128766224422e+07 -1.2860210388357908e+08 -5.5747059300901420e+07
1.3685515153068714e+07 4.4668860566367649e+07 -1.2860160037788118e+08 -5.5746841121389665e+07
1.3685516153068714e+07 4.4670592359923743e+07 -1.2860109685290228e+08 -5.5746622933517680e+07
1.3685517153068714e+07 4.4672324146892428e+07 -1.2860059330864245e+08 -5.5746404737285502e+07
1.3685518153068714e+07 4.4674055927273452e+07 -1.2860008974510175e+08 -5.5746186532693140e+07
1.3685519153068714e+07 4.4675787701066546e+07 -1.2859958616228025e+08 -5.5745968319740631e+07
1.3685520153068714e+07 4.4677519468271472e+07 -1.2859908256017798e+08 -5.5745750098427996e+07
1.3685521153068714e+07 4.4679251228887945e+07 -1.2859857893879505e+08 -5.5745531868755266e+07
1.3685522153068714e+07 4.4680982982915722e+07 -1.2859807529813148e+08 -5.5745313630722456e+07
1.3685523153068714e+07 4.4682714730354540e+07 -1.2859757163818735e+08 -5.5745095384329587e+07
1.3685524153068714e+07 4.4684446471204139e+07 -1.2859706795896274e+08 -5.5744877129576698e+07
1.3685525153068714e+07 4.4686178205464266e+07 -1.2859656426045765e+08 -5.5744658866463803e+07
1.3685526153068714e+07 4.4687909933134668e+07 -1.2859606054267219e+08 -5.5744440594990924e+07
1.3685527153068714e+07 4.4689641654215053e+07 -1.2859555680560640e+08 -5.5744222315158099e+07
1.3685528153068714e+07 4.4691373368705198e+07 -1.2859505304926036e+08 -5.5744004026965342e+07
1.3685529153068714e+07 4.4693105076604828e+07 -1.2859454927363411e+08 -5.5743785730412669e+07
1.3685530153068714e+07 4.4694836777913682e+07 -1.2859404547872770e+08 -5.5743567425500125e+07
1.3685531153068714e+07 4.4696568472631507e+07 -1.2859354166454124e+08 -5.5743349112227723e+07
1.3685532153068714e+07 4.4698300160758033e+07 -1.2859303783107476e+08 -5.5743130790595487e+07
1.3685533153068714e+07 4.4700031842293024e+07 -1.2859253397832827e+08 -5.5742912460603446e+07
1.3685534153068714e+07 4.4701763517236196e+07 -1.2859203010630193e+08 -5.5742694122251622e+07
1.3685535153068714e+07 4.4703495185587302e+07 -1.2859152621499576e+08 -5.5742475775540046e+07
1.3685536153068714e+07 4.4705226847346082e+07 -1.2859102230440977e+08 -5.5742257420468733e+07
1.3685537153068714e+07 4.4706958502512276e+07 -1.2859051837454408e+08 -5.5742039057037704e+07
1.3685538153068714e+07 4.4708690151085623e+07 -1.2859001442539872e+08 -5.5741820685246997e+07
1.3685539153068714e+07 4.4710421793065868e+07 -1.2858951045697379e+08 -5.5741602305096619e+07
1.3685540153068714e+07 4.4712153428452753e+07 -1.2858900646926931e+08 -5.5741383916586615e+07
1.3685541153068714e+07 4.4713885057246014e+07 -1.2858850246228532e+08 -5.5741165519717000e+07
1.3685542153068714e+07 4.4715616679445386e+07 -1.2858799843602197e+08 -5.5740947114487797e+07
1.3685543153068714e+07 4.4717348295050621e+07 -1.2858749439047924e+08 -5.5740728700899027e+07
1.3685544153068714e+07 4.4719079904061452e+07 -1.2858699032565720e+08 -5.5740510278950721e+07
1.3685545153068714e+07 4.4720811506477624e+07 -1.2858648624155594e+08 -5.5740291848642901e+07
1.3685546153068714e+07 4.4722543102298878e+07 -1.2858598213817550e+08 -5.5740073409975596e+07
1.3685547153068714e+07 4.4724274691524960e+07 -1.2858547801551595e+08 -5.5739854962948829e+07
1.3685548153068714e+07 4.4726006274155594e+07 -1.2858497387357737e+08 -5.5739636507562615e+07
1.3685549153068714e+07 4.4727737850190543e+07 -1.2858446971235977e+08 -5.5739418043816999e+07
1.3685550153068714e+07 4.4729469419629537e+07 -1.2858396553186326e+08 -5.5739199571711987e+07
1.3685551153068714e+07 4.4731200982472308e+07 -1.2858346133208786e+08 -5.5738981091247596e+07
1.3685552153068714e+07 4.4732932538718611e+07 -1.2858295711303367e+08 -5.5738762602423877e+07
1.3685553153068714e+07 4.4734664088368185e+07 -1.2858245287470070e+08 -5.5738544105240837e+07
1.3685554153068714e+07 4.4736395631420761e+07 -1.2858194861708905e+08 -5.5738325599698506e+07
1.3685555153068714e+07 4.4738127167876087e+07 -1.2858144434019879e+08 -5.5738107085796908e+07
1.3685556153068714e+07 4.4739858697733909e+07 -1.2858094004402995e+08 -5.5737888563536063e+07
1.3685557153068714e+07 4.4741590220993958e+07 -1.2858043572858261e+08 -5.5737670032916002e+07
1.3685558153068714e+07 4.4743321737655975e+07 -1.2857993139385681e+08 -5.5737451493936740e+07
1.3685559153068714e+07 4.4745053247719705e+07 -1.2857942703985260e+08 -5.5737232946598314e+07
1.3685560153068714e+07 4.4746784751184888e+07 -1.2857892266657013e+08 -5.5737014390900746e+07
1.3685561153068714e+07 4.4748516248051271e+07 -1.2857841827400935e+08 -5.5736795826844059e+07
1.3685562153068714e+07 4.4750247738318577e+07 -1.2857791386217037e+08 -5.5736577254428267e+07
1.3685563153068714e+07 4.4751979221986569e+07 -1.2857740943105325e+08 -5.5736358673653416e+07
1.3685564153068714e+07 4.4753710699054971e+07 -1.2857690498065804e+08 -5.5736140084519513e+07
1.3685565153068714e+07 4.4755442169523530e+07 -1.2857640051098484e+08 -5.5735921487026580e+07
1.3685566153068714e+07 4.4757173633391999e+07 -1.2857589602203363e+08 -5.5735702881174661e+07
1.3685567153068714e+07 4.4758905090660088e+07 -1.2857539151380454e+08 -5.5735484266963758e+07
1.3685568153068714e+07 4.4760636541327573e+07 -1.2857488698629761e+08 -5.5735265644393913e+07
1.3685569153068714e+07 4.4762367985394165e+07 -1.2857438243951289e+08 -5.5735047013465136e+07
1.3685570153068714e+07 4.4764099422859631e+07 -1.2857387787345047e+08 -5.5734828374177471e+07
1.3685571153068714e+07 4.4765830853723697e+07 -1.2857337328811038e+08 -5.5734609726530924e+07
1.3685572153068714e+07 4.4767562277986102e+07 -1.2857286868349269e+08 -5.5734391070525527e+07
1.3685573153068714e+07 4.4769293695646591e+07 -1.2857236405959748e+08 -5.5734172406161308e+07
1.3685574153068714e+07 4.4771025106704906e+07 -1.2857185941642478e+08 -5.5733953733438291e+07
1.3685575153068714e+07 4.4772756511160783e+07 -1.2857135475397465e+08 -5.5733735052356482e+07
1.3685576153068714e+07 4.4774487909013972e+07 -1.2857085007224716e+08 -5.5733516362915933e+07
1.3685577153068714e+07 4.4776219300264202e+07 -1.2857034537124239e+08 -5.5733297665116660e+07
1.3685578153068714e+07 4.4777950684911214e+07 -1.2856984065096040e+08 -5.5733078958958670e+07
1.3685579153068714e+07 4.4779682062954776e+07 -1.2856933591140121e+08 -5.5732860244442016e+07
1.3685580153068714e+07 4.4781413434394583e+07 -1.2856883115256491e+08 -5.5732641521566704e+07
1.3685581153068714e+07 4.4783144799230412e+07 -1.2856832637445158e+08 -5.5732422790332764e+07
1.3685582153068714e+07 4.4784876157461993e+07 -1.2856782157706124e+08 -5.5732204050740220e+07
1.3685583153068714e+07 4.4786607509089060e+07 -1.2856731676039398e+08 -5.5731985302789085e+07
1.3685584153068714e+07 4.4788338854111359e+07 -1.2856681192444983e+08 -5.5731766546479404e+07
1.3685585153068714e+07 4.4790070192528643e+07 -1.2856630706922889e+08 -5.5731547781811200e+07
1.3685586153068714e+07 4.4791801524340622e+07 -1.2856580219473121e+08 -5.5731329008784480e+07
1.3685587153068714e+07 4.4793532849547066e+07 -1.2856529730095680e+08 -5.5731110227399275e+07
1.3685588153068714e+07 4.4795264168147705e+07 -1.2856479238790581e+08 -5.5730891437655620e+07
1.3685589153068714e+07 4.4796995480142280e+07 -1.2856428745557821e+08 -5.5730672639553532e+07
1.3685590153068714e+07 4.4798726785530537e+07 -1.2856378250397412e+08 -5.5730453833093040e+07
1.3685591153068714e+07 4.4800458084312208e+07 -1.2856327753309359e+08 -5.5730235018274143e+07
1.3685592153068714e+07 4.4802189376487032e+07 -1.2856277254293668e+08 -5.5730016195096910e+07
1.3685593153068714e+07 4.4803920662054762e+07 -1.2856226753350344e+08 -5.5729797363561340e+07
1.3685594153068714e+07 4.4805651941015132e+07 -1.2856176250479393e+08 -5.5729578523667462e+07
1.3685595153068714e+07 4.4807383213367879e+07 -1.2856125745680824e+08 -5.5729359675415300e+07
1.3685596153068714e+07 4.4809114479112759e+07 -1.2856075238954638e+08 -5.5729140818804875e+07
1.3685597153068714e+07 4.4810845738249488e+07 -1.2856024730300845e+08 -5.5728921953836203e+07
1.3685598153068714e+07 4.4812576990777820e+07 -1.2855974219719450e+08 -5.5728703080509335e+07
1.3685599153068714e+07 4.4814308236697495e+07 -1.2855923707210459e+08 -5.5728484198824279e+07
1.3685600153068714e+07 4.4816039476008259e+07 -1.2855873192773879e+08 -5.5728265308781065e+07
1.3685601153068714e+07 4.4817770708709851e+07 -1.2855822676409714e+08 -5.5728046410379700e+07
1.3685602153068714e+07 4.4819501934802018e+07 -1.2855772158117971e+08 -5.5727827503620237e+07
1.3685603153068714e+07 4.4821233154284477e+07 -1.2855721637898655e+08 -5.5727608588502675e+07
1.3685604153068714e+07 4.4822964367156982e+07 -1.2855671115751776e+08 -5.5727389665027060e+07
1.3685605153068714e+07 4.4824695573419288e+07 -1.2855620591677336e+08 -5.5727170733193398e+07
1.3685606153068714e+07 4.4826426773071118e+07 -1.2855570065675344e+08 -5.5726951793001734e+07
1.3685607153068714e+07 4.4828157966112219e+07 -1.2855519537745804e+08 -5.5726732844452076e+07
1.3685608153068714e+07 4.4829889152542323e+07 -1.2855469007888722e+08 -5.5726513887544446e+07
1.3685609153068714e+07 4.4831620332361177e+07 -1.2855418476104106e+08 -5.5726294922278881e+07
1.3685610153068714e+07 4.4833351505568534e+07 -1.2855367942391960e+08 -5.5726075948655397e+07
1.3685611153068714e+07 4.4835082672164112e+07 -1.2855317406752290e+08 -5.5725856966674030e+07
1.3685612153068714e+07 4.4836813832147680e+07 -1.2855266869185105e+08 -5.5725637976334803e+07
1.3685613153068714e+07 4.4838544985518947e+07 -1.2855216329690409e+08 -5.5725418977637716e+07
1.3685614153068714e+07 4.4840276132277675e+07 -1.2855165788268207e+08 -5.5725199970582828e+07
1.3685615153068714e+07 4.4842007272423603e+07 -1.2855115244918504e+08 -5.5724980955170132e+07
1.3685616153068714e+07 4.4843738405956462e+07 -1.2855064699641311e+08 -5.5724761931399681e+07
1.3685617153068714e+07 4.4845469532876007e+07 -1.2855014152436633e+08 -5.5724542899271488e+07
1.3685618153068714e+07 4.4847200653181955e+07 -1.2854963603304473e+08 -5.5724323858785577e+07
1.3685619153068714e+07 4.4848931766874075e+07 -1.2854913052244839e+08 -5.5724104809941970e+07
1.3685620153068714e+07 4.4850662873952083e+07 -1.2854862499257736e+08 -5.5723885752740696e+07
1.3685621153068714e+07 4.4852393974415742e+07 -1.2854811944343169e+08 -5.5723666687181778e+07
1.3685622153068714e+07 4.4854125068264775e+07 -1.2854761387501149e+08 -5.5723447613265239e+07
1.3685623153068714e+07 4.4855856155498929e+07 -1.2854710828731675e+08 -5.5723228530991100e+07
1.3685624153068714e+07 4.4857587236117952e+07 -1.2854660268034761e+08 -5.5723009440359391e+07
1.3685625153068714e+07 4.4859318310121574e+07 -1.2854609705410407e+08 -5.5722790341370150e+07
1.3685626153068714e+07 4.4861049377509534e+07 -1.2854559140858620e+08 -5.5722571234023385e+07
1.3685627153068714e+07 4.4862780438281588e+07 -1.2854508574379410e+08 -5.5722352118319117e+07
1.3685628153068714e+07 4.4864511492437460e+07 -1.2854458005972779e+08 -5.5722132994257383e+07
1.3685629153068714e+07 4.4866242539976895e+07 -1.2854407435638735e+08 -5.5721913861838192e+07
1.3685630153068714e+07 4.4867973580899656e+07 -1.2854356863377282e+08 -5.5721694721061587e+07
1.3685631153068714e+07 4.4869704615205444e+07 -1.2854306289188428e+08 -5.5721475571927577e+07
1.3685632153068714e+07 4.4871435642894022e+07 -1.2854255713072181e+08 -5.5721256414436214e+07
1.3685633153068714e+07 4.4873166663965136e+07 -1.2854205135028543e+08 -5.5721037248587482e+07
1.3685634153068714e+07 4.4874897678418517e+07 -1.2854154555057521e+08 -5.5720818074381441e+07
1.3685635153068714e+07 4.4876628686253905e+07 -1.2854103973159122e+08 -5.5720598891818091e+07
1.3685636153068714e+07 4.4878359687471054e+07 -1.2854053389333354e+08 -5.5720379700897470e+07
1.3685637153068714e+07 4.4880090682069674e+07 -1.2854002803580217e+08 -5.5720160501619607e+07
1.3685638153068714e+07 4.4881821670049541e+07 -1.2853952215899725e+08 -5.5719941293984510e+07
1.3685639153068714e+07 4.4883552651410386e+07 -1.2853901626291880e+08 -5.5719722077992216e+07
1.3685640153068714e+07 4.4885283626151942e+07 -1.2853851034756687e+08 -5.5719502853642754e+07
1.3685641153068714e+07 4.4887014594273940e+07 -1.2853800441294155e+08 -5.5719283620936133e+07
1.3685642153068714e+07 4.4888745555776142e+07 -1.2853749845904286e+08 -5.5719064379872397e+07
1.3685643153068714e+07 4.4890476510658279e+07 -1.2853699248587091e+08 -5.5718845130451545e+07
1.3685644153068714e+07 4.4892207458920091e+07 -1.2853648649342571e+08 -5.5718625872673631e+07
1.3685645153068714e+07 4.4893938400561310e+07 -1.2853598048170738e+08 -5.5718406606538646e+07
1.3685646153068714e+07 4.4895669335581705e+07 -1.2853547445071594e+08 -5.5718187332046650e+07
1.3685647153068714e+07 4.4897400263980985e+07 -1.2853496840045145e+08 -5.5717968049197651e+07
1.3685648153068714e+07 4.4899131185758911e+07 -1.2853446233091399e+08 -5.5717748757991672e+07
1.3685649153068714e+07 4.4900862100915208e+07 -1.2853395624210359e+08 -5.5717529458428741e+07
1.3685650153068714e+07 4.4902593009449631e+07 -1.2853345013402034e+08 -5.5717310150508873e+07
1.3685651153068714e+07 4.4904323911361918e+07 -1.2853294400666432e+08 -5.5717090834232122e+07
1.3685652153068714e+07 4.4906054806651808e+07 -1.2853243786003555e+08 -5.5716871509598471e+07
1.3685653153068714e+07 4.4907785695319034e+07 -1.2853193169413410e+08 -5.5716652176607974e+07
1.3685654153068714e+07 4.4909516577363342e+07 -1.2853142550896002e+08 -5.5716432835260652e+07
1.3685655153068714e+07 4.4911247452784486e+07 -1.2853091930451342e+08 -5.5716213485556521e+07
1.3685656153068714e+07 4.4912978321582176e+07 -1.2853041308079432e+08 -5.5715994127495617e+07
1.3685657153068714e+07 4.4914709183756180e+07 -1.2852990683780277e+08 -5.5715774761077955e+07
1.3685658153068714e+07 4.4916440039306223e+07 -1.2852940057553887e+08 -5.5715555386303559e+07
1.3685659153068714e+07 4.4918170888232075e+07 -1.2852889429400265e+08 -5.5715336003172457e+07
1.3685660153068714e+07 4.4919901730533436e+07 -1.2852838799319419e+08 -5.5715116611684673e+07
1.3685661153068714e+07 4.4921632566210054e+07 -1.2852788167311354e+08 -5.5714897211840235e+07
1.3685662153068714e+07 4.4923363395261690e+07 -1.2852737533376077e+08 -5.5714677803639159e+07
1.3685663153068714e+07 4.4925094217688084e+07 -1.2852686897513592e+08 -5.5714458387081489e+07
1.3685664153068714e+07 4.4926825033488959e+07 -1.2852636259723909e+08 -5.5714238962167233e+07
1.3685665153068714e+07 4.4928555842664063e+07 -1.2852585620007029e+08 -5.5714019528896421e+07
1.3685666153068714e+07 4.4930286645213135e+07 -1.2852534978362963e+08 -5.5713800087269075e+07
1.3685667153068714e+07 4.4932017441135928e+07 -1.2852484334791712e+08 -5.5713580637285218e+07
1.3685668153068714e+07 4.4933748230432168e+07 -1.2852433689293289e+08 -5.5713361178944886e+07
1.3685669153068714e+07 4.4935479013101608e+07 -1.2852383041867693e+08 -5.5713141712248087e+07
1.3685670153068714e+07 4.4937209789143980e+07 -1.2852332392514934e+08 -5.5712922237194851e+07
1.3685671153068714e+07 4.4938940558559015e+07 -1.2852281741235016e+08 -5.5712702753785215e+07
1.3685672153068714e+07 4.4940671321346469e+07 -1.2852231088027950e+08 -5.5712483262019195e+07
1.3685673153068714e+07 4.4942402077506080e+07 -1.2852180432893737e+08 -5.5712263761896811e+07
1.3685674153068714e+07 4.4944132827037580e+07 -1.2852129775832382e+08 -5.5712044253418103e+07
1.3685675153068714e+07 4.4945863569940731e+07 -1.2852079116843896e+08 -5.5711824736583069e+07
1.3685676153068714e+07 4.4947594306215249e+07 -1.2852028455928281e+08 -5.5711605211391769e+07
1.3685677153068714e+07 4.4949325035860889e+07 -1.2851977793085547e+08 -5.5711385677844189e+07
1.3685678153068714e+07 4.4951055758877382e+07 -1.2851927128315696e+08 -5.5711166135940388e+07
1.3685679153068714e+07 4.4952786475264482e+07 -1.2851876461618738e+08 -5.5710946585680373e+07
1.3685680153068714e+07 4.4954517185021915e+07 -1.2851825792994675e+08 -5.5710727027064167e+07
1.3685681153068714e+07 4.4956247888149425e+07 -1.2851775122443518e+08 -5.5710507460091807e+07
1.3685682153068714e+07 4.4957978584646769e+07 -1.2851724449965268e+08 -5.5710287884763300e+07
1.3685683153068714e+07 4.4959709274513662e+07 -1.2851673775559936e+08 -5.5710068301078700e+07
1.3685684153068714e+07 4.4961439957749858e+07 -1.2851623099227524e+08 -5.5709848709037997e+07
1.3685685153068714e+07 4.4963170634355113e+07 -1.2851572420968041e+08 -5.5709629108641244e+07
1.3685686153068714e+07 4.4964901304329127e+07 -1.2851521740781491e+08 -5.5709409499888442e+07
1.3685687153068714e+07 4.4966631967671677e+07 -1.2851471058667879e+08 -5.5709189882779635e+07
1.3685688153068714e+07 4.4968362624382496e+07 -1.2851420374627216e+08 -5.5708970257314838e+07
1.3685689153068714e+07 4.4970093274461314e+07 -1.2851369688659503e+08 -5.5708750623494074e+07
1.3685690153068714e+07 4.4971823917907871e+07 -1.2851319000764750e+08 -5.5708530981317379e+07
1.3685691153068714e+07 4.4973554554721929e+07 -1.2851268310942960e+08 -5.5708311330784760e+07
1.3685692153068714e+07 4.4975285184903212e+07 -1.2851217619194143e+08 -5.5708091671896264e+07
1.3685693153068714e+07 4.4977015808451451e+07 -1.2851166925518300e+08 -5.5707872004651904e+07
1.3685694153068714e+07 4.4978746425366409e+07 -1.2851116229915439e+08 -5.5707652329051696e+07
1.3685695153068714e+07 4.4980477035647817e+07 -1.2851065532385568e+08 -5.5707432645095684e+07
1.3685696153068714e+07 4.4982207639295407e+07 -1.2851014832928692e+08 -5.5707212952783868e+07
1.3685697153068714e+07 4.4983938236308925e+07 -1.2850964131544816e+08 -5.5706993252116308e+07
1.3685698153068714e+07 4.4985668826688118e+07 -1.2850913428233950e+08 -5.5706773543092996e+07
1.3685699153068714e+07 4.4987399410432726e+07 -1.2850862722996095e+08 -5.5706553825713970e+07
1.3685700153068714e+07 4.4989129987542480e+07 -1.2850812015831259e+08 -5.5706334099979252e+07
1.3685701153068714e+07 4.4990860558017120e+07 -1.2850761306739450e+08 -5.5706114365888871e+07
1.3685702153068714e+07 4.4992591121856399e+07 -1.2850710595720671e+08 -5.5705894623442851e+07
1.3685703153068714e+07 4.4994321679060064e+07 -1.2850659882774931e+08 -5.5705674872641206e+07
1.3685704153068714e+07 4.4996052229627833e+07 -1.2850609167902234e+08 -5.5705455113483980e+07
1.3685705153068714e+07 4.4997782773559451e+07 -1.2850558451102588e+08 -5.5705235345971182e+07
1.3685706153068714e+07 4.4999513310854666e+07 -1.2850507732375996e+08 -5.5705015570102848e+07
1.3685707153068714e+07 4.5001243841513224e+07 -1.2850457011722468e+08 -5.5704795785878994e+07
1.3685708153068714e+07 4.5002974365534849e+07 -1.2850406289142007e+08 -5.5704575993299656e+07
1.3685709153068714e+07 4.5004704882919297e+07 -1.2850355564634623e+08 -5.5704356192364842e+07
1.3685710153068714e+07 4.5006435393666305e+07 -1.2850304838200316e+08 -5.5704136383074589e+07
1.3685711153068714e+07 4.5008165897775605e+07 -1.2850254109839097e+08 -5.5703916565428913e+07
1.3685712153068714e+07 4.5009896395246945e+07 -1.2850203379550971e+08 -5.5703696739427857e+07
1.3685713153068714e+07 4.5011626886080071e+07 -1.2850152647335944e+08 -5.5703476905071430e+07
1.3685714153068714e+07 4.5013357370274708e+07 -1.2850101913194022e+08 -5.5703257062359653e+07
1.3685715153068714e+07 4.5015087847830608e+07 -1.2850051177125210e+08 -5.5703037211292557e+07
1.3685716153068714e+07 4.5016818318747520e+07 -1.2850000439129515e+08 -5.5702817351870164e+07
1.3685717153068714e+07 4.5018548783025153e+07 -1.2849949699206944e+08 -5.5702597484092519e+07
1.3685718153068714e+07 4.5020279240663275e+07 -1.2849898957357502e+08 -5.5702377607959621e+07
1.3685719153068714e+07 4.5022009691661626e+07 -1.2849848213581195e+08 -5.5702157723471500e+07
1.3685720153068714e+07 4.5023740136019945e+07 -1.2849797467878032e+08 -5.5701937830628194e+07
1.3685721153068714e+07 4.5025470573737949e+07 -1.2849746720248017e+08 -5.5701717929429725e+07
1.3685722153068714e+07 4.5027201004815407e+07 -1.2849695970691152e+08 -5.5701498019876100e+07
1.3685723153068714e+07 4.5028931429252051e+07 -1.2849645219207451e+08 -5.5701278101967357e+07
1.3685724153068714e+07 4.5030661847047627e+07 -1.2849594465796913e+08 -5.5701058175703518e+07
1.3685725153068714e+07 4.5032392258201860e+07 -1.2849543710459550e+08 -5.5700838241084613e+07
1.3685726153068714e+07 4.5034122662714504e+07 -1.2849492953195363e+08 -5.5700618298110664e+07
1.3685727153068714e+07 4.5035853060585283e+07 -1.2849442194004361e+08 -5.5700398346781693e+07
1.3685728153068714e+07 4.5037583451813966e+07 -1.2849391432886551e+08 -5.5700178387097731e+07
1.3685729153068714e+07 4.5039313836400263e+07 -1.2849340669841938e+08 -5.5699958419058792e+07
1.3685730153068714e+07 4.5041044214343943e+07 -1.2849289904870526e+08 -5.5699738442664914e+07
1.3685731153068714e+07 4.5042774585644722e+07 -1.2849239137972324e+08 -5.5699518457916111e+07
1.3685732153068714e+07 4.5044504950302348e+07 -1.2849188369147336e+08 -5.5699298464812420e+07
1.3685733153068714e+07 4.5046235308316566e+07 -1.2849137598395570e+08 -5.5699078463353842e+07
1.3685734153068714e+07 4.5047965659687124e+07 -1.2849086825717030e+08 -5.5698858453540437e+07
1.3685735153068714e+07 4.5049696004413754e+07 -1.2849036051111726e+08 -5.5698638435372196e+07
1.3685736153068714e+07 4.5051426342496179e+07 -1.2848985274579661e+08 -5.5698418408849172e+07
1.3685737153068714e+07 4.5053156673934169e+07 -1.2848934496120842e+08 -5.5698198373971365e+07
1.3685738153068714e+07 4.5054886998727448e+07 -1.2848883715735272e+08 -5.5697978330738813e+07
1.3685739153068714e+07 4.5056617316875763e+07 -1.2848832933422962e+08 -5.5697758279151551e+07
1.3685740153068714e+07 4.5058347628378846e+07 -1.2848782149183916e+08 -5.5697538219209574e+07
1.3685741153068714e+07 4.5060077933236450e+07 -1.2848731363018140e+08 -5.5697318150912941e+07
1.3685742153068714e+07 4.5061808231448308e+07 -1.2848680574925642e+08 -5.5697098074261658e+07
1.3685743153068714e+07 4.5063538523014158e+07 -1.2848629784906425e+08 -5.5696877989255749e+07
1.3685744153068714e+07 4.5065268807933748e+07 -1.2848578992960496e+08 -5.5696657895895243e+07
1.3685745153068714e+07 4.5066999086206816e+07 -1.2848528199087861e+08 -5.5696437794180170e+07
1.3685746153068714e+07 4.5068729357833095e+07 -1.2848477403288530e+08 -5.5696217684110545e+07
1.3685747153068714e+07 4.5070459622812338e+07 -1.2848426605562504e+08 -5.5695997565686397e+07
1.3685748153068714e+07 4.5072189881144270e+07 -1.2848375805909792e+08 -5.5695777438907750e+07
1.3685749153068714e+07 4.5073920132828653e+07 -1.2848325004330398e+08 -5.5695557303774633e+07
1.3685750153068714e+07 4.5075650377865203e+07 -1.2848274200824329e+08 -5.5695337160287075e+07
1.3685751153068714e+07 4.5077380616253674e+07 -1.2848223395391592e+08 -5.5695117008445084e+07
1.3685752153068714e+07 4.5079110847993806e+07 -1.2848172588032195e+08 -5.5694896848248698e+07
1.3685753153068714e+07 4.5080841073085345e+07 -1.2848121778746140e+08 -5.5694676679697938e+07
1.3685754153068714e+07 4.5082571291528016e+07 -1.2848070967533435e+08 -5.5694456502792828e+07
1.3685755153068714e+07 4.5084301503321573e+07 -1.2848020154394086e+08 -5.5694236317533389e+07
1.3685756153068714e+07 4.5086031708465755e+07 -1.2847969339328098e+08 -5.5694016123919666e+07
1.3685757153068714e+07 4.5087761906960301e+07 -1.2847918522335480e+08 -5.5693795921951666e+07
1.3685758153068714e+07 4.5089492098804951e+07 -1.2847867703416234e+08 -5.5693575711629413e+07
1.3685759153068714e+07 4.5091222283999428e+07 -1.2847816882570371e+08 -5.5693355492952935e+07
1.3685760153068714e+07 4.5092952462543502e+07 -1.2847766059797895e+08 -5.5693135265922263e+07
1.3685761153068714e+07 4.5094682634436905e+07 -1.2847715235098809e+08 -5.5692915030537412e+07
1.3685762153068714e+07 4.5096412799679361e+07 -1.2847664408473124e+08 -5.5692694786798418e+07
1.3685763153068714e+07 4.5098142958270632e+07 -1.2847613579920845e+08 -5.5692474534705289e+07
1.3685764153068714e+07 4.5099873110210449e+07 -1.2847562749441975e+08 -5.5692254274258070e+07
1.3685765153068714e+07 4.5101603255498543e+07 -1.2847511917036524e+08 -5.5692034005456775e+07
1.3685766153068714e+07 4.5103333394134670e+07 -1.2847461082704495e+08 -5.5691813728301428e+07
1.3685767153068714e+07 4.5105063526118569e+07 -1.2847410246445897e+08 -5.5691593442792058e+07
1.3685768153068714e+07 4.5106793651449978e+07 -1.2847359408260734e+08 -5.5691373148928694e+07
1.3685769153068714e+07 4.5108523770128615e+07 -1.2847308568149015e+08 -5.5691152846711345e+07
1.3685770153068714e+07 4.5110253882154256e+07 -1.2847257726110740e+08 -5.5690932536140054e+07
1.3685771153068714e+07 4.5111983987526625e+07 -1.2847206882145922e+08 -5.5690712217214838e+07
1.3685772153068714e+07 4.5113714086245462e+07 -1.2847156036254564e+08 -5.5690491889935724e+07
1.3685773153068714e+07 4.5115444178310513e+07 -1.2847105188436674e+08 -5.5690271554302730e+07
1.3685774153068714e+07 4.5117174263721511e+07 -1.2847054338692254e+08 -5.5690051210315891e+07
1.3685775153068714e+07 4.5118904342478201e+07 -1.2847003487021314e+08 -5.5689830857975215e+07
1.3685776153068714e+07 4.5120634414580323e+07 -1.2846952633423857e+08 -5.5689610497280747e+07
1.3685777153068714e+07 4.5122364480027616e+07 -1.2846901777899893e+08 -5.5689390128232509e+07
1.3685778153068714e+07 4.5124094538819827e+07 -1.2846850920449427e+08 -5.5689169750830509e+07
1.3685779153068714e+07 4.5125824590956688e+07 -1.2846800061072461e+08 -5.5688949365074791e+07
1.3685780153068714e+07 4.5127554636437945e+07 -1.2846749199769007e+08 -5.5688728970965378e+07
1.3685781153068714e+07 4.5129284675263330e+07 -1.2846698336539067e+08 -5.5688508568502277e+07
1.3685782153068714e+07 4.5131014707432590e+07 -1.2846647471382651e+08 -5.5688288157685533e+07
1.3685783153068714e+07 4.5132744732945465e+07 -1.2846596604299760e+08 -5.5688067738515168e+07
1.3685784153068714e+07 4.5134474751801699e+07 -1.2846545735290405e+08 -5.5687847310991198e+07
1.3685785153068714e+07 4.5136204764001027e+07 -1.2846494864354591e+08 -5.5687626875113651e+07
1.3685786153068714e+07 4.5137934769543186e+07 -1.2846443991492321e+08 -5.5687406430882551e+07
1.3685787153068714e+07 4.5139664768427931e+07 -1.2846393116703604e+08 -5.5687185978297926e+07
1.3685788153068714e+07 4.5141394760654978e+07 -1.2846342239988446e+08 -5.5686965517359808e+07
1.3685789153068714e+07 4.5143124746224098e+07 -1.2846291361346854e+08 -5.5686745048068203e+07
1.3685790153068714e+07 4.5144854725135013e+07 -1.2846240480778831e+08 -5.5686524570423156e+07
1.3685791153068714e+07 4.5146584697387464e+07 -1.2846189598284386e+08 -5.5686304084424689e+07
1.3685792153068714e+07 4.5148314662981197e+07 -1.2846138713863525e+08 -5.5686083590072811e+07
1.3685793153068714e+07 4.5150044621915944e+07 -1.2846087827516250e+08 -5.5685863087367557e+07
1.3685794153068714e+07 4.5151774574191451e+07 -1.2846036939242573e+08 -5.5685642576308951e+07
1.3685795153068714e+07 4.5153504519807458e+07 -1.2845986049042498e+08 -5.5685422056897022e+07
1.3685796153068714e+07 4.5155234458763711e+07 -1.2845935156916030e+08 -5.5685201529131792e+07
1.3685797153068714e+07 4.5156964391059935e+07 -1.2845884262863174e+08 -5.5684980993013285e+07
1.3685798153068714e+07 4.5158694316695891e+07 -1.2845833366883940e+08 -5.5684760448541529e+07
1.3685799153068714e+07 4.5160424235671304e+07 -1.2845782468978333e+08 -5.5684539895716541e+07
1.3685800153068714e+07 4.5162154147985928e+07 -1.2845731569146357e+08 -5.5684319334538355e+07
1.3685801153068714e+07 4.5163884053639486e+07 -1.2845680667388019e+08 -5.5684098765006997e+07
1.3685802153068714e+07 4.5165613952631734e+07 -1.2845629763703327e+08 -5.5683878187122487e+07
1.3685803153068714e+07 4.5167343844962396e+07 -1.2845578858092286e+08 -5.5683657600884847e+07
1.3685804153068714e+07 4.5169073730631225e+07 -1.2845527950554900e+08 -5.5683437006294109e+07
1.3685805153068714e+07 4.5170803609637961e+07 -1.2845477041091178e+08 -5.5683216403350286e+07
1.3685806153068714e+07 4.5172533481982335e+07 -1.2845426129701126e+08 -5.5682995792053424e+07
1.3685807153068714e+07 4.5174263347664103e+07 -1.2845375216384749e+08 -5.5682775172403529e+07
1.3685808153068714e+07 4.5175993206682995e+07 -1.2845324301142053e+08 -5.5682554544400640e+07
1.3685809153068714e+07 4.5177723059038743e+07 -1.2845273383973044e+08 -5.5682333908044770e+07
1.3685810153068714e+07 4.5179452904731110e+07 -1.2845222464877731e+08 -5.5682113263335943e+07
1.3685811153068714e+07 4.5181182743759818e+07 -1.2845171543856117e+08 -5.5681892610274196e+07
1.3685812153068714e+07 4.5182912576124623e+07 -1.2845120620908210e+08 -5.5681671948859550e+07
1.3685813153068714e+07 4.5184642401825242e+07 -1.2845069696034013e+08 -5.5681451279092021e+07
1.3685814153068714e+07 4.5186372220861435e+07 -1.2845018769233537e+08 -5.5681230600971647e+07
1.3685815153068714e+07 4.5188102033232935e+07 -1.2844967840506783e+08 -5.5681009914498448e+07
1.3685816153068714e+07 4.5189831838939480e+07 -1.2844916909853762e+08 -5.5680789219672441e+07
1.3685817153068714e+07 4.5191561637980819e+07 -1.2844865977274476e+08 -5.5680568516493663e+07
1.3685818153068714e+07 4.5193291430356689e+07 -1.2844815042768934e+08 -5.5680347804962136e+07
1.3685819153068714e+07 4.5195021216066822e+07 -1.2844764106337142e+08 -5.5680127085077874e+07
1.3685820153068714e+07 4.5196750995110981e+07 -1.2844713167979105e+08 -5.5679906356840916e+07
1.3685821153068714e+07 4.5198480767488874e+07 -1.2844662227694829e+08 -5.5679685620251283e+07
1.3685822153068714e+07 4.5200210533200271e+07 -1.2844611285484321e+08 -5.5679464875308998e+07
1.3685823153068714e+07 4.5201940292244896e+07 -1.2844560341347589e+08 -5.5679244122014090e+07
1.3685824153068714e+07 4.5203670044622481e+07 -1.2844509395284633e+08 -5.5679023360366583e+07
1.3685825153068714e+07 4.5205399790332794e+07 -1.2844458447295465e+08 -5.5678802590366483e+07
1.3685826153068714e+07 4.5207129529375561e+07 -1.2844407497380088e+08 -5.5678581812013842e+07
1.3685827153068714e+07 4.5208859261750512e+07 -1.2844356545538512e+08 -5.5678361025308684e+07
1.3685828153068714e+07 4.5210588987457395e+07 -1.2844305591770740e+08 -5.5678140230251014e+07
1.3685829153068714e+07 4.5212318706495956e+07 -1.2844254636076778e+08 -5.5677919426840864e+07
1.3685830153068714e+07 4.5214048418865927e+07 -1.2844203678456633e+08 -5.5677698615078278e+07
1.3685831153068714e+07 4.5215778124567062e+07 -1.2844152718910311e+08 -5.5677477794963263e+07
1.3685832153068714e+07 4.5217507823599085e+07 -1.2844101757437818e+08 -5.5677256966495842e+07
1.3685833153068714e+07 4.5219237515961751e+07 -1.2844050794039162e+08 -5.5677036129676044e+07
1.3685834153068714e+07 4.5220967201654784e+07 -1.2843999828714347e+08 -5.5676815284503900e+07
1.3685835153068714e+07 4.5222696880677946e+07 -1.2843948861463378e+08 -5.5676594430979423e+07
1.3685836153068714e+07 4.5224426553030953e+07 -1.2843897892286265e+08 -5.5676373569102652e+07
1.3685837153068714e+07 4.5226156218713559e+07 -1.2843846921183012e+08 -5.5676152698873609e+07
1.3685838153068714e+07 4.5227885877725497e+07 -1.2843795948153624e+08 -5.5675931820292309e+07
1.3685839153068714e+07 4.5229615530066520e+07 -1.2843744973198108e+08 -5.5675710933358781e+07
1.3685840153068714e+07 4.5231345175736360e+07 -1.2843693996316473e+08 -5.5675490038073055e+07
1.3685841153068714e+07 4.5233074814734757e+07 -1.2843643017508721e+08 -5.5675269134435162e+07
1.3685842153068714e+07 4.5234804447061449e+07 -1.2843592036774860e+08 -5.5675048222445108e+07
1.3685843153068714e+07 4.5236534072716199e+07 -1.2843541054114898e+08 -5.5674827302102931e+07
1.3685844153068714e+07 4.5238263691698700e+07 -1.2843490069528838e+08 -5.5674606373408653e+07
1.3685845153068714e+07 4.5239993304008745e+07 -1.2843439083016686e+08 -5.5674385436362311e+07
1.3685846153068714e+07 4.5241722909646034e+07 -1.2843388094578451e+08 -5.5674164490963899e+07
1.3685847153068714e+07 4.5243452508610331e+07 -1.2843337104214138e+08 -5.5673943537213467e+07
1.3685848153068714e+07 4.5245182100901365e+07 -1.2843286111923750e+08 -5.5673722575111054e+07
1.3685849153068714e+07 4.5246911686518885e+07 -1.2843235117707299e+08 -5.5673501604656652e+07
1.3685850153068714e+07 4.5248641265462622e+07 -1.2843184121564788e+08 -5.5673280625850298e+07
1.3685851153068714e+07 4.5250370837732323e+07 -1.2843133123496224e+08 -5.5673059638692021e+07
1.3685852153068714e+07 4.5252100403327718e+07 -1.2843082123501611e+08 -5.5672838643181853e+07
1.3685853153068714e+07 4.5253829962248571e+07 -1.2843031121580957e+08 -5.5672617639319792e+07
1.3685854153068714e+07 4.5255559514494605e+07 -1.2842980117734268e+08 -5.5672396627105899e+07
1.3685855153068714e+07 4.5257289060065560e+07 -1.2842929111961550e+08 -5.5672175606540181e+07
1.3685856153068714e+07 4.5259018598961174e+07 -1.2842878104262809e+08 -5.5671954577622652e+07
1.3685857153068714e+07 4.5260748131181195e+07 -1.2842827094638051e+08 -5.5671733540353350e+07
1.3685858153068714e+07 4.5262477656725354e+07 -1.2842776083087285e+08 -5.5671512494732313e+07
1.3685859153068714e+07 4.5264207175593399e+07 -1.2842725069610514e+08 -5.5671291440759532e+07
1.3685860153068714e+07 4.5265936687785074e+07 -1.2842674054207744e+08 -5.5671070378435068e+07
1.3685861153068714e+07 4.5267666193300113e+07 -1.2842623036878981e+08 -5.5670849307758920e+07
1.3685862153068714e+07 4.5269395692138255e+07 -1.2842572017624234e+08 -5.5670628228731133e+07
1.3685863153068714e+07 4.5271125184299245e+07 -1.2842520996443509e+08 -5.5670407141351715e+07
1.3685864153068714e+07 4.5272854669782825e+07 -1.2842469973336807e+08 -5.5670186045620702e+07
1.3685865153068714e+07 4.5274584148588732e+07 -1.2842418948304139e+08 -5.5669964941538110e+07
1.3685866153068714e+07 4.5276313620716691e+07 -1.2842367921345511e+08 -5.5669743829103976e+07
1.3685867153068714e+07 4.5278043086166471e+07 -1.2842316892460927e+08 -5.5669522708318315e+07
1.3685868153068714e+07 4.5279772544937797e+07 -1.2842265861650395e+08 -5.5669301579181157e+07
1.3685869153068714e+07 4.5281501997030415e+07 -1.2842214828913920e+08 -5.5669080441692516e+07
1.3685870153068714e+07 4.5283231442444049e+07 -1.2842163794251508e+08 -5.5668859295852438e+07
1.3685871153068714e+07 4.5284960881178461e+07 -1.2842112757663167e+08 -5.5668638141660936e+07
1.3685872153068714e+07 4.5286690313233376e+07 -1.2842061719148901e+08 -5.5668416979118042e+07
1.3685873153068714e+07 4.5288419738608547e+07 -1.2842010678708717e+08 -5.5668195808223762e+07
1.3685874153068714e+07 4.5290149157303698e+07 -1.2841959636342624e+08 -5.5667974628978141e+07
1.3685875153068714e+07 4.5291878569318585e+07 -1.2841908592050624e+08 -5.5667753441381201e+07
1.3685876153068714e+07 4.5293607974652939e+07 -1.2841857545832725e+08 -5.5667532245432965e+07
1.3685877153068714e+07 4.5295337373306505e+07 -1.2841806497688931e+08 -5.5667311041133448e+07
1.3685878153068714e+07 4.5297066765279025e+07 -1.2841755447619252e+08 -5.5667089828482687e+07
1.3685879153068714e+07 4.5298796150570229e+07 -1.2841704395623691e+08 -5.5666868607480705e+07
1.3685880153068714e+07 4.5300525529179871e+07 -1.2841653341702256e+08 -5.5666647378127523e+07
1.3685881153068714e+07 4.5302254901107684e+07 -1.2841602285854952e+08 -5.5666426140423171e+07
1.3685882153068714e+07 4.5303984266353406e+07 -1.2841551228081788e+08 -5.5666204894367673e+07
1.3685883153068714e+07 4.5305713624916777e+07 -1.2841500168382765e+08 -5.5665983639961056e+07
1.3685884153068714e+07 4.5307442976797543e+07 -1.2841449106757896e+08 -5.5665762377203338e+07
1.3685885153068714e+07 4.5309172321995437e+07 -1.2841398043207181e+08 -5.5665541106094554e+07
1.3685886153068714e+07 4.5310901660510212e+07 -1.2841346977730627e+08 -5.5665319826634720e+07
1.3685887153068714e+07 4.5312630992341593e+07 -1.2841295910328244e+08 -5.5665098538823865e+07
1.3685888153068714e+07 4.5314360317489341e+07 -1.2841244841000035e+08 -5.5664877242662020e+07
1.3685889153068714e+07 4.5316089635953166e+07 -1.2841193769746006e+08 -5.5664655938149191e+07
1.3685890153068714e+07 4.5317818947732836e+07 -1.2841142696566166e+08 -5.5664434625285432e+07
1.3685891153068714e+07 4.5319548252828084e+07 -1.2841091621460518e+08 -5.5664213304070748e+07
1.3685892153068714e+07 4.5321277551238626e+07 -1.2841040544429071e+08 -5.5663991974505156e+07
1.3685893153068714e+07 4.5323006842964247e+07 -1.2840989465471828e+08 -5.5663770636588715e+07
1.3685894153068714e+07 4.5324736128004648e+07 -1.2840938384588799e+08 -5.5663549290321410e+07
1.3685895153068714e+07 4.5326465406359598e+07 -1.2840887301779987e+08 -5.5663327935703292e+07
1.3685896153068714e+07 4.5328194678028814e+07 -1.2840836217045398e+08 -5.5663106572734378e+07
1.3685897153068714e+07 4.5329923943012044e+07 -1.2840785130385041e+08 -5.5662885201414704e+07
1.3685898153068714e+07 4.5331653201309033e+07 -1.2840734041798924e+08 -5.5662663821744271e+07
1.3685899153068714e+07 4.5333382452919520e+07 -1.2840682951287045e+08 -5.5662442433723137e+07
1.3685900153068714e+07 4.5335111697843246e+07 -1.2840631858849417e+08 -5.5662221037351295e+07
1.3685901153068714e+07 4.5336840936079949e+07 -1.2840580764486045e+08 -5.5661999632628791e+07
1.3685902153068714e+07 4.5338570167629361e+07 -1.2840529668196931e+08 -5.5661778219555631e+07
1.3685903153068714e+07 4.5340299392491244e+07 -1.2840478569982086e+08 -5.5661556798131861e+07
1.3685904153068714e+07 4.5342028610665314e+07 -1.2840427469841519e+08 -5.5661335368357502e+07
1.3685905153068714e+07 4.5343757822151326e+07 -1.2840376367775227e+08 -5.5661113930232570e+07
1.3685906153068714e+07 4.5345487026949018e+07 -1.2840325263783222e+08 -5.5660892483757094e+07
1.3685907153068714e+07 4.5347216225058123e+07 -1.2840274157865511e+08 -5.5660671028931104e+07
1.3685908153068714e+07 4.5348945416478388e+07 -1.2840223050022100e+08 -5.5660449565754615e+07
1.3685909153068714e+07 4.5350674601209559e+07 -1.2840171940252991e+08 -5.5660228094227657e+07
1.3685910153068714e+07 4.5352403779251367e+07 -1.2840120828558193e+08 -5.5660006614350267e+07
1.3685911153068714e+07 4.5354132950603545e+07 -1.2840069714937712e+08 -5.5659785126122460e+07
1.3685912153068714e+07 4.5355862115265846e+07 -1.2840018599391556e+08 -5.5659563629544251e+07
1.3685913153068714e+07 4.5357591273238026e+07 -1.2839967481919728e+08 -5.5659342124615677e+07
1.3685914153068714e+07 4.5359320424519785e+07 -1.2839916362522237e+08 -5.5659120611336768e+07
1.3685915153068714e+07 4.5361049569110900e+07 -1.2839865241199088e+08 -5.5658899089707538e+07
1.3685916153068714e+07 4.5362778707011089e+07 -1.2839814117950286e+08 -5.5658677559728019e+07
1.3685917153068714e+07 4.5364507838220090e+07 -1.2839762992775840e+08 -5.5658456021398231e+07
1.3685918153068714e+07 4.5366236962737665e+07 -1.2839711865675752e+08 -5.5658234474718198e+07
1.3685919153068714e+07 4.5367966080563538e+07 -1.2839660736650032e+08 -5.5658012919687957e+07
1.3685920153068714e+07 4.5369695191697448e+07 -1.2839609605698684e+08 -5.5657791356307529e+07
1.3685921153068714e+07 4.5371424296139151e+07 -1.2839558472821715e+08 -5.5657569784576923e+07
1.3685922153068714e+07 4.5373153393888362e+07 -1.2839507338019133e+08 -5.5657348204496190e+07
1.3685923153068714e+07 4.5374882484944843e+07 -1.2839456201290943e+08 -5.5657126616065331e+07
1.3685924153068714e+07 4.5376611569308333e+07 -1.2839405062637147e+08 -5.5656905019284390e+07
1.3685925153068714e+07 4.5378340646978557e+07 -1.2839353922057758e+08 -5.5656683414153382e+07
1.3685926153068714e+07 4.5380069717955269e+07 -1.2839302779552777e+08 -5.5656461800672337e+07
1.3685927153068714e+07 4.5381798782238200e+07 -1.2839251635122213e+08 -5.5656240178841271e+07
1.3685928153068714e+07 4.5383527839827098e+07 -1.2839200488766073e+08 -5.5656018548660226e+07
1.3685929153068714e+07 4.5385256890721709e+07 -1.2839149340484361e+08 -5.5655796910129204e+07
1.3685930153068714e+07 4.5386985934921749e+07 -1.2839098190277082e+08 -5.5655575263248257e+07
1.3685931153068714e+07 4.5388714972426981e+07 -1.2839047038144244e+08 -5.5655353608017392e+07
1.3685932153068714e+07 4.5390444003237136e+07 -1.2838995884085856e+08 -5.5655131944436640e+07
1.3685933153068714e+07 4.5392173027351953e+07 -1.2838944728101921e+08 -5.5654910272506021e+07
1.3685934153068714e+07 4.5393902044771172e+07 -1.2838893570192443e+08 -5.5654688592225567e+07
1.3685935153068714e+07 4.5395631055494547e+07 -1.2838842410357432e+08 -5.5654466903595299e+07
1.3685936153068714e+07 4.5397360059521802e+07 -1.2838791248596893e+08 -5.5654245206615247e+07
1.3685937153068714e+07 4.5399089056852683e+07 -1.2838740084910834e+08 -5.5654023501285441e+07
1.3685938153068714e+07 4.5400818047486931e+07 -1.2838688919299258e+08 -5.5653801787605882e+07
1.3685939153068714e+07 4.5402547031424284e+07 -1.2838637751762173e+08 -5.5653580065576620e+07
1.3685940153068714e+07 4.5404276008664481e+07 -1.2838586582299583e+08 -5.5653358335197665e+07
1.3685941153068714e+07 4.5406004979207270e+07 -1.2838535410911499e+08 -5.5653136596469060e+07
1.3685942153068714e+07 4.5407733943052381e+07 -1.2838484237597921e+08 -5.5652914849390812e+07
1.3685943153068714e+07 4.5409462900199562e+07 -1.2838433062358862e+08 -5.5652693093962952e+07
1.3685944153068714e+07 4.5411191850648552e+07 -1.2838381885194321e+08 -5.5652471330185510e+07
1.3685945153068714e+07 4.5412920794399083e+07 -1.2838330706104310e+08 -5.5652249558058508e+07
1.3685946153068714e+07 4.5414649731450908e+07 -1.2838279525088833e+08 -5.5652027777581967e+07
1.3685947153068714e+07 4.5416378661803752e+07 -1.2838228342147896e+08 -5.5651805988755919e+07
1.3685948153068714e+07 4.5418107585457362e+07 -1.2838177157281505e+08 -5.5651584191580392e+07
1.3685949153068714e+07 4.5419836502411500e+07 -1.2838125970489667e+08 -5.5651362386055402e+07
1.3685950153068714e+07 4.5421565412665866e+07 -1.2838074781772390e+08 -5.5651140572180979e+07
1.3685951153068714e+07 4.5423294316220224e+07 -1.2838023591129674e+08 -5.5650918749957152e+07
1.3685952153068714e+07 4.5425023213074312e+07 -1.2837972398561531e+08 -5.5650696919383936e+07
1.3685953153068714e+07 4.5426752103227876e+07 -1.2837921204067966e+08 -5.5650475080461361e+07
1.3685954153068714e+07 4.5428480986680634e+07 -1.2837870007648982e+08 -5.5650253233189456e+07
1.3685955153068714e+07 4.5430209863432363e+07 -1.2837818809304594e+08 -5.5650031377568237e+07
1.3685956153068714e+07 4.5431938733482771e+07 -1.2837767609034796e+08 -5.5649809513597749e+07
1.3685957153068714e+07 4.5433667596831597e+07 -1.2837716406839603e+08 -5.5649587641277991e+07
1.3685958153068714e+07 4.5435396453478605e+07 -1.2837665202719019e+08 -5.5649365760609008e+07
1.3685959153068714e+07 4.5437125303423531e+07 -1.2837613996673049e+08 -5.5649143871590815e+07
1.3685960153068714e+07 4.5438854146666087e+07 -1.2837562788701700e+08 -5.5648921974223442e+07
1.3685961153068714e+07 4.5440582983206041e+07 -1.2837511578804976e+08 -5.5648700068506911e+07
1.3685962153068714e+07 4.5442311813043125e+07 -1.2837460366982888e+08 -5.5648478154441252e+07
1.3685963153068714e+07 4.5444040636177093e+07 -1.2837409153235440e+08 -5.5648256232026495e+07
1.3685964153068714e+07 4.5445769452607661e+07 -1.2837357937562634e+08 -5.5648034301262654e+07
1.3685965153068714e+07 4.5447498262334570e+07 -1.2837306719964483e+08 -5.5647812362149760e+07
1.3685966153068714e+07 4.5449227065357588e+07 -1.2837255500440991e+08 -5.5647590414687827e+07
1.3685967153068714e+07 4.5450955861676425e+07 -1.2837204278992161e+08 -5.5647368458876885e+07
1.3685968153068714e+07 4.5452684651290841e+07 -1.2837153055618003e+08 -5.5647146494716980e+07
1.3685969153068714e+07 4.5454413434200570e+07 -1.2837101830318521e+08 -5.5646924522208109e+07
1.3685970153068714e+07 4.5456142210405335e+07 -1.2837050603093724e+08 -5.5646702541350313e+07
1.3685971153068714e+07 4.5457870979904905e+07 -1.2836999373943615e+08 -5.5646480552143626e+07
1.3685972153068714e+07 4.5459599742699012e+07 -1.2836948142868201e+08 -5.5646258554588042e+07
1.3685973153068714e+07 4.5461328498787381e+07 -1.2836896909867489e+08 -5.5646036548683621e+07
1.3685974153068714e+07 4.5463057248169757e+07 -1.2836845674941485e+08 -5.5645814534430370e+07
1.3685975153068714e+07 4.5464785990845904e+07 -1.2836794438090195e+08 -5.5645592511828311e+07
1.3685976153068714e+07 4.5466514726815537e+07 -1.2836743199313624e+08 -5.5645370480877481e+07
1.3685977153068714e+07 4.5468243456078388e+07 -1.2836691958611782e+08 -5.5645148441577889e+07
1.3685978153068714e+07 4.5469972178634226e+07 -1.2836640715984671e+08 -5.5644926393929578e+07
1.3685979153068714e+07 4.5471700894482784e+07 -1.2836589471432300e+08 -5.5644704337932564e+07
1.3685980153068714e+07 4.5473429603623778e+07 -1.2836538224954674e+08 -5.5644482273586884e+07
1.3685981153068714e+07 4.5475158306056976e+07 -1.2836486976551798e+08 -5.5644260200892545e+07
1.3685982153068714e+07 4.5476887001782104e+07 -1.2836435726223680e+08 -5.5644038119849585e+07
1.3685983153068714e+07 4.5478615690798901e+07 -1.2836384473970327e+08 -5.5643816030458026e+07
1.3685984153068714e+07 4.5480344373107120e+07 -1.2836333219791745e+08 -5.5643593932717890e+07
1.3685985153068714e+07 4.5482073048706487e+07 -1.2836281963687935e+08 -5.5643371826629199e+07
1.3685986153068714e+07 4.5483801717596747e+07 -1.2836230705658913e+08 -5.5643149712191999e+07
1.3685987153068714e+07 4.5485530379777655e+07 -1.2836179445704676e+08 -5.5642927589406289e+07
1.3685988153068714e+07 4.5487259035248920e+07 -1.2836128183825237e+08 -5.5642705458272107e+07
1.3685989153068714e+07 4.5488987684010312e+07 -1.2836076920020595e+08 -5.5642483318789475e+07
1.3685990153068714e+07 4.5490716326061554e+07 -1.2836025654290763e+08 -5.5642261170958430e+07
1.3685991153068714e+07 4.5492444961402386e+07 -1.2835974386635743e+08 -5.5642039014778994e+07
1.3685992153068714e+07 4.5494173590032563e+07 -1.2835923117055544e+08 -5.5641816850251168e+07
1.3685993153068714e+07 4.5495902211951807e+07 -1.2835871845550172e+08 -5.5641594677375011e+07
1.3685994153068714e+07 4.5497630827159874e+07 -1.2835820572119631e+08 -5.5641372496150523e+07
1.3685995153068714e+07 4.5499359435656488e+07 -1.2835769296763928e+08 -5.5641150306577742e+07
1.3685996153068714e+07 4.5501088037441403e+07 -1.2835718019483070e+08 -5.5640928108656690e+07
1.3685997153068714e+07 4.5502816632514350e+07 -1.2835666740277065e+08 -5.5640705902387396e+07
1.3685998153068714e+07 4.5504545220875062e+07 -1.2835615459145914e+08 -5.5640483687769882e+07
1.3685999153068714e+07 4.5506273802523308e+07 -1.2835564176089628e+08 -5.5640261464804173e+07
1.3686000153068714e+07 4.5508002377458803e+07 -1.2835512891108212e+08 -5.5640039233490288e+07
1.3686001153068714e+07 4.5509730945681296e+07 -1.2835461604201670e+08 -5.5639816993828267e+07
1.3686002153068714e+07 4.5511459507190526e+07 -1.2835410315370011e+08 -5.5639594745818131e+07
1.3686003153068714e+07 4.5513188061986223e+07 -1.2835359024613242e+08 -5.5639372489459895e+07
1.3686004153068714e+07 4.5514916610068142e+07 -1.2835307731931365e+08 -5.5639150224753588e+07
1.3686005153068714e+07 4.5516645151436016e+07 -1.2835256437324390e+08 -5.5638927951699249e+07
1.3686006153068714e+07 4.5518373686089590e+07 -1.2835205140792322e+08 -5.5638705670296885e+07
1.3686007153068714e+07 4.5520102214028597e+07 -1.2835153842335165e+08 -5.5638483380546533e+07
1.3686008153068714e+07 4.5521830735252783e+07 -1.2835102541952929e+08 -5.5638261082448214e+07
1.3686009153068714e+07 4.5523559249761879e+07 -1.2835051239645620e+08 -5.5638038776001960e+07
1.3686010153068714e+07 4.5525287757555649e+07 -1.2834999935413241e+08 -5.5637816461207785e+07
1.3686011153068714e+07 4.5527016258633792e+07 -1.2834948629255801e+08 -5.5637594138065718e+07
1.3686012153068714e+07 4.5528744752996087e+07 -1.2834897321173306e+08 -5.5637371806575790e+07
1.3686013153068714e+07 4.5530473240642264e+07 -1.2834846011165759e+08 -5.5637149466738023e+07
1.3686014153068714e+07 4.5532201721572056e+07 -1.2834794699233171e+08 -5.5636927118552446e+07
1.3686015153068714e+07 4.5533930195785202e+07 -1.2834743385375546e+08 -5.5636704762019075e+07
1.3686016153068714e+07 4.5535658663281433e+07 -1.2834692069592889e+08 -5.5636482397137932e+07
1.3686017153068714e+07 4.5537387124060519e+07 -1.2834640751885207e+08 -5.5636260023909062e+07
1.3686018153068714e+07 4.5539115578122176e+07 -1.2834589432252508e+08 -5.5636037642332472e+07
1.3686019153068714e+07 4.5540844025466144e+07 -1.2834538110694796e+08 -5.5635815252408206e+07
1.3686020153068714e+07 4.5542572466092177e+07 -1.2834486787212080e+08 -5.5635592854136273e+07
1.3686021153068714e+07 4.5544300900000006e+07 -1.2834435461804363e+08 -5.5635370447516695e+07
1.3686022153068714e+07 4.5546029327189386e+07 -1.2834384134471653e+08 -5.5635148032549523e+07
1.3686023153068714e+07 4.5547757747660019e+07 -1.2834332805213955e+08 -5.5634925609234750e+07
1.3686024153068714e+07 4.5549486161411688e+07 -1.2834281474031277e+08 -5.5634703177572422e+07
1.3686025153068714e+07 4.5551214568444118e+07 -1.2834230140923624e+08 -5.5634480737562560e+07
1.3686026153068714e+07 4.5552942968757026e+07 -1.2834178805891003e+08 -5.5634258289205194e+07
1.3686027153068714e+07 4.5554671362350188e+07 -1.2834127468933417e+08 -5.5634035832500331e+07
1.3686028153068714e+07 4.5556399749223329e+07 -1.2834076130050878e+08 -5.5633813367448017e+07
1.3686029153068714e+07 4.5558128129376188e+07 -1.2834024789243390e+08 -5.5633590894048266e+07
1.3686030153068714e+07 4.5559856502808496e+07 -1.2833973446510956e+08 -5.5633368412301116e+07
1.3686031153068714e+07 4.5561584869520009e+07 -1.2833922101853587e+08 -5.5633145922206581e+07
1.3686032153068714e+07 4.5563313229510464e+07 -1.2833870755271284e+08 -5.5632923423764691e+07
1.3686033153068714e+07 4.5565041582779594e+07 -1.2833819406764059e+08 -5.5632700916975461e+07
1.3686034153068714e+07 4.5566769929327138e+07 -1.2833768056331913e+08 -5.5632478401838921e+07
1.3686035153068714e+07 4.5568498269152850e+07 -1.2833716703974856e+08 -5.5632255878355108e+07
1.3686036153068714e+07 4.5570226602256455e+07 -1.2833665349692893e+08 -5.5632033346524037e+07
1.3686037153068714e+07 4.5571954928637706e+07 -1.2833613993486030e+08 -5.5631810806345738e+07
1.3686038153068714e+07 4.5573683248296328e+07 -1.2833562635354273e+08 -5.5631588257820241e+07
1.3686039153068714e+07 4.5575411561232075e+07 -1.2833511275297630e+08 -5.5631365700947553e+07
1.3686040153068714e+07 4.5577139867444679e+07 -1.2833459913316104e+08 -5.5631143135727718e+07
1.3686041153068714e+07 4.5578868166933879e+07 -1.2833408549409704e+08 -5.5630920562160760e+07
1.3686042153068714e+07 4.5580596459699422e+07 -1.2833357183578436e+08 -5.5630697980246678e+07
1.3686043153068714e+07 4.5582324745741040e+07 -1.2833305815822305e+08 -5.5630475389985539e+07
1.3686044153068714e+07 4.5584053025058478e+07 -1.2833254446141317e+08 -5.5630252791377336e+07
1.3686045153068714e+07 4.5585781297651485e+07 -1.2833203074535480e+08 -5.5630030184422113e+07
1.3686046153068714e+07 4.5587509563519783e+07 -1.2833151701004799e+08 -5.5629807569119886e+07
1.3686047153068714e+07 4.5589237822663113e+07 -1.2833100325549279e+08 -5.5629584945470691e+07
1.3686048153068714e+07 4.5590966075081237e+07 -1.2833048948168932e+08 -5.5629362313474528e+07
1.3686049153068714e+07 4.5592694320773870e+07 -1.2832997568863755e+08 -5.5629139673131444e+07
1.3686050153068714e+07 4.5594422559740767e+07 -1.2832946187633762e+08 -5.5628917024441473e+07
1.3686051153068714e+07 4.5596150791981667e+07 -1.2832894804478957e+08 -5.5628694367404617e+07
1.3686052153068714e+07 4.5597879017496303e+07 -1.2832843419399345e+08 -5.5628471702020913e+07
1.3686053153068714e+07 4.5599607236284420e+07 -1.2832792032394934e+08 -5.5628249028290398e+07
1.3686054153068714e+07 4.5601335448345758e+07 -1.2832740643465726e+08 -5.5628026346213073e+07
1.3686055153068714e+07 4.5603063653680056e+07 -1.2832689252611732e+08 -5.5627803655788980e+07
1.3686056153068714e+07 4.5604791852287047e+07 -1.2832637859832959e+08 -5.5627580957018137e+07
1.3686057153068714e+07 4.5606520044166483e+07 -1.2832586465129410e+08 -5.5627358249900565e+07
1.3686058153068714e+07 4.5608248229318097e+07 -1.2832535068501090e+08 -5.5627135534436315e+07
1.3686059153068714e+07 4.5609976407741636e+07 -1.2832483669948010e+08 -5.5626912810625389e+07
1.3686060153068714e+07 4.5611704579436824e+07 -1.2832432269470172e+08 -5.5626690078467809e+07
1.3686061153068714e+07 4.5613432744403422e+07 -1.2832380867067586e+08 -5.5626467337963611e+07
1.3686062153068714e+07 4.5615160902641155e+07 -1.2832329462740254e+08 -5.5626244589112826e+07
1.3686063153068714e+07 4.5616889054149769e+07 -1.2832278056488186e+08 -5.5626021831915468e+07
1.3686064153068714e+07 4.5618617198929004e+07 -1.2832226648311387e+08 -5.5625799066371568e+07
1.3686065153068714e+07 4.5620345336978599e+07 -1.2832175238209862e+08 -5.5625576292481154e+07
1.3686066153068714e+07 4.5622073468298294e+07 -1.2832123826183617e+08 -5.5625353510244235e+07
1.3686067153068714e+07 4.5623801592887826e+07 -1.2832072412232660e+08 -5.5625130719660863e+07
1.3686068153068714e+07 4.5625529710746937e+07 -1.2832020996356998e+08 -5.5624907920731038e+07
1.3686069153068714e+07 4.5627257821875371e+07 -1.2831969578556636e+08 -5.5624685113454796e+07
1.3686070153068714e+07 4.5628985926272877e+07 -1.2831918158831580e+08 -5.5624462297832176e+07
1.3686071153068714e+07 4.5630714023939162e+07 -1.2831866737181835e+08 -5.5624239473863184e+07
1.3686072153068714e+07 4.5632442114873998e+07 -1.2831815313607411e+08 -5.5624016641547859e+07
1.3686073153068714e+07 4.5634170199077107e+07 -1.2831763888108310e+08 -5.5623793800886199e+07
1.3686074153068714e+07 4.5635898276548244e+07 -1.2831712460684541e+08 -5.5623570951878272e+07
1.3686075153068714e+07 4.5637626347287133e+07 -1.2831661031336111e+08 -5.5623348094524078e+07
1.3686076153068714e+07 4.5639354411293536e+07 -1.2831609600063023e+08 -5.5623125228823632e+07
1.3686077153068714e+07 4.5641082468567170e+07 -1.2831558166865283e+08 -5.5622902354776993e+07
1.3686078153068714e+07 4.5642810519107789e+07 -1.2831506731742904e+08 -5.5622679472384155e+07
1.3686079153068714e+07 4.5644538562915124e+07 -1.2831455294695884e+08 -5.5622456581645153e+07
1.3686080153068714e+07 4.5646266599988915e+07 -1.2831403855724233e+08 -5.5622233682560034e+07
1.3686081153068714e+07 4.5647994630328909e+07 -1.2831352414827958e+08 -5.5622010775128789e+07
1.3686082153068714e+07 4.5649722653934844e+07 -1.2831300972007065e+08 -5.5621787859351464e+07
1.3686083153068714e+07 4.5651450670806460e+07 -1.2831249527261558e+08 -5.5621564935228072e+07
1.3686084153068714e+07 4.5653178680943497e+07 -1.2831198080591443e+08 -5.5621342002758652e+07
1.3686085153068714e+07 4.5654906684345692e+07 -1.2831146631996731e+08 -5.5621119061943226e+07
1.3686086153068714e+07 4.5656634681012787e+07 -1.2831095181477425e+08 -5.5620896112781815e+07
1.3686087153068714e+07 4.5658362670944519e+07 -1.2831043729033531e+08 -5.5620673155274443e+07
1.3686088153068714e+07 4.5660090654140636e+07 -1.2830992274665056e+08 -5.5620450189421147e+07
1.3686089153068714e+07 4.5661818630600870e+07 -1.2830940818372004e+08 -5.5620227215221934e+07
1.3686090153068714e+07 4.5663546600324966e+07 -1.2830889360154387e+08 -5.5620004232676849e+07
1.3686091153068714e+07 4.5665274563312657e+07 -1.2830837900012206e+08 -5.5619781241785906e+07
1.3686092153068714e+07 4.5667002519563690e+07 -1.2830786437945467e+08 -5.5619558242549136e+07
1.3686093153068714e+07 4.5668730469077803e+07 -1.2830734973954178e+08 -5.5619335234966554e+07
1.3686094153068714e+07 4.5670458411854737e+07 -1.2830683508038349e+08 -5.5619112219038196e+07
1.3686095153068714e+07 4.5672186347894229e+07 -1.2830632040197980e+08 -5.5618889194764085e+07
1.3686096153068714e+07 4.5673914277196020e+07 -1.2830580570433080e+08 -5.5618666162144251e+07
1.3686097153068714e+07 4.5675642199759856e+07 -1.2830529098743656e+08 -5.5618443121178716e+07
1.3686098153068714e+07 4.5677370115585476e+07 -1.2830477625129713e+08 -5.5618220071867496e+07
1.3686099153068714e+07 4.5679098024672605e+07 -1.2830426149591257e+08 -5.5617997014210626e+07
1.3686100153068714e+07 4.5680825927020997e+07 -1.2830374672128297e+08 -5.5617773948208131e+07
1.3686101153068714e+07 4.5682553822630391e+07 -1.2830323192740832e+08 -5.5617550873860046e+07
1.3686102153068714e+07 4.5684281711500518e+07 -1.2830271711428879e+08 -5.5617327791166373e+07
1.3686103153068714e+07 4.5686009593631126e+07 -1.2830220228192437e+08 -5.5617104700127147e+07
1.3686104153068714e+07 4.5687737469021969e+07 -1.2830168743031514e+08 -5.5616881600742422e+07
1.3686105153068714e+07 4.5689465337672748e+07 -1.2830117255946116e+08 -5.5616658493012175e+07
1.3686106153068714e+07 4.5691193199583232e+07 -1.2830065766936249e+08 -5.5616435376936466e+07
1.3686107153068714e+07 4.5692921054753162e+07 -1.2830014276001920e+08 -5.5616212252515309e+07
1.3686108153068714e+07 4.5694648903182276e+07 -1.2829962783143134e+08 -5.5615989119748726e+07
1.3686109153068714e+07 4.5696376744870298e+07 -1.2829911288359901e+08 -5.5615765978636749e+07
1.3686110153068714e+07 4.5698104579816982e+07 -1.2829859791652222e+08 -5.5615542829179399e+07
1.3686111153068714e+07 4.5699832408022068e+07 -1.2829808293020107e+08 -5.5615319671376720e+07
1.3686112153068714e+07 4.5701560229485288e+07 -1.2829756792463560e+08 -5.5615096505228706e+07
1.3686113153068714e+07 4.5703288044206388e+07 -1.2829705289982590e+08 -5.5614873330735400e+07
1.3686114153068714e+07 4.5705015852185115e+07 -1.2829653785577200e+08 -5.5614650147896826e+07
1.3686115153068714e+07 4.5706743653421193e+07 -1.2829602279247399e+08 -5.5614426956713013e+07
1.3686116153068714e+07 4.5708471447914377e+07 -1.2829550770993191e+08 -5.5614203757183984e+07
1.3686117153068714e+07 4.5710199235664390e+07 -1.2829499260814585e+08 -5.5613980549309760e+07
1.3686118153068714e+07 4.5711927016670994e+07 -1.2829447748711585e+08 -5.5613757333090365e+07
1.3686119153068714e+07 4.5713654790933914e+07 -1.2829396234684198e+08 -5.5613534108525835e+07
1.3686120153068714e+07 4.5715382558452874e+07 -1.2829344718732430e+08 -5.5613310875616200e+07
1.3686121153068714e+07 4.5717110319227651e+07 -1.2829293200856286e+08 -5.5613087634361461e+07
1.3686122153068714e+07 4.5718838073257960e+07 -1.2829241681055777e+08 -5.5612864384761661e+07
1.3686123153068714e+07 4.5720565820543557e+07 -1.2829190159330904e+08 -5.5612641126816824e+07
1.3686124153068714e+07 4.5722293561084159e+07 -1.2829138635681675e+08 -5.5612417860526972e+07
1.3686125153068714e+07 4.5724021294879526e+07 -1.2829087110108098e+08 -5.5612194585892148e+07
1.3686126153068714e+07 4.5725749021929391e+07 -1.2829035582610177e+08 -5.5611971302912340e+07
1.3686127153068714e+07 4.5727476742233500e+07 -1.2828984053187920e+08 -5.5611748011587605e+07
1.3686128153068714e+07 4.5729204455791578e+07 -1.2828932521841329e+08 -5.5611524711917967e+07
1.3686129153068714e+07 4.5730932162603378e+07 -1.2828880988570419e+08 -5.5611301403903447e+07
1.3686130153068714e+07 4.5732659862668626e+07 -1.2828829453375188e+08 -5.5611078087544054e+07
1.3686131153068714e+07 4.5734387555987082e+07 -1.2828777916255645e+08 -5.5610854762839839e+07
1.3686132153068714e+07 4.5736115242558472e+07 -1.2828726377211797e+08 -5.5610631429790802e+07
1.3686133153068714e+07 4.5737842922382541e+07 -1.2828674836243649e+08 -5.5610408088396989e+07
1.3686134153068714e+07 4.5739570595459029e+07 -1.2828623293351211e+08 -5.5610184738658421e+07
1.3686135153068714e+07 4.5741298261787675e+07 -1.2828571748534483e+08 -5.5609961380575120e+07
1.3686136153068714e+07 4.5743025921368219e+07 -1.2828520201793477e+08 -5.5609738014147118e+07
1.3686137153068714e+07 4.5744753574200399e+07 -1.2828468653128195e+08 -5.5609514639374435e+07
1.3686138153068714e+07 4.5746481220283948e+07 -1.2828417102538645e+08 -5.5609291256257094e+07
1.3686139153068714e+07 4.5748208859618619e+07 -1.2828365550024836e+08 -5.5609067864795126e+07
1.3686140153068714e+07 4.5749936492204145e+07 -1.2828313995586769e+08 -5.5608844464988552e+07
1.3686141153068714e+07 4.5751664118040279e+07 -1.2828262439224453e+08 -5.5608621056837402e+07
1.3686142153068714e+07 4.5753391737126745e+07 -1.2828210880937895e+08 -5.5608397640341707e+07
1.3686143153068714e+07 4.5755119349463277e+07 -1.2828159320727099e+08 -5.5608174215501480e+07
1.3686144153068714e+07 4.5756846955049634e+07 -1.2828107758592077e+08 -5.5607950782316752e+07
1.3686145153068714e+07 4.5758574553885557e+07 -1.2828056194532827e+08 -5.5607727340787545e+07
1.3686146153068714e+07 4.5760302145970754e+07 -1.2828004628549361e+08 -5.5607503890913889e+07
1.3686147153068714e+07 4.5762029731305003e+07 -1.2827953060641684e+08 -5.5607280432695813e+07
1.3686148153068714e+07 4.5763757309888028e+07 -1.2827901490809803e+08 -5.5607056966133341e+07
1.3686149153068714e+07 4.5765484881719567e+07 -1.2827849919053720e+08 -5.5606833491226479e+07
1.3686150153068714e+07 4.5767212446799360e+07 -1.2827798345373447e+08 -5.5606610007975295e+07
1.3686151153068714e+07 4.5768940005127147e+07 -1.2827746769768988e+08 -5.5606386516379774e+07
1.3686152153068714e+07 4.5770667556702666e+07 -1.2827695192240347e+08 -5.5606163016439959e+07
1.3686153153068714e+07 4.5772395101525672e+07 -1.2827643612787534e+08 -5.5605939508155875e+07
1.3686154153068714e+07 4.5774122639595896e+07 -1.2827592031410551e+08 -5.5605715991527542e+07
1.3686155153068714e+07 4.5775850170913063e+07 -1.2827540448109411e+08 -5.5605492466554999e+07
1.3686156153068714e+07 4.5777577695476919e+07 -1.2827488862884113e+08 -5.5605268933238246e+07
1.3686157153068714e+07 4.5779305213287227e+07 -1.2827437275734667e+08 -5.5605045391577341e+07
1.3686158153068714e+07 4.5781032724343702e+07 -1.2827385686661080e+08 -5.5604821841572292e+07
1.3686159153068714e+07 4.5782760228646100e+07 -1.2827334095663357e+08 -5.5604598283223122e+07
1.3686160153068714e+07 4.5784487726194143e+07 -1.2827282502741504e+08 -5.5604374716529861e+07
1.3686161153068714e+07 4.5786215216987588e+07 -1.2827230907895528e+08 -5.5604151141492538e+07
1.3686162153068714e+07 4.5787942701026164e+07 -1.2827179311125432e+08 -5.5603927558111176e+07
1.3686163153068714e+07 4.5789670178309612e+07 -1.2827127712431228e+08 -5.5603703966385789e+07
1.3686164153068714e+07 4.5791397648837678e+07 -1.2827076111812919e+08 -5.5603480366316430e+07
1.3686165153068714e+07 4.5793125112610094e+07 -1.2827024509270512e+08 -5.5603256757903099e+07
1.3686166153068714e+07 4.5794852569626607e+07 -1.2826972904804012e+08 -5.5603033141145833e+07
1.3686167153068714e+07 4.5796580019886948e+07 -1.2826921298413429e+08 -5.5602809516044647e+07
1.3686168153068714e+07 4.5798307463390872e+07 -1.2826869690098763e+08 -5.5602585882599592e+07
1.3686169153068714e+07 4.5800034900138102e+07 -1.2826818079860026e+08 -5.5602362240810663e+07
1.3686170153068714e+07 4.5801762330128394e+07 -1.2826766467697223e+08 -5.5602138590677895e+07
1.3686171153068714e+07 4.5803489753361471e+07 -1.2826714853610356e+08 -5.5601914932201333e+07
1.3686172153068714e+07 4.5805217169837087e+07 -1.2826663237599438e+08 -5.5601691265380979e+07
1.3686173153068714e+07 4.5806944579554975e+07 -1.2826611619664471e+08 -5.5601467590216875e+07
1.3686174153068714e+07 4.5808671982514873e+07 -1.2826559999805462e+08 -5.5601243906709030e+07
1.3686175153068714e+07 4.5810399378716528e+07 -1.2826508378022419e+08 -5.5601020214857481e+07
1.3686176153068714e+07 4.5812126768159665e+07 -1.2826456754315346e+08 -5.5600796514662258e+07
1.3686177153068714e+07 4.5813854150844045e+07 -1.2826405128684251e+08 -5.5600572806123368e+07
1.3686178153068714e+07 4.5815581526769407e+07 -1.2826353501129138e+08 -5.5600349089240864e+07
1.3686179153068714e+07 4.5817308895935468e+07 -1.2826301871650015e+08 -5.5600125364014745e+07
1.3686180153068714e+07 4.5819036258341968e+07 -1.2826250240246890e+08 -5.5599901630445056e+07
1.3686181153068714e+07 4.5820763613988683e+07 -1.2826198606919767e+08 -5.5599677888531812e+07
1.3686182153068714e+07 4.5822490962875314e+07 -1.2826146971668652e+08 -5.5599454138275035e+07
1.3686183153068714e+07 4.5824218305001624e+07 -1.2826095334493551e+08 -5.5599230379674770e+07
1.3686184153068714e+07 4.5825945640367344e+07 -1.2826043695394471e+08 -5.5599006612731010e+07
1.3686185153068714e+07 4.5827672968972214e+07 -1.2825992054371421e+08 -5.5598782837443821e+07
1.3686186153068714e+07 4.5829400290815979e+07 -1.2825940411424401e+08 -5.5598559053813197e+07
1.3686187153068714e+07 4.5831127605898365e+07 -1.2825888766553426e+08 -5.5598335261839181e+07
1.3686188153068714e+07 4.5832854914219134e+07 -1.2825837119758496e+08 -5.5598111461521782e+07
1.3686189153068714e+07 4.5834582215778008e+07 -1.2825785471039617e+08 -5.5597887652861044e+07
1.3686190153068714e+07 4.5836309510574743e+07 -1.2825733820396797e+08 -5.5597663835856982e+07
1.3686191153068714e+07 4.5838036798609048e+07 -1.2825682167830046e+08 -5.5597440010509625e+07
1.3686192153068714e+07 4.5839764079880700e+07 -1.2825630513339363e+08 -5.5597216176819004e+07
1.3686193153068714e+07 4.5841491354389407e+07 -1.2825578856924759e+08 -5.5596992334785126e+07
1.3686194153068714e+07 4.5843218622134939e+07 -1.2825527198586240e+08 -5.5596768484408036e+07
1.3686195153068714e+07 4.5844945883117013e+07 -1.2825475538323811e+08 -5.5596544625687756e+07
1.3686196153068714e+07 4.5846673137335375e+07 -1.2825423876137479e+08 -5.5596320758624315e+07
1.3686197153068714e+07 4.5848400384789765e+07 -1.2825372212027249e+08 -5.5596096883217722e+07
1.3686198153068714e+07 4.5850127625479922e+07 -1.2825320545993130e+08 -5.5595872999468021e+07
1.3686199153068714e+07 4.5851854859405600e+07 -1.2825268878035125e+08 -5.5595649107375219e+07
1.3686200153068714e+07 4.5853582086566515e+07 -1.2825217208153243e+08 -5.5595425206939362e+07
1.3686201153068714e+07 4.5855309306962423e+07 -1.2825165536347489e+08 -5.5595201298160471e+07
1.3686202153068714e+07 4.5857036520593062e+07 -1.2825113862617871e+08 -5.5594977381038554e+07
1.3686203153068714e+07 4.5858763727458164e+07 -1.2825062186964393e+08 -5.5594753455573656e+07
1.3686204153068714e+07 4.5860490927557476e+07 -1.2825010509387062e+08 -5.5594529521765806e+07
1.3686205153068714e+07 4.5862218120890737e+07 -1.2824958829885885e+08 -5.5594305579615012e+07
1.3686206153068714e+07 4.5863945307457685e+07 -1.2824907148460868e+08 -5.5594081629121304e+07
1.3686207153068714e+07 4.5865672487258054e+07 -1.2824855465112016e+08 -5.5593857670284711e+07
1.3686208153068714e+07 4.5867399660291597e+07 -1.2824803779839337e+08 -5.5593633703105271e+07
1.3686209153068714e+07 4.5869126826558053e+07 -1.2824752092642838e+08 -5.5593409727582991e+07
1.3686210153068714e+07 4.5870853986057140e+07 -1.2824700403522523e+08 -5.5593185743717901e+07
1.3686211153068714e+07 4.5872581138788626e+07 -1.2824648712478401e+08 -5.5592961751510039e+07
1.3686212153068714e+07 4.5874308284752227e+07 -1.2824597019510473e+08 -5.5592737750959411e+07
1.3686213153068714e+07 4.5876035423947707e+07 -1.2824545324618752e+08 -5.5592513742066056e+07
1.3686214153068714e+07 4.5877762556374788e+07 -1.2824493627803241e+08 -5.5592289724830002e+07
1.3686215153068714e+07 4.5879489682033211e+07 -1.2824441929063946e+08 -5.5592065699251272e+07
1.3686216153068714e+07 4.5881216800922722e+07 -1.2824390228400874e+08 -5.5591841665329881e+07
1.3686217153068714e+07 4.5882943913043059e+07 -1.2824338525814031e+08 -5.5591617623065867e+07
1.3686218153068714e+07 4.5884671018393956e+07 -1.2824286821303424e+08 -5.5591393572459243e+07
1.3686219153068714e+07 4.5886398116975173e+07 -1.2824235114869060e+08 -5.5591169513510063e+07
1.3686220153068714e+07 4.5888125208786421e+07 -1.2824183406510942e+08 -5.5590945446218319e+07
1.3686221153068714e+07 4.5889852293827459e+07 -1.2824131696229078e+08 -5.5590721370584056e+07
1.3686222153068714e+07 4.5891579372098014e+07 -1.2824079984023477e+08 -5.5590497286607288e+07
1.3686223153068714e+07 4.5893306443597838e+07 -1.2824028269894141e+08 -5.5590273194288053e+07
1.3686224153068714e+07 4.5895033508326672e+07 -1.2823976553841081e+08 -5.5590049093626380e+07
1.3686225153068714e+07 4.5896760566284239e+07 -1.2823924835864298e+08 -5.5589824984622270e+07
1.3686226153068714e+07 4.5898487617470302e+07 -1.2823873115963803e+08 -5.5589600867275774e+07
1.3686227153068714e+07 4.5900214661884576e+07 -1.2823821394139597e+08 -5.5589376741586909e+07
1.3686228153068714e+07 4.5901941699526817e+07 -1.2823769670391694e+08 -5.5589152607555695e+07
1.3686229153068714e+07 4.5903668730396762e+07 -1.2823717944720092e+08 -5.5588928465182155e+07
1.3686230153068714e+07 4.5905395754494153e+07 -1.2823666217124805e+08 -5.5588704314466342e+07
1.3686231153068714e+07 4.5907122771818720e+07 -1.2823614487605833e+08 -5.5588480155408256e+07
1.3686232153068714e+07 4.5908849782370210e+07 -1.2823562756163186e+08 -5.5588255988007925e+07
1.3686233153068714e+07 4.5910576786148362e+07 -1.2823511022796868e+08 -5.5588031812265389e+07
1.3686234153068714e+07 4.5912303783152916e+07 -1.2823459287506887e+08 -5.5587807628180653e+07
1.3686235153068714e+07 4.5914030773383610e+07 -1.2823407550293249e+08 -5.5587583435753755e+07
1.3686236153068714e+07 4.5915757756840184e+07 -1.2823355811155961e+08 -5.5587359234984726e+07
1.3686237153068714e+07 4.5917484733522385e+07 -1.2823304070095028e+08 -5.5587135025873579e+07
1.3686238153068714e+07 4.5919211703429945e+07 -1.2823252327110454e+08 -5.5586910808420353e+07
1.3686239153068714e+07 4.5920938666562602e+07 -1.2823200582202251e+08 -5.5586686582625061e+07
1.3686240153068714e+07 4.5922665622920111e+07 -1.2823148835370423e+08 -5.5586462348487735e+07
1.3686241153068714e+07 4.5924392572502188e+07 -1.2823097086614974e+08 -5.5586238106008403e+07
1.3686242153068714e+07 4.5926119515308581e+07 -1.2823045335935912e+08 -5.5586013855187081e+07
1.3686243153068714e+07 4.5927846451339044e+07 -1.2822993583333245e+08 -5.5585789596023805e+07
1.3686244153068714e+07 4.5929573380593300e+07 -1.2822941828806975e+08 -5.5585565328518607e+07
1.3686245153068714e+07 4.5931300303071097e+07 -1.2822890072357114e+08 -5.5585341052671500e+07
1.3686246153068714e+07 4.5933027218772173e+07 -1.2822838313983664e+08 -5.5585116768482499e+07
1.3686247153068714e+07 4.5934754127696268e+07 -1.2822786553686632e+08 -5.5584892475951664e+07
1.3686248153068714e+07 4.5936481029843114e+07 -1.2822734791466025e+08 -5.5584668175078996e+07
1.3686249153068714e+07 4.5938207925212473e+07 -1.2822683027321848e+08 -5.5584443865864515e+07
1.3686250153068714e+07 4.5939934813804060e+07 -1.2822631261254111e+08 -5.5584219548308268e+07
1.3686251153068714e+07 4.5941661695617624e+07 -1.2822579493262817e+08 -5.5583995222410269e+07
1.3686252153068714e+07 4.5943388570652902e+07 -1.2822527723347974e+08 -5.5583770888170540e+07
1.3686253153068714e+07 4.5945115438909642e+07 -1.2822475951509586e+08 -5.5583546545589112e+07
1.3686254153068714e+07 4.5946842300387584e+07 -1.2822424177747661e+08 -5.5583322194666006e+07
1.3686255153068714e+07 4.5948569155086458e+07 -1.2822372402062206e+08 -5.5583097835401267e+07
1.3686256153068714e+07 4.5950296003006004e+07 -1.2822320624453224e+08 -5.5582873467794903e+07
1.3686257153068714e+07 4.5952022844145969e+07 -1.2822268844920728e+08 -5.5582649091846935e+07
1.3686258153068714e+07 4.5953749678506091e+07 -1.2822217063464718e+08 -5.5582424707557403e+07
1.3686259153068714e+07 4.5955476506086111e+07 -1.2822165280085202e+08 -5.5582200314926326e+07
1.3686260153068714e+07 4.5957203326885767e+07 -1.2822113494782187e+08 -5.5581975913953722e+07
1.3686261153068714e+07 4.5958930140904784e+07 -1.2822061707555680e+08 -5.5581751504639633e+07
1.3686262153068714e+07 4.5960656948142931e+07 -1.2822009918405686e+08 -5.5581527086984091e+07
1.3686263153068714e+07 4.5962383748599924e+07 -1.2821958127332211e+08 -5.5581302660987087e+07
1.3686264153068714e+07 4.5964110542275503e+07 -1.2821906334335263e+08 -5.5581078226648673e+07
1.3686265153068714e+07 4.5965837329169430e+07 -1.2821854539414847e+08 -5.5580853783968881e+07
1.3686266153068714e+07 4.5967564109281428e+07 -1.2821802742570969e+08 -5.5580629332947716e+07
1.3686267153068714e+07 4.5969290882611245e+07 -1.2821750943803637e+08 -5.5580404873585209e+07
1.3686268153068714e+07 4.5971017649158612e+07 -1.2821699143112856e+08 -5.5580180405881397e+07
1.3686269153068714e+07 4.5972744408923253e+07 -1.2821647340498632e+08 -5.5579955929836296e+07
1.3686270153068714e+07 4.5974471161904946e+07 -1.2821595535960975e+08 -5.5579731445449933e+07
1.3686271153068714e+07 4.5976197908103406e+07 -1.2821543729499885e+08 -5.5579506952722341e+07
1.3686272153068714e+07 4.5977924647518374e+07 -1.2821491921115375e+08 -5.5579282451653533e+07
1.3686273153068714e+07 4.5979651380149603e+07 -1.2821440110807446e+08 -5.5579057942243546e+07
1.3686274153068714e+07 4.5981378105996817e+07 -1.2821388298576105e+08 -5.5578833424492411e+07
1.3686275153068714e+07 4.5983104825059764e+07 -1.2821336484421362e+08 -5.5578608898400135e+07
1.3686276153068714e+07 4.5984831537338175e+07 -1.2821284668343219e+08 -5.5578384363966756e+07
1.3686277153068714e+07 4.5986558242831804e+07 -1.2821232850341687e+08 -5.5578159821192302e+07
1.3686278153068714e+07 4.5988284941540375e+07 -1.2821181030416769e+08 -5.5577935270076789e+07
1.3686279153068714e+07 4.5990011633463651e+07 -1.2821129208568469e+08 -5.5577710710620254e+07
1.3686280153068714e+07 4.5991738318601348e+07 -1.2821077384796800e+08 -5.5577486142822705e+07
1.3686281153068714e+07 4.5993464996953212e+07 -1.2821025559101762e+08 -5.5577261566684194e+07
1.3686282153068714e+07 4.5995191668518990e+07 -1.2820973731483366e+08 -5.5577036982204728e+07
1.3686283153068714e+07 4.5996918333298415e+07 -1.2820921901941614e+08 -5.5576812389384337e+07
1.3686284153068714e+07 4.5998644991291225e+07 -1.2820870070476516e+08 -5.5576587788223051e+07
1.3686285153068714e+07 4.6000371642497160e+07 -1.2820818237088077e+08 -5.5576363178720891e+07
1.3686286153068714e+07 4.6002098286915965e+07 -1.2820766401776302e+08 -5.5576138560877889e+07
1.3686287153068714e+07 4.6003824924547382e+07 -1.2820714564541200e+08 -5.5575913934694052e+07
1.3686288153068714e+07 4.6005551555391148e+07 -1.2820662725382778e+08 -5.5575689300169438e+07
1.3686289153068714e+07 4.6007278179446995e+07 -1.2820610884301037e+08 -5.5575464657304041e+07
1.3686290153068714e+07 4.6009004796714671e+07 -1.2820559041295989e+08 -5.5575240006097905e+07
1.3686291153068714e+07 4.6010731407193907e+07 -1.2820507196367636e+08 -5.5575015346551053e+07
1.3686292153068714e+07 4.6012458010884456e+07 -1.2820455349515988e+08 -5.5574790678663515e+07
1.3686293153068714e+07 4.6014184607786044e+07 -1.2820403500741048e+08 -5.5574566002435304e+07
1.3686294153068714e+07 4.6015911197898425e+07 -1.2820351650042826e+08 -5.5574341317866459e+07
1.3686295153068714e+07 4.6017637781221330e+07 -1.2820299797421326e+08 -5.5574116624956995e+07
1.3686296153068714e+07 4.6019364357754491e+07 -1.2820247942876554e+08 -5.5573891923706941e+07
1.3686297153068714e+07 4.6021090927497670e+07 -1.2820196086408515e+08 -5.5573667214116335e+07
1.3686298153068714e+07 4.6022817490450583e+07 -1.2820144228017220e+08 -5.5573442496185184e+07
1.3686299153068714e+07 4.6024544046612985e+07 -1.2820092367702672e+08 -5.5573217769913532e+07
1.3686300153068714e+07 4.6026270595984608e+07 -1.2820040505464879e+08 -5.5572993035301387e+07
1.3686301153068714e+07 4.6027997138565190e+07 -1.2819988641303845e+08 -5.5572768292348780e+07
1.3686302153068714e+07 4.6029723674354486e+07 -1.2819936775219578e+08 -5.5572543541055761e+07
1.3686303153068714e+07 4.6031450203352213e+07 -1.2819884907212085e+08 -5.5572318781422317e+07
1.3686304153068714e+07 4.6033176725558132e+07 -1.2819833037281369e+08 -5.5572094013448492e+07
1.3686305153068714e+07 4.6034903240971960e+07 -1.2819781165427442e+08 -5.5571869237134323e+07
1.3686306153068714e+07 4.6036629749593459e+07 -1.2819729291650304e+08 -5.5571644452479817e+07
1.3686307153068714e+07 4.6038356251422353e+07 -1.2819677415949968e+08 -5.5571419659485012e+07
1.3686308153068714e+07 4.6040082746458389e+07 -1.2819625538326433e+08 -5.5571194858149923e+07
1.3686309153068714e+07 4.6041809234701306e+07 -1.2819573658779712e+08 -5.5570970048474595e+07
1.3686310153068714e+07 4.6043535716150843e+07 -1.2819521777309807e+08 -5.5570745230459034e+07
1.3686311153068714e+07 4.6045262190806746e+07 -1.2819469893916726e+08 -5.5570520404103272e+07
1.3686312153068714e+07 4.6046988658668749e+07 -1.2819418008600475e+08 -5.5570295569407344e+07
1.3686313153068714e+07 4.6048715119736582e+07 -1.2819366121361059e+08 -5.5570070726371258e+07
1.3686314153068714e+07 4.6050441574009992e+07 -1.2819314232198489e+08 -5.5569845874995060e+07
1.3686315153068714e+07 4.6052168021488719e+07 -1.2819262341112767e+08 -5.5569621015278764e+07
1.3686316153068714e+07 4.6053894462172523e+07 -1.2819210448103899e+08 -5.5569396147222400e+07
1.3686317153068714e+07 4.6055620896061108e+07 -1.2819158553171894e+08 -5.5569171270825990e+07
1.3686318153068714e+07 4.6057347323154233e+07 -1.2819106656316757e+08 -5.5568946386089563e+07
1.3686319153068714e+07 4.6059073743451640e+07 -1.2819054757538496e+08 -5.5568721493013144e+07
1.3686320153068714e+07 4.6060800156953052e+07 -1.2819002856837113e+08 -5.5568496591596752e+07
1.3686321153068714e+07 4.6062526563658230e+07 -1.2818950954212619e+08 -5.5568271681840427e+07
1.3686322153068714e+07 4.6064252963566907e+07 -1.2818899049665020e+08 -5.5568046763744183e+07
1.3686323153068714e+07 4.6065979356678814e+07 -1.2818847143194319e+08 -5.5567821837308057e+07
1.3686324153068714e+07 4.6067705742993698e+07 -1.2818795234800524e+08 -5.5567596902532071e+07
1.3686325153068714e+07 4.6069432122511290e+07 -1.2818743324483642e+08 -5.5567371959416233e+07
1.3686326153068714e+07 4.6071158495231345e+07 -1.2818691412243681e+08 -5.5567147007960610e+07
1.3686327153068714e+07 4.6072884861153595e+07 -1.2818639498080644e+08 -5.5566922048165180e+07
1.3686328153068714e+07 4.6074611220277771e+07 -1.2818587581994537e+08 -5.5566697080030002e+07
1.3686329153068714e+07 4.6076337572603621e+07 -1.2818535663985370e+08 -5.5566472103555083e+07
1.3686330153068714e+07 4.6078063918130890e+07 -1.2818483744053146e+08 -5.5566247118740469e+07
1.3686331153068714e+07 4.6079790256859310e+07 -1.2818431822197872e+08 -5.5566022125586167e+07
1.3686332153068714e+07 4.6081516588788621e+07 -1.2818379898419559e+08 -5.5565797124092214e+07
1.3686333153068714e+07 4.6083242913918562e+07 -1.2818327972718206e+08 -5.5565572114258625e+07
1.3686334153068714e+07 4.6084969232248880e+07 -1.2818276045093824e+08 -5.5565347096085437e+07
1.3686335153068714e+07 4.6086695543779306e+07 -1.2818224115546417e+08 -5.5565122069572672e+07
1.3686336153068714e+07 4.6088421848509580e+07 -1.2818172184075993e+08 -5.5564897034720354e+07
1.3686337153068714e+07 4.6090148146439448e+07 -1.2818120250682560e+08 -5.5564671991528518e+07
1.3686338153068714e+07 4.6091874437568642e+07 -1.2818068315366121e+08 -5.5564446939997189e+07
1.3686339153068714e+07 4.6093600721896909e+07 -1.2818016378126682e+08 -5.5564221880126372e+07
1.3686340153068714e+07 4.6095326999423996e+07 -1.2817964438964252e+08 -5.5563996811916113e+07
1.3686341153068714e+07 4.6097053270149618e+07 -1.2817912497878836e+08 -5.5563771735366434e+07
1.3686342153068714e+07 4.6098779534073524e+07 -1.2817860554870443e+08 -5.5563546650477357e+07
1.3686343153068714e+07 4.6100505791195460e+07 -1.2817808609939073e+08 -5.5563321557248913e+07
1.3686344153068714e+07 4.6102232041515179e+07 -1.2817756663084739e+08 -5.5563096455681123e+07
1.3686345153068714e+07 4.6103958285032392e+07 -1.2817704714307445e+08 -5.5562871345774025e+07
1.3686346153068714e+07 4.6105684521746852e+07 -1.2817652763607194e+08 -5.5562646227527618e+07
1.3686347153068714e+07 4.6107410751658306e+07 -1.2817600810983998e+08 -5.5562421100941971e+07
1.3686348153068714e+07 4.6109136974766478e+07 -1.2817548856437862e+08 -5.5562195966017067e+07
1.3686349153068714e+07 4.6110863191071130e+07 -1.2817496899968787e+08 -5.5561970822752953e+07
1.3686350153068714e+07 4.6112589400571972e+07 -1.2817444941576785e+08 -5.5561745671149649e+07
1.3686351153068714e+07 4.6114315603268765e+07 -1.2817392981261863e+08 -5.5561520511207186e+07
1.3686352153068714e+07 4.6116041799161248e+07 -1.2817341019024023e+08 -5.5561295342925593e+07
1.3686353153068714e+07 4.6117767988249145e+07 -1.2817289054863276e+08 -5.5561070166304879e+07
1.3686354153068714e+07 4.6119494170532219e+07 -1.2817237088779624e+08 -5.5560844981345102e+07
1.3686355153068714e+07 4.6121220346010193e+07 -1.2817185120773076e+08 -5.5560619788046241e+07
1.3686356153068714e+07 4.6122946514682800e+07 -1.2817133150843635e+08 -5.5560394586408362e+07
1.3686357153068714e+07 4.6124672676549800e+07 -1.2817081178991313e+08 -5.5560169376431480e+07
1.3686358153068714e+07 4.6126398831610911e+07 -1.2817029205216113e+08 -5.5559944158115610e+07
1.3686359153068714e+07 4.6128124979865894e+07 -1.2816977229518041e+08 -5.5559718931460798e+07
1.3686360153068714e+07 4.6129851121314466e+07 -1.2816925251897104e+08 -5.5559493696467057e+07
1.3686361153068714e+07 4.6131577255956389e+07 -1.2816873272353308e+08 -5.5559268453134403e+07
1.3686362153068714e+07 4.6133303383791387e+07 -1.2816821290886661e+08 -5.5559043201462880e+07
1.3686363153068714e+07 4.6135029504819214e+07 -1.2816769307497168e+08 -5.5558817941452511e+07
1.3686364153068714e+07 4.6136755619039603e+07 -1.2816717322184837e+08 -5.5558592673103318e+07
1.3686365153068714e+07 4.6138481726452284e+07 -1.2816665334949669e+08 -5.5558367396415330e+07
1.3686366153068714e+07 4.6140207827057004e+07 -1.2816613345791677e+08 -5.5558142111388564e+07
1.3686367153068714e+07 4.6141933920853503e+07 -1.2816561354710865e+08 -5.5557916818023056e+07
1.3686368153068714e+07 4.6143660007841520e+07 -1.2816509361707237e+08 -5.5557691516318828e+07
1.3686369153068714e+07 4.6145386088020794e+07 -1.2816457366780803e+08 -5.5557466206275910e+07
1.3686370153068714e+07 4.6147112161391072e+07 -1.2816405369931567e+08 -5.5557240887894318e+07
1.3686371153068714e+07 4.6148838227952078e+07 -1.2816353371159536e+08 -5.5557015561174087e+07
1.3686372153068714e+07 4.6150564287703566e+07 -1.2816301370464717e+08 -5.5556790226115249e+07
1.3686373153068714e+07 4.6152290340645261e+07 -1.2816249367847116e+08 -5.5556564882717818e+07
1.3686374153068714e+07 4.6154016386776924e+07 -1.2816197363306737e+08 -5.5556339530981816e+07
1.3686375153068714e+07 4.6155742426098280e+07 -1.2816145356843591e+08 -5.5556114170907281e+07
1.3686376153068714e+07 4.6157468458609067e+07 -1.2816093348457682e+08 -5.5555888802494235e+07
1.3686377153068714e+07 4.6159194484309025e+07 -1.2816041338149016e+08 -5.5555663425742708e+07
1.3686378153068714e+07 4.6160920503197908e+07 -1.2815989325917599e+08 -5.5555438040652715e+07
1.3686379153068714e+07 4.6162646515275441e+07 -1.2815937311763439e+08 -5.5555212647224300e+07
1.3686380153068714e+07 4.6164372520541355e+07 -1.2815885295686540e+08 -5.5554987245457470e+07
1.3686381153068714e+07 4.6166098518995412e+07 -1.2815833277686910e+08 -5.5554761835352264e+07
1.3686382153068714e+07 4.6167824510637343e+07 -1.2815781257764556e+08 -5.5554536416908689e+07
1.3686383153068714e+07 4.6169550495466881e+07 -1.2815729235919482e+08 -5.5554310990126804e+07
1.3686384153068714e+07 4.6171276473483779e+07 -1.2815677212151697e+08 -5.5554085555006608e+07
1.3686385153068714e+07 4.6173002444687761e+07 -1.2815625186461207e+08 -5.5553860111548133e+07
1.3686386153068714e+07 4.6174728409078568e+07 -1.2815573158848016e+08 -5.5553634659751400e+07
1.3686387153068714e+07 4.6176454366655946e+07 -1.2815521129312134e+08 -5.5553409199616462e+07
1.3686388153068714e+07 4.6178180317419633e+07 -1.2815469097853564e+08 -5.5553183731143318e+07
1.3686389153068714e+07 4.6179906261369377e+07 -1.2815417064472315e+08 -5.5552958254331991e+07
1.3686390153068714e+07 4.6181632198504910e+07 -1.2815365029168390e+08 -5.5552732769182526e+07
1.3686391153068714e+07 4.6183358128825970e+07 -1.2815312991941799e+08 -5.5552507275694937e+07
1.3686392153068714e+07 4.6185084052332297e+07 -1.2815260952792546e+08 -5.5552281773869254e+07
1.3686393153068714e+07 4.6186809969023623e+07 -1.2815208911720639e+08 -5.5552056263705507e+07
1.3686394153068714e+07 4.6188535878899708e+07 -1.2815156868726084e+08 -5.5551830745203719e+07
1.3686395153068714e+07 4.6190261781960271e+07 -1.2815104823808886e+08 -5.5551605218363911e+07
1.3686396153068714e+07 4.6191987678205065e+07 -1.2815052776969053e+08 -5.5551379683186114e+07
1.3686397153068714e+07 4.6193713567633823e+07 -1.2815000728206590e+08 -5.5551154139670350e+07
1.3686398153068714e+07 4.6195439450246289e+07 -1.2814948677521506e+08 -5.5550928587816648e+07
1.3686399153068714e+07 4.6197165326042190e+07 -1.2814896624913804e+08 -5.5550703027625032e+07
1.3686400153068714e+07 4.6198891195021287e+07 -1.2814844570383492e+08 -5.5550477459095538e+07
1.3686401153068714e+07 4.6200617057183295e+07 -1.2814792513930577e+08 -5.5550251882228188e+07
1.3686402153068714e+07 4.6202342912527971e+07 -1.2814740455555063e+08 -5.5550026297022991e+07
1.3686403153068714e+07 4.6204068761055060e+07 -1.2814688395256960e+08 -5.5549800703479998e+07
1.3686404153068714e+07 4.6205794602764286e+07 -1.2814636333036272e+08 -5.5549575101599216e+07
1.3686405153068714e+07 4.6207520437655389e+07 -1.2814584268893005e+08 -5.5549349491380684e+07
1.3686406153068714e+07 4.6209246265728116e+07 -1.2814532202827166e+08 -5.5549123872824423e+07
1.3686407153068714e+07 4.6210972086982198e+07 -1.2814480134838763e+08 -5.5548898245930448e+07
1.3686408153068714e+07 4.6212697901417382e+07 -1.2814428064927799e+08 -5.5548672610698804e+07
1.3686409153068714e+07 4.6214423709033422e+07 -1.2814375993094283e+08 -5.5548446967129514e+07
1.3686410153068714e+07 4.6216149509830020e+07 -1.2814323919338222e+08 -5.5548221315222599e+07
1.3686411153068714e+07 4.6217875303806953e+07 -1.2814271843659620e+08 -5.5547995654978074e+07
1.3686412153068714e+07 4.6219601090963937e+07 -1.2814219766058485e+08 -5.5547769986395977e+07
1.3686413153068714e+07 4.6221326871300712e+07 -1.2814167686534820e+08 -5.5547544309476338e+07
1.3686414153068714e+07 4.6223052644817039e+07 -1.2814115605088638e+08 -5.5547318624219179e+07
1.3686415153068714e+07 4.6224778411512643e+07 -1.2814063521719940e+08 -5.5547092930624522e+07
1.3686416153068714e+07 4.6226504171387248e+07 -1.2814011436428733e+08 -5.5546867228692405e+07
1.3686417153068714e+07 4.6228229924440615e+07 -1.2813959349215028e+08 -5.5546641518422842e+07
1.3686418153068714e+07 4.6229955670672484e+07 -1.2813907260078824e+08 -5.5546415799815863e+07
1.3686419153068714e+07 4.6231681410082594e+07 -1.2813855169020133e+08 -5.5546190072871491e+07
1.3686420153068714e+07 4.6233407142670661e+07 -1.2813803076038958e+08 -5.5545964337589756e+07
1.3686421153068714e+07 4.6235132868436456e+07 -1.2813750981135309e+08 -5.5545738593970686e+07
1.3686422153068714e+07 4.6236858587379694e+07 -1.2813698884309188e+08 -5.5545512842014298e+07
1.3686423153068714e+07 4.6238584299500130e+07 -1.2813646785560606e+08 -5.5545287081720635e+07
1.3686424153068714e+07 4.6240310004797503e+07 -1.2813594684889564e+08 -5.5545061313089713e+07
1.3686425153068714e+07 4.6242035703271545e+07 -1.2813542582296075e+08 -5.5544835536121547e+07
1.3686426153068714e+07 4.6243761394921996e+07 -1.2813490477780139e+08 -5.5544609750816174e+07
1.3686427153068714e+07 4.6245487079748601e+07 -1.2813438371341768e+08 -5.5544383957173623e+07
1.3686428153068714e+07 4.6247212757751100e+07 -1.2813386262980963e+08 -5.5544158155193925e+07
1.3686429153068714e+07 4.6248938428929217e+07 -1.2813334152697735e+08 -5.5543932344877087e+07
1.3686430153068714e+07 4.6250664093282714e+07 -1.2813282040492088e+08 -5.5543706526223153e+07
1.3686431153068714e+07 4.6252389750811324e+07 -1.2813229926364028e+08 -5.5543480699232139e+07
1.3686432153068714e+07 4.6254115401514776e+07 -1.2813177810313562e+08 -5.5543254863904074e+07
1.3686433153068714e+07 4.6255841045392826e+07 -1.2813125692340697e+08 -5.5543029020238988e+07
1.3686434153068714e+07 4.6257566682445191e+07 -1.2813073572445439e+08 -5.5542803168236904e+07
1.3686435153068714e+07 4.6259292312671617e+07 -1.2813021450627795e+08 -5.5542577307897843e+07
1.3686436153068714e+07 4.6261017936071858e+07 -1.2812969326887770e+08 -5.5542351439221852e+07
1.3686437153068714e+07 4.6262743552645661e+07 -1.2812917201225372e+08 -5.5542125562208921e+07
1.3686438153068714e+07 4.6264469162392728e+07 -1.2812865073640606e+08 -5.5541899676859103e+07
1.3686439153068714e+07 4.6266194765312836e+07 -1.2812812944133478e+08 -5.5541673783172414e+07
1.3686440153068714e+07 4.6267920361405700e+07 -1.2812760812703995e+08 -5.5541447881148897e+07
1.3686441153068714e+07 4.6269645950671062e+07 -1.2812708679352166e+08 -5.5541221970788561e+07
1.3686442153068714e+07 4.6271371533108681e+07 -1.2812656544077992e+08 -5.5540996052091435e+07
1.3686443153068714e+07 4.6273097108718276e+07 -1.2812604406881486e+08 -5.5540770125057533e+07
1.3686444153068714e+07 4.6274822677499592e+07 -1.2812552267762649e+08 -5.5540544189686909e+07
1.3686445153068714e+07 4.6276548239452370e+07 -1.2812500126721489e+08 -5.5540318245979577e+07
1.3686446153068714e+07 4.6278273794576347e+07 -1.2812447983758016e+08 -5.5540092293935552e+07
1.3686447153068714e+07 4.6279999342871279e+07 -1.2812395838872230e+08 -5.5539866333554864e+07
1.3686448153068714e+07 4.6281724884336881e+07 -1.2812343692064141e+08 -5.5539640364837550e+07
1.3686449153068714e+07 4.6283450418972902e+07 -1.2812291543333754e+08 -5.5539414387783639e+07
1.3686450153068714e+07 4.6285175946779087e+07 -1.2812239392681076e+08 -5.5539188402393140e+07
1.3686451153068714e+07 4.6286901467755169e+07 -1.2812187240106116e+08 -5.5538962408666082e+07
1.3686452153068714e+07 4.6288626981900893e+07 -1.2812135085608876e+08 -5.5538736406602509e+07
1.3686453153068714e+07 4.6290352489215985e+07 -1.2812082929189365e+08 -5.5538510396202423e+07
1.3686454153068714e+07 4.6292077989700198e+07 -1.2812030770847589e+08 -5.5538284377465874e+07
1.3686455153068714e+07 4.6293803483353272e+07 -1.2811978610583554e+08 -5.5538058350392863e+07
1.3686456153068714e+07 4.6295528970174946e+07 -1.2811926448397268e+08 -5.5537832314983450e+07
1.3686457153068714e+07 4.6297254450164944e+07 -1.2811874284288734e+08 -5.5537606271237619e+07
1.3686458153068714e+07 4.6298979923323028e+07 -1.2811822118257964e+08 -5.5537380219155431e+07
1.3686459153068714e+07 4.6300705389648922e+07 -1.2811769950304957e+08 -5.5537154158736899e+07
1.3686460153068714e+07 4.6302430849142373e+07 -1.2811717780429725e+08 -5.5536928089982040e+07
1.3686461153068714e+07 4.6304156301803119e+07 -1.2811665608632274e+08 -5.5536702012890890e+07
1.3686462153068714e+07 4.6305881747630894e+07 -1.2811613434912606e+08 -5.5536475927463479e+07
1.3686463153068714e+07 4.6307607186625436e+07 -1.2811561259270732e+08 -5.5536249833699830e+07
1.3686464153068714e+07 4.6309332618786491e+07 -1.2811509081706657e+08 -5.5536023731599964e+07
1.3686465153068714e+07 4.6311058044113807e+07 -1.2811456902220386e+08 -5.5535797621163920e+07
1.3686466153068714e+07 4.6312783462607108e+07 -1.2811404720811929e+08 -5.5535571502391703e+07
1.3686467153068714e+07 4.6314508874266133e+07 -1.2811352537481289e+08 -5.5535345375283360e+07
1.3686468153068714e+07 4.6316234279090643e+07 -1.2811300352228473e+08 -5.5535119239838906e+07
1.3686469153068714e+07 4.6317959677080348e+07 -1.2811248165053490e+08 -5.5534893096058376e+07
1.3686470153068714e+07 4.6319685068235010e+07 -1.2811195975956342e+08 -5.5534666943941779e+07
1.3686471153068714e+07 4.6321410452554360e+07 -1.2811143784937038e+08 -5.5534440783489160e+07
1.3686472153068714e+07 4.6323135830038130e+07 -1.2811091591995585e+08 -5.5534214614700533e+07
1.3686473153068714e+07 4.6324861200686075e+07 -1.2811039397131987e+08 -5.5533988437575936e+07
1.3686474153068714e+07 4.6326586564497918e+07 -1.2810987200346252e+08 -5.5533762252115376e+07
1.3686475153068714e+07 4.6328311921473414e+07 -1.2810935001638389e+08 -5.5533536058318898e+07
1.3686476153068714e+07 4.6330037271612294e+07 -1.2810882801008400e+08 -5.5533309856186524e+07
1.3686477153068714e+07 4.6331762614914298e+07 -1.2810830598456292e+08 -5.5533083645718277e+07
1.3686478153068714e+07 4.6333487951379173e+07 -1.2810778393982074e+08 -5.5532857426914178e+07
1.3686479153068714e+07 4.6335213281006642e+07 -1.2810726187585750e+08 -5.5532631199774265e+07
1.3686480153068714e+07 4.6336938603796452e+07 -1.2810673979267329e+08 -5.5532404964298561e+07
